  0
SECTION
  2
HEADER
  9
$ANGBASE
  50
0.0
  9
$ANGDIR
  70
1
  9
$MEASUREMENT
  70
1
  9
$INSUNITS
  70
4
  0
ENDSEC
  0
SECTION
  2
TABLES
  0
TABLE
  2
LTYPE
  70
4
  0
LTYPE
  5
40F
  2
CONTINUOUS
  70
0
  3
Solid line
  72
65
  73
0
  40
0.0
  0
LTYPE
  5
410
  2
DASHDOT
 70
0
  3
Dash Dot ____ _ ____ _
 72
65
 73
4
 40
2.0
 49
1.25
 49
-0.25
 49
0.25
 49
-0.25
  0
LTYPE
  5
411
  2
DASHED
 70
0
  3
Dashed __ __ __ __ __
 72
65
 73
2
 40
0.75
 49
0.5
 49
-0.25
  0
LTYPE
  5
43B
  2
DOTTED
 70
0
  3
Dotted .  .  .  .
 72
65
 73
2
 40
0.2
 49
0.0
 49
-0.2
  0
ENDTAB
  0
TABLE
  2
STYLE
  70
4
  0
STYLE
  2
KICAD
  70
0
  40
0
  41
1
  42
1
  50
0
  71
0
  3
isocp.shx
  0
STYLE
  2
KICADB
  70
0
  40
0
  41
1
  42
1
  50
0
  71
0
  3
isocp.shx
  0
STYLE
  2
KICADI
  70
0
  40
0
  41
1
  42
1
  50
15
  71
0
  3
isocp.shx
  0
STYLE
  2
KICADBI
  70
0
  40
0
  41
1
  42
1
  50
15
  71
0
  3
isocp.shx
  0
ENDTAB
  0
TABLE
  2
LAYER
  70
1
  0
LAYER
  2
Edge.Cuts
  70
0
  62
254
  420
13685453
  6
CONTINUOUS
  0
ENDTAB
  0
ENDSEC
  0
SECTION
  2
ENTITIES
0
LINE
8
Edge.Cuts
6
CONTINUOUS
10
-1.1030689999999999
20
-39.5330450000000013
11
-0.8851169999999999
21
-39.5914459999999977
0
LINE
8
Edge.Cuts
6
CONTINUOUS
10
-0.8851169999999999
20
-39.5914459999999977
11
-0.6766519999999999
21
-39.6777949999999962
0
LINE
8
Edge.Cuts
6
CONTINUOUS
10
-0.6766519999999999
20
-39.6777949999999962
11
-0.481241
21
-39.7906149999999954
0
LINE
8
Edge.Cuts
6
CONTINUOUS
10
-0.481241
20
-39.7906149999999954
11
-0.302228
21
-39.927976000000001
0
LINE
8
Edge.Cuts
6
CONTINUOUS
10
-0.302228
20
-39.927976000000001
11
-0.142676
21
-40.0875279999999989
0
LINE
8
Edge.Cuts
6
CONTINUOUS
10
-0.142676
20
-40.0875279999999989
11
-0.005315
21
-40.2665409999999966
0
LINE
8
Edge.Cuts
6
CONTINUOUS
10
-0.005315
20
-40.2665409999999966
11
0.107505
21
-40.4619519999999966
0
LINE
8
Edge.Cuts
6
CONTINUOUS
10
0.107505
20
-40.4619519999999966
11
0.193854
21
-40.6704170000000005
0
LINE
8
Edge.Cuts
6
CONTINUOUS
10
0.193854
20
-40.6704170000000005
11
0.252255
21
-40.8883689999999973
0
LINE
8
Edge.Cuts
6
CONTINUOUS
10
0.252255
20
-40.8883689999999973
11
0.281707
21
-41.1120799999999988
0
LINE
8
Edge.Cuts
6
CONTINUOUS
10
0.281707
20
-41.1120799999999988
11
0.281707
21
-41.3377199999999974
0
LINE
8
Edge.Cuts
6
CONTINUOUS
10
0.281707
20
-41.3377199999999974
11
0.252255
21
-41.5614309999999989
0
LINE
8
Edge.Cuts
6
CONTINUOUS
10
0.252255
20
-41.5614309999999989
11
0.193854
21
-41.7793829999999957
0
LINE
8
Edge.Cuts
6
CONTINUOUS
10
0.193854
20
-41.7793829999999957
11
0.107505
21
-41.9878479999999996
0
LINE
8
Edge.Cuts
6
CONTINUOUS
10
0.107505
20
-41.9878479999999996
11
-0.005315
21
-42.1832589999999996
0
LINE
8
Edge.Cuts
6
CONTINUOUS
10
-0.005315
20
-42.1832589999999996
11
-0.142676
21
-42.3622719999999973
0
LINE
8
Edge.Cuts
6
CONTINUOUS
10
-0.142676
20
-42.3622719999999973
11
-0.302228
21
-42.5218239999999952
0
LINE
8
Edge.Cuts
6
CONTINUOUS
10
-0.302228
20
-42.5218239999999952
11
-0.481241
21
-42.6591850000000008
0
LINE
8
Edge.Cuts
6
CONTINUOUS
10
-0.481241
20
-42.6591850000000008
11
-0.6766519999999999
21
-42.7720050000000001
0
LINE
8
Edge.Cuts
6
CONTINUOUS
10
-0.6766519999999999
20
-42.7720050000000001
11
-0.8851169999999999
21
-42.8583539999999985
0
LINE
8
Edge.Cuts
6
CONTINUOUS
10
-0.8851169999999999
20
-42.8583539999999985
11
-1.1030689999999999
21
-42.9167549999999949
0
LINE
8
Edge.Cuts
6
CONTINUOUS
10
-1.1030689999999999
20
-42.9167549999999949
11
-1.3267799999999998
21
-42.9462070000000011
0
LINE
8
Edge.Cuts
6
CONTINUOUS
10
-1.3267799999999998
20
-42.9462070000000011
11
-1.5524199999999999
21
-42.9462070000000011
0
LINE
8
Edge.Cuts
6
CONTINUOUS
10
-1.5524199999999999
20
-42.9462070000000011
11
-1.7761309999999999
21
-42.9167549999999949
0
LINE
8
Edge.Cuts
6
CONTINUOUS
10
-1.7761309999999999
20
-42.9167549999999949
11
-1.9940829999999998
21
-42.8583539999999985
0
LINE
8
Edge.Cuts
6
CONTINUOUS
10
-1.9940829999999998
20
-42.8583539999999985
11
-2.2025479999999997
21
-42.7720050000000001
0
LINE
8
Edge.Cuts
6
CONTINUOUS
10
-2.2025479999999997
20
-42.7720050000000001
11
-2.3979589999999997
21
-42.6591850000000008
0
LINE
8
Edge.Cuts
6
CONTINUOUS
10
-2.3979589999999997
20
-42.6591850000000008
11
-2.576972
21
-42.5218239999999952
0
LINE
8
Edge.Cuts
6
CONTINUOUS
10
-2.576972
20
-42.5218239999999952
11
-2.7365239999999997
21
-42.3622719999999973
0
LINE
8
Edge.Cuts
6
CONTINUOUS
10
-2.7365239999999997
20
-42.3622719999999973
11
-2.873885
21
-42.1832589999999996
0
LINE
8
Edge.Cuts
6
CONTINUOUS
10
-2.873885
20
-42.1832589999999996
11
-2.9867049999999997
21
-41.9878479999999996
0
LINE
8
Edge.Cuts
6
CONTINUOUS
10
-2.9867049999999997
20
-41.9878479999999996
11
-3.073054
21
-41.7793829999999957
0
LINE
8
Edge.Cuts
6
CONTINUOUS
10
-3.073054
20
-41.7793829999999957
11
-3.1314549999999999
21
-41.5614309999999989
0
LINE
8
Edge.Cuts
6
CONTINUOUS
10
-3.1314549999999999
20
-41.5614309999999989
11
-3.1609069999999999
21
-41.3377199999999974
0
LINE
8
Edge.Cuts
6
CONTINUOUS
10
-3.1609069999999999
20
-41.3377199999999974
11
-3.1609069999999999
21
-41.1151149999999959
0
LINE
8
Edge.Cuts
6
CONTINUOUS
10
-3.1609069999999999
20
-41.1151149999999959
11
-3.1609069999999999
21
-41.1120799999999988
0
LINE
8
Edge.Cuts
6
CONTINUOUS
10
-3.1609069999999999
20
-41.1120799999999988
11
-3.1314549999999999
21
-40.8883689999999973
0
LINE
8
Edge.Cuts
6
CONTINUOUS
10
-3.1314549999999999
20
-40.8883689999999973
11
-3.073054
21
-40.6704170000000005
0
LINE
8
Edge.Cuts
6
CONTINUOUS
10
-3.073054
20
-40.6704170000000005
11
-2.9867049999999997
21
-40.4619519999999966
0
LINE
8
Edge.Cuts
6
CONTINUOUS
10
-2.9867049999999997
20
-40.4619519999999966
11
-2.873885
21
-40.2665409999999966
0
LINE
8
Edge.Cuts
6
CONTINUOUS
10
-2.873885
20
-40.2665409999999966
11
-2.7365239999999997
21
-40.0875279999999989
0
LINE
8
Edge.Cuts
6
CONTINUOUS
10
-2.7365239999999997
20
-40.0875279999999989
11
-2.576972
21
-39.927976000000001
0
LINE
8
Edge.Cuts
6
CONTINUOUS
10
-2.576972
20
-39.927976000000001
11
-2.3979589999999997
21
-39.7906149999999954
0
LINE
8
Edge.Cuts
6
CONTINUOUS
10
-2.3979589999999997
20
-39.7906149999999954
11
-2.2025479999999997
21
-39.6777949999999962
0
LINE
8
Edge.Cuts
6
CONTINUOUS
10
-2.2025479999999997
20
-39.6777949999999962
11
-1.9940829999999998
21
-39.5914459999999977
0
LINE
8
Edge.Cuts
6
CONTINUOUS
10
-1.9940829999999998
20
-39.5914459999999977
11
-1.7761309999999999
21
-39.5330450000000013
0
LINE
8
Edge.Cuts
6
CONTINUOUS
10
-1.7761309999999999
20
-39.5330450000000013
11
-1.5524199999999999
21
-39.5035929999999951
0
LINE
8
Edge.Cuts
6
CONTINUOUS
10
-1.5524199999999999
20
-39.5035929999999951
11
-1.3267799999999998
21
-39.5035929999999951
0
LINE
8
Edge.Cuts
6
CONTINUOUS
10
-1.3267799999999998
20
-39.5035929999999951
11
-1.1030689999999999
21
-39.5330450000000013
0
LINE
8
Edge.Cuts
6
CONTINUOUS
10
-3.1145999999999998
20
-41.3346850000000003
11
-3.0859399999999999
21
-41.5523769999999999
0
LINE
8
Edge.Cuts
6
CONTINUOUS
10
-3.0859399999999999
20
-41.5523769999999999
11
-3.0291109999999999
21
-41.7644659999999988
0
LINE
8
Edge.Cuts
6
CONTINUOUS
10
-3.0291109999999999
20
-41.7644659999999988
11
-2.9450849999999997
21
-41.9673230000000004
0
LINE
8
Edge.Cuts
6
CONTINUOUS
10
-2.9450849999999997
20
-41.9673230000000004
11
-2.8352999999999997
21
-42.1574770000000001
0
LINE
8
Edge.Cuts
6
CONTINUOUS
10
-2.8352999999999997
20
-42.1574770000000001
11
-2.7016339999999999
21
-42.3316739999999996
0
LINE
8
Edge.Cuts
6
CONTINUOUS
10
-2.7016339999999999
20
-42.3316739999999996
11
-2.5463739999999997
21
-42.486933999999998
0
LINE
8
Edge.Cuts
6
CONTINUOUS
10
-2.5463739999999997
20
-42.486933999999998
11
-2.3721769999999998
21
-42.620599999999996
0
LINE
8
Edge.Cuts
6
CONTINUOUS
10
-2.3721769999999998
20
-42.620599999999996
11
-2.182023
21
-42.7303849999999983
0
LINE
8
Edge.Cuts
6
CONTINUOUS
10
-2.182023
20
-42.7303849999999983
11
-1.979166
21
-42.8144109999999998
0
LINE
8
Edge.Cuts
6
CONTINUOUS
10
-1.979166
20
-42.8144109999999998
11
-1.767077
21
-42.8712400000000002
0
LINE
8
Edge.Cuts
6
CONTINUOUS
10
-1.767077
20
-42.8712400000000002
11
-1.549385
21
-42.8998999999999953
0
LINE
8
Edge.Cuts
6
CONTINUOUS
10
-1.549385
20
-42.8998999999999953
11
-1.329815
21
-42.8998999999999953
0
LINE
8
Edge.Cuts
6
CONTINUOUS
10
-1.329815
20
-42.8998999999999953
11
-1.112123
21
-42.8712400000000002
0
LINE
8
Edge.Cuts
6
CONTINUOUS
10
-1.112123
20
-42.8712400000000002
11
-0.900034
21
-42.8144109999999998
0
LINE
8
Edge.Cuts
6
CONTINUOUS
10
-0.900034
20
-42.8144109999999998
11
-0.6971769999999999
21
-42.7303849999999983
0
LINE
8
Edge.Cuts
6
CONTINUOUS
10
-0.6971769999999999
20
-42.7303849999999983
11
-0.507023
21
-42.620599999999996
0
LINE
8
Edge.Cuts
6
CONTINUOUS
10
-0.507023
20
-42.620599999999996
11
-0.332826
21
-42.486933999999998
0
LINE
8
Edge.Cuts
6
CONTINUOUS
10
-0.332826
20
-42.486933999999998
11
-0.177566
21
-42.3316739999999996
0
LINE
8
Edge.Cuts
6
CONTINUOUS
10
-0.177566
20
-42.3316739999999996
11
-0.0439
21
-42.1574770000000001
0
LINE
8
Edge.Cuts
6
CONTINUOUS
10
-0.0439
20
-42.1574770000000001
11
0.065885
21
-41.9673230000000004
0
LINE
8
Edge.Cuts
6
CONTINUOUS
10
0.065885
20
-41.9673230000000004
11
0.149911
21
-41.7644659999999988
0
LINE
8
Edge.Cuts
6
CONTINUOUS
10
0.149911
20
-41.7644659999999988
11
0.20674
21
-41.5523769999999999
0
LINE
8
Edge.Cuts
6
CONTINUOUS
10
0.20674
20
-41.5523769999999999
11
0.2354
21
-41.3346850000000003
0
LINE
8
Edge.Cuts
6
CONTINUOUS
10
0.2354
20
-41.3346850000000003
11
0.2354
21
-41.1151149999999959
0
LINE
8
Edge.Cuts
6
CONTINUOUS
10
0.2354
20
-41.1151149999999959
11
0.20674
21
-40.8974229999999963
0
LINE
8
Edge.Cuts
6
CONTINUOUS
10
0.20674
20
-40.8974229999999963
11
0.149911
21
-40.6853339999999974
0
LINE
8
Edge.Cuts
6
CONTINUOUS
10
0.149911
20
-40.6853339999999974
11
0.065885
21
-40.4824769999999958
0
LINE
8
Edge.Cuts
6
CONTINUOUS
10
0.065885
20
-40.4824769999999958
11
-0.0439
21
-40.2923229999999961
0
LINE
8
Edge.Cuts
6
CONTINUOUS
10
-0.0439
20
-40.2923229999999961
11
-0.177566
21
-40.1181259999999966
0
LINE
8
Edge.Cuts
6
CONTINUOUS
10
-0.177566
20
-40.1181259999999966
11
-0.332826
21
-39.9628659999999982
0
LINE
8
Edge.Cuts
6
CONTINUOUS
10
-0.332826
20
-39.9628659999999982
11
-0.507023
21
-39.8292000000000002
0
LINE
8
Edge.Cuts
6
CONTINUOUS
10
-0.507023
20
-39.8292000000000002
11
-0.6971769999999999
21
-39.7194149999999979
0
LINE
8
Edge.Cuts
6
CONTINUOUS
10
-0.6971769999999999
20
-39.7194149999999979
11
-0.900034
21
-39.6353889999999964
0
LINE
8
Edge.Cuts
6
CONTINUOUS
10
-0.900034
20
-39.6353889999999964
11
-1.112123
21
-39.578559999999996
0
LINE
8
Edge.Cuts
6
CONTINUOUS
10
-1.112123
20
-39.578559999999996
11
-1.329815
21
-39.5499000000000009
0
LINE
8
Edge.Cuts
6
CONTINUOUS
10
-1.329815
20
-39.5499000000000009
11
-1.549385
21
-39.5499000000000009
0
LINE
8
Edge.Cuts
6
CONTINUOUS
10
-1.549385
20
-39.5499000000000009
11
-1.767077
21
-39.578559999999996
0
LINE
8
Edge.Cuts
6
CONTINUOUS
10
-1.767077
20
-39.578559999999996
11
-1.979166
21
-39.6353889999999964
0
LINE
8
Edge.Cuts
6
CONTINUOUS
10
-1.979166
20
-39.6353889999999964
11
-2.182023
21
-39.7194149999999979
0
LINE
8
Edge.Cuts
6
CONTINUOUS
10
-2.182023
20
-39.7194149999999979
11
-2.3721769999999998
21
-39.8292000000000002
0
LINE
8
Edge.Cuts
6
CONTINUOUS
10
-2.3721769999999998
20
-39.8292000000000002
11
-2.5463739999999997
21
-39.9628659999999982
0
LINE
8
Edge.Cuts
6
CONTINUOUS
10
-2.5463739999999997
20
-39.9628659999999982
11
-2.7016339999999999
21
-40.1181259999999966
0
LINE
8
Edge.Cuts
6
CONTINUOUS
10
-2.7016339999999999
20
-40.1181259999999966
11
-2.8352999999999997
21
-40.2923229999999961
0
LINE
8
Edge.Cuts
6
CONTINUOUS
10
-2.8352999999999997
20
-40.2923229999999961
11
-2.9450849999999997
21
-40.4824769999999958
0
LINE
8
Edge.Cuts
6
CONTINUOUS
10
-2.9450849999999997
20
-40.4824769999999958
11
-3.0291109999999999
21
-40.6853339999999974
0
LINE
8
Edge.Cuts
6
CONTINUOUS
10
-3.0291109999999999
20
-40.6853339999999974
11
-3.0859399999999999
21
-40.8974229999999963
0
LINE
8
Edge.Cuts
6
CONTINUOUS
10
-3.0859399999999999
20
-40.8974229999999963
11
-3.1145999999999998
21
-41.1151149999999959
0
LINE
8
Edge.Cuts
6
CONTINUOUS
10
-3.1145999999999998
20
-41.1151149999999959
11
-3.1145999999999998
21
-41.3346850000000003
0
LINE
8
Edge.Cuts
6
CONTINUOUS
10
-22.7301690000000001
20
-32.505944999999997
11
-22.5122169999999997
21
-32.5643460000000005
0
LINE
8
Edge.Cuts
6
CONTINUOUS
10
-22.5122169999999997
20
-32.5643460000000005
11
-22.3037519999999994
21
-32.6506949999999989
0
LINE
8
Edge.Cuts
6
CONTINUOUS
10
-22.3037519999999994
20
-32.6506949999999989
11
-22.1083409999999994
21
-32.7635149999999982
0
LINE
8
Edge.Cuts
6
CONTINUOUS
10
-22.1083409999999994
20
-32.7635149999999982
11
-21.9293279999999982
21
-32.9008759999999967
0
LINE
8
Edge.Cuts
6
CONTINUOUS
10
-21.9293279999999982
20
-32.9008759999999967
11
-21.7697760000000002
21
-33.0604280000000017
0
LINE
8
Edge.Cuts
6
CONTINUOUS
10
-21.7697760000000002
20
-33.0604280000000017
11
-21.6324149999999982
21
-33.2394409999999993
0
LINE
8
Edge.Cuts
6
CONTINUOUS
10
-21.6324149999999982
20
-33.2394409999999993
11
-21.5195949999999989
21
-33.4348519999999994
0
LINE
8
Edge.Cuts
6
CONTINUOUS
10
-21.5195949999999989
20
-33.4348519999999994
11
-21.4332460000000005
21
-33.6433169999999961
0
LINE
8
Edge.Cuts
6
CONTINUOUS
10
-21.4332460000000005
20
-33.6433169999999961
11
-21.3748450000000005
21
-33.8612690000000001
0
LINE
8
Edge.Cuts
6
CONTINUOUS
10
-21.3748450000000005
20
-33.8612690000000001
11
-21.3453929999999978
21
-34.0849800000000016
0
LINE
8
Edge.Cuts
6
CONTINUOUS
10
-21.3453929999999978
20
-34.0849800000000016
11
-21.3453929999999978
21
-34.3106200000000001
0
LINE
8
Edge.Cuts
6
CONTINUOUS
10
-21.3453929999999978
20
-34.3106200000000001
11
-21.3748450000000005
21
-34.5343310000000017
0
LINE
8
Edge.Cuts
6
CONTINUOUS
10
-21.3748450000000005
20
-34.5343310000000017
11
-21.4332460000000005
21
-34.7522829999999985
0
LINE
8
Edge.Cuts
6
CONTINUOUS
10
-21.4332460000000005
20
-34.7522829999999985
11
-21.5195949999999989
21
-34.9607479999999953
0
LINE
8
Edge.Cuts
6
CONTINUOUS
10
-21.5195949999999989
20
-34.9607479999999953
11
-21.6324149999999982
21
-35.1561589999999953
0
LINE
8
Edge.Cuts
6
CONTINUOUS
10
-21.6324149999999982
20
-35.1561589999999953
11
-21.7697760000000002
21
-35.335172
0
LINE
8
Edge.Cuts
6
CONTINUOUS
10
-21.7697760000000002
20
-35.335172
11
-21.9293279999999982
21
-35.4947239999999979
0
LINE
8
Edge.Cuts
6
CONTINUOUS
10
-21.9293279999999982
20
-35.4947239999999979
11
-22.1083409999999994
21
-35.6320849999999965
0
LINE
8
Edge.Cuts
6
CONTINUOUS
10
-22.1083409999999994
20
-35.6320849999999965
11
-22.3037519999999994
21
-35.7449049999999957
0
LINE
8
Edge.Cuts
6
CONTINUOUS
10
-22.3037519999999994
20
-35.7449049999999957
11
-22.5122169999999997
21
-35.8312540000000013
0
LINE
8
Edge.Cuts
6
CONTINUOUS
10
-22.5122169999999997
20
-35.8312540000000013
11
-22.7301690000000001
21
-35.8896549999999976
0
LINE
8
Edge.Cuts
6
CONTINUOUS
10
-22.7301690000000001
20
-35.8896549999999976
11
-22.9538799999999981
21
-35.9191069999999968
0
LINE
8
Edge.Cuts
6
CONTINUOUS
10
-22.9538799999999981
20
-35.9191069999999968
11
-23.1795200000000001
21
-35.9191069999999968
0
LINE
8
Edge.Cuts
6
CONTINUOUS
10
-23.1795200000000001
20
-35.9191069999999968
11
-23.4032309999999981
21
-35.8896549999999976
0
LINE
8
Edge.Cuts
6
CONTINUOUS
10
-23.4032309999999981
20
-35.8896549999999976
11
-23.6211829999999985
21
-35.8312540000000013
0
LINE
8
Edge.Cuts
6
CONTINUOUS
10
-23.6211829999999985
20
-35.8312540000000013
11
-23.8296479999999988
21
-35.7449049999999957
0
LINE
8
Edge.Cuts
6
CONTINUOUS
10
-23.8296479999999988
20
-35.7449049999999957
11
-24.0250589999999988
21
-35.6320849999999965
0
LINE
8
Edge.Cuts
6
CONTINUOUS
10
-24.0250589999999988
20
-35.6320849999999965
11
-24.204072
21
-35.4947239999999979
0
LINE
8
Edge.Cuts
6
CONTINUOUS
10
-24.204072
20
-35.4947239999999979
11
-24.3636239999999979
21
-35.335172
0
LINE
8
Edge.Cuts
6
CONTINUOUS
10
-24.3636239999999979
20
-35.335172
11
-24.500985
21
-35.1561589999999953
0
LINE
8
Edge.Cuts
6
CONTINUOUS
10
-24.500985
20
-35.1561589999999953
11
-24.6138049999999993
21
-34.9607479999999953
0
LINE
8
Edge.Cuts
6
CONTINUOUS
10
-24.6138049999999993
20
-34.9607479999999953
11
-24.7001539999999977
21
-34.7522829999999985
0
LINE
8
Edge.Cuts
6
CONTINUOUS
10
-24.7001539999999977
20
-34.7522829999999985
11
-24.7585549999999976
21
-34.5343310000000017
0
LINE
8
Edge.Cuts
6
CONTINUOUS
10
-24.7585549999999976
20
-34.5343310000000017
11
-24.7880070000000003
21
-34.3106200000000001
0
LINE
8
Edge.Cuts
6
CONTINUOUS
10
-24.7880070000000003
20
-34.3106200000000001
11
-24.7880070000000003
21
-34.0880149999999986
0
LINE
8
Edge.Cuts
6
CONTINUOUS
10
-24.7880070000000003
20
-34.0880149999999986
11
-24.7880070000000003
21
-34.0849800000000016
0
LINE
8
Edge.Cuts
6
CONTINUOUS
10
-24.7880070000000003
20
-34.0849800000000016
11
-24.7585549999999976
21
-33.8612690000000001
0
LINE
8
Edge.Cuts
6
CONTINUOUS
10
-24.7585549999999976
20
-33.8612690000000001
11
-24.7001539999999977
21
-33.6433169999999961
0
LINE
8
Edge.Cuts
6
CONTINUOUS
10
-24.7001539999999977
20
-33.6433169999999961
11
-24.6138049999999993
21
-33.4348519999999994
0
LINE
8
Edge.Cuts
6
CONTINUOUS
10
-24.6138049999999993
20
-33.4348519999999994
11
-24.500985
21
-33.2394409999999993
0
LINE
8
Edge.Cuts
6
CONTINUOUS
10
-24.500985
20
-33.2394409999999993
11
-24.3636239999999979
21
-33.0604280000000017
0
LINE
8
Edge.Cuts
6
CONTINUOUS
10
-24.3636239999999979
20
-33.0604280000000017
11
-24.204072
21
-32.9008759999999967
0
LINE
8
Edge.Cuts
6
CONTINUOUS
10
-24.204072
20
-32.9008759999999967
11
-24.0250589999999988
21
-32.7635149999999982
0
LINE
8
Edge.Cuts
6
CONTINUOUS
10
-24.0250589999999988
20
-32.7635149999999982
11
-23.8296479999999988
21
-32.6506949999999989
0
LINE
8
Edge.Cuts
6
CONTINUOUS
10
-23.8296479999999988
20
-32.6506949999999989
11
-23.6211829999999985
21
-32.5643460000000005
0
LINE
8
Edge.Cuts
6
CONTINUOUS
10
-23.6211829999999985
20
-32.5643460000000005
11
-23.4032309999999981
21
-32.505944999999997
0
LINE
8
Edge.Cuts
6
CONTINUOUS
10
-23.4032309999999981
20
-32.505944999999997
11
-23.1795200000000001
21
-32.4764929999999978
0
LINE
8
Edge.Cuts
6
CONTINUOUS
10
-23.1795200000000001
20
-32.4764929999999978
11
-22.9538799999999981
21
-32.4764929999999978
0
LINE
8
Edge.Cuts
6
CONTINUOUS
10
-22.9538799999999981
20
-32.4764929999999978
11
-22.7301690000000001
21
-32.505944999999997
0
LINE
8
Edge.Cuts
6
CONTINUOUS
10
-24.741699999999998
20
-34.307584999999996
11
-24.7130399999999995
21
-34.5252769999999956
0
LINE
8
Edge.Cuts
6
CONTINUOUS
10
-24.7130399999999995
20
-34.5252769999999956
11
-24.656210999999999
21
-34.7373660000000015
0
LINE
8
Edge.Cuts
6
CONTINUOUS
10
-24.656210999999999
20
-34.7373660000000015
11
-24.5721849999999975
21
-34.940222999999996
0
LINE
8
Edge.Cuts
6
CONTINUOUS
10
-24.5721849999999975
20
-34.940222999999996
11
-24.4623999999999988
21
-35.1303769999999957
0
LINE
8
Edge.Cuts
6
CONTINUOUS
10
-24.4623999999999988
20
-35.1303769999999957
11
-24.3287339999999972
21
-35.3045739999999952
0
LINE
8
Edge.Cuts
6
CONTINUOUS
10
-24.3287339999999972
20
-35.3045739999999952
11
-24.1734739999999988
21
-35.4598340000000007
0
LINE
8
Edge.Cuts
6
CONTINUOUS
10
-24.1734739999999988
20
-35.4598340000000007
11
-23.9992769999999993
21
-35.5934999999999988
0
LINE
8
Edge.Cuts
6
CONTINUOUS
10
-23.9992769999999993
20
-35.5934999999999988
11
-23.8091229999999996
21
-35.703285000000001
0
LINE
8
Edge.Cuts
6
CONTINUOUS
10
-23.8091229999999996
20
-35.703285000000001
11
-23.606265999999998
21
-35.7873109999999954
0
LINE
8
Edge.Cuts
6
CONTINUOUS
10
-23.606265999999998
20
-35.7873109999999954
11
-23.3941769999999991
21
-35.8441399999999959
0
LINE
8
Edge.Cuts
6
CONTINUOUS
10
-23.3941769999999991
20
-35.8441399999999959
11
-23.1764849999999996
21
-35.872799999999998
0
LINE
8
Edge.Cuts
6
CONTINUOUS
10
-23.1764849999999996
20
-35.872799999999998
11
-22.9569149999999986
21
-35.872799999999998
0
LINE
8
Edge.Cuts
6
CONTINUOUS
10
-22.9569149999999986
20
-35.872799999999998
11
-22.7392229999999991
21
-35.8441399999999959
0
LINE
8
Edge.Cuts
6
CONTINUOUS
10
-22.7392229999999991
20
-35.8441399999999959
11
-22.5271340000000002
21
-35.7873109999999954
0
LINE
8
Edge.Cuts
6
CONTINUOUS
10
-22.5271340000000002
20
-35.7873109999999954
11
-22.3242769999999986
21
-35.703285000000001
0
LINE
8
Edge.Cuts
6
CONTINUOUS
10
-22.3242769999999986
20
-35.703285000000001
11
-22.1341229999999989
21
-35.5934999999999988
0
LINE
8
Edge.Cuts
6
CONTINUOUS
10
-22.1341229999999989
20
-35.5934999999999988
11
-21.9599259999999994
21
-35.4598340000000007
0
LINE
8
Edge.Cuts
6
CONTINUOUS
10
-21.9599259999999994
20
-35.4598340000000007
11
-21.8046659999999974
21
-35.3045739999999952
0
LINE
8
Edge.Cuts
6
CONTINUOUS
10
-21.8046659999999974
20
-35.3045739999999952
11
-21.6709999999999994
21
-35.1303769999999957
0
LINE
8
Edge.Cuts
6
CONTINUOUS
10
-21.6709999999999994
20
-35.1303769999999957
11
-21.5612150000000007
21
-34.940222999999996
0
LINE
8
Edge.Cuts
6
CONTINUOUS
10
-21.5612150000000007
20
-34.940222999999996
11
-21.4771889999999992
21
-34.7373660000000015
0
LINE
8
Edge.Cuts
6
CONTINUOUS
10
-21.4771889999999992
20
-34.7373660000000015
11
-21.4203599999999987
21
-34.5252769999999956
0
LINE
8
Edge.Cuts
6
CONTINUOUS
10
-21.4203599999999987
20
-34.5252769999999956
11
-21.3917000000000002
21
-34.307584999999996
0
LINE
8
Edge.Cuts
6
CONTINUOUS
10
-21.3917000000000002
20
-34.307584999999996
11
-21.3917000000000002
21
-34.0880149999999986
0
LINE
8
Edge.Cuts
6
CONTINUOUS
10
-21.3917000000000002
20
-34.0880149999999986
11
-21.4203599999999987
21
-33.8703229999999991
0
LINE
8
Edge.Cuts
6
CONTINUOUS
10
-21.4203599999999987
20
-33.8703229999999991
11
-21.4771889999999992
21
-33.6582340000000002
0
LINE
8
Edge.Cuts
6
CONTINUOUS
10
-21.4771889999999992
20
-33.6582340000000002
11
-21.5612150000000007
21
-33.4553769999999986
0
LINE
8
Edge.Cuts
6
CONTINUOUS
10
-21.5612150000000007
20
-33.4553769999999986
11
-21.6709999999999994
21
-33.2652229999999989
0
LINE
8
Edge.Cuts
6
CONTINUOUS
10
-21.6709999999999994
20
-33.2652229999999989
11
-21.8046659999999974
21
-33.0910259999999994
0
LINE
8
Edge.Cuts
6
CONTINUOUS
10
-21.8046659999999974
20
-33.0910259999999994
11
-21.9599259999999994
21
-32.935766000000001
0
LINE
8
Edge.Cuts
6
CONTINUOUS
10
-21.9599259999999994
20
-32.935766000000001
11
-22.1341229999999989
21
-32.8020999999999958
0
LINE
8
Edge.Cuts
6
CONTINUOUS
10
-22.1341229999999989
20
-32.8020999999999958
11
-22.3242769999999986
21
-32.6923150000000007
0
LINE
8
Edge.Cuts
6
CONTINUOUS
10
-22.3242769999999986
20
-32.6923150000000007
11
-22.5271340000000002
21
-32.6082889999999992
0
LINE
8
Edge.Cuts
6
CONTINUOUS
10
-22.5271340000000002
20
-32.6082889999999992
11
-22.7392229999999991
21
-32.5514599999999987
0
LINE
8
Edge.Cuts
6
CONTINUOUS
10
-22.7392229999999991
20
-32.5514599999999987
11
-22.9569149999999986
21
-32.5227999999999966
0
LINE
8
Edge.Cuts
6
CONTINUOUS
10
-22.9569149999999986
20
-32.5227999999999966
11
-23.1764849999999996
21
-32.5227999999999966
0
LINE
8
Edge.Cuts
6
CONTINUOUS
10
-23.1764849999999996
20
-32.5227999999999966
11
-23.3941769999999991
21
-32.5514599999999987
0
LINE
8
Edge.Cuts
6
CONTINUOUS
10
-23.3941769999999991
20
-32.5514599999999987
11
-23.606265999999998
21
-32.6082889999999992
0
LINE
8
Edge.Cuts
6
CONTINUOUS
10
-23.606265999999998
20
-32.6082889999999992
11
-23.8091229999999996
21
-32.6923150000000007
0
LINE
8
Edge.Cuts
6
CONTINUOUS
10
-23.8091229999999996
20
-32.6923150000000007
11
-23.9992769999999993
21
-32.8020999999999958
0
LINE
8
Edge.Cuts
6
CONTINUOUS
10
-23.9992769999999993
20
-32.8020999999999958
11
-24.1734739999999988
21
-32.935766000000001
0
LINE
8
Edge.Cuts
6
CONTINUOUS
10
-24.1734739999999988
20
-32.935766000000001
11
-24.3287339999999972
21
-33.0910259999999994
0
LINE
8
Edge.Cuts
6
CONTINUOUS
10
-24.3287339999999972
20
-33.0910259999999994
11
-24.4623999999999988
21
-33.2652229999999989
0
LINE
8
Edge.Cuts
6
CONTINUOUS
10
-24.4623999999999988
20
-33.2652229999999989
11
-24.5721849999999975
21
-33.4553769999999986
0
LINE
8
Edge.Cuts
6
CONTINUOUS
10
-24.5721849999999975
20
-33.4553769999999986
11
-24.656210999999999
21
-33.6582340000000002
0
LINE
8
Edge.Cuts
6
CONTINUOUS
10
-24.656210999999999
20
-33.6582340000000002
11
-24.7130399999999995
21
-33.8703229999999991
0
LINE
8
Edge.Cuts
6
CONTINUOUS
10
-24.7130399999999995
20
-33.8703229999999991
11
-24.741699999999998
21
-34.0880149999999986
0
LINE
8
Edge.Cuts
6
CONTINUOUS
10
-24.741699999999998
20
-34.0880149999999986
11
-24.741699999999998
21
-34.307584999999996
0
LINE
8
Edge.Cuts
6
CONTINUOUS
10
25.732530999999998
20
-30.8135449999999977
11
25.9504829999999984
21
-30.8719459999999977
0
LINE
8
Edge.Cuts
6
CONTINUOUS
10
25.9504829999999984
20
-30.8719459999999977
11
26.1589479999999988
21
-30.9582949999999997
0
LINE
8
Edge.Cuts
6
CONTINUOUS
10
26.1589479999999988
20
-30.9582949999999997
11
26.3543589999999988
21
-31.0711149999999989
0
LINE
8
Edge.Cuts
6
CONTINUOUS
10
26.3543589999999988
20
-31.0711149999999989
11
26.533372
21
-31.2084759999999974
0
LINE
8
Edge.Cuts
6
CONTINUOUS
10
26.533372
20
-31.2084759999999974
11
26.6929239999999979
21
-31.3680279999999989
0
LINE
8
Edge.Cuts
6
CONTINUOUS
10
26.6929239999999979
20
-31.3680279999999989
11
26.8302849999999999
21
-31.5470410000000001
0
LINE
8
Edge.Cuts
6
CONTINUOUS
10
26.8302849999999999
20
-31.5470410000000001
11
26.9431049999999992
21
-31.7424520000000001
0
LINE
8
Edge.Cuts
6
CONTINUOUS
10
26.9431049999999992
20
-31.7424520000000001
11
27.0294539999999976
21
-31.9509169999999969
0
LINE
8
Edge.Cuts
6
CONTINUOUS
10
27.0294539999999976
20
-31.9509169999999969
11
27.0878549999999976
21
-32.1688690000000008
0
LINE
8
Edge.Cuts
6
CONTINUOUS
10
27.0878549999999976
20
-32.1688690000000008
11
27.1173070000000003
21
-32.3925799999999953
0
LINE
8
Edge.Cuts
6
CONTINUOUS
10
27.1173070000000003
20
-32.3925799999999953
11
27.1173070000000003
21
-32.6182200000000009
0
LINE
8
Edge.Cuts
6
CONTINUOUS
10
27.1173070000000003
20
-32.6182200000000009
11
27.0878549999999976
21
-32.8419309999999953
0
LINE
8
Edge.Cuts
6
CONTINUOUS
10
27.0878549999999976
20
-32.8419309999999953
11
27.0294539999999976
21
-33.0598829999999992
0
LINE
8
Edge.Cuts
6
CONTINUOUS
10
27.0294539999999976
20
-33.0598829999999992
11
26.9431049999999992
21
-33.268347999999996
0
LINE
8
Edge.Cuts
6
CONTINUOUS
10
26.9431049999999992
20
-33.268347999999996
11
26.8302849999999999
21
-33.463758999999996
0
LINE
8
Edge.Cuts
6
CONTINUOUS
10
26.8302849999999999
20
-33.463758999999996
11
26.6929239999999979
21
-33.6427720000000008
0
LINE
8
Edge.Cuts
6
CONTINUOUS
10
26.6929239999999979
20
-33.6427720000000008
11
26.533372
21
-33.8023239999999987
0
LINE
8
Edge.Cuts
6
CONTINUOUS
10
26.533372
20
-33.8023239999999987
11
26.3543589999999988
21
-33.9396849999999972
0
LINE
8
Edge.Cuts
6
CONTINUOUS
10
26.3543589999999988
20
-33.9396849999999972
11
26.1589479999999988
21
-34.0525049999999965
0
LINE
8
Edge.Cuts
6
CONTINUOUS
10
26.1589479999999988
20
-34.0525049999999965
11
25.9504829999999984
21
-34.1388539999999949
0
LINE
8
Edge.Cuts
6
CONTINUOUS
10
25.9504829999999984
20
-34.1388539999999949
11
25.732530999999998
21
-34.1972549999999984
0
LINE
8
Edge.Cuts
6
CONTINUOUS
10
25.732530999999998
20
-34.1972549999999984
11
25.5088200000000001
21
-34.2267069999999975
0
LINE
8
Edge.Cuts
6
CONTINUOUS
10
25.5088200000000001
20
-34.2267069999999975
11
25.283179999999998
21
-34.2267069999999975
0
LINE
8
Edge.Cuts
6
CONTINUOUS
10
25.283179999999998
20
-34.2267069999999975
11
25.059469
21
-34.1972549999999984
0
LINE
8
Edge.Cuts
6
CONTINUOUS
10
25.059469
20
-34.1972549999999984
11
24.8415169999999996
21
-34.1388539999999949
0
LINE
8
Edge.Cuts
6
CONTINUOUS
10
24.8415169999999996
20
-34.1388539999999949
11
24.6330519999999993
21
-34.0525049999999965
0
LINE
8
Edge.Cuts
6
CONTINUOUS
10
24.6330519999999993
20
-34.0525049999999965
11
24.4376409999999993
21
-33.9396849999999972
0
LINE
8
Edge.Cuts
6
CONTINUOUS
10
24.4376409999999993
20
-33.9396849999999972
11
24.2586279999999981
21
-33.8023239999999987
0
LINE
8
Edge.Cuts
6
CONTINUOUS
10
24.2586279999999981
20
-33.8023239999999987
11
24.0990760000000002
21
-33.6427720000000008
0
LINE
8
Edge.Cuts
6
CONTINUOUS
10
24.0990760000000002
20
-33.6427720000000008
11
23.9617149999999981
21
-33.463758999999996
0
LINE
8
Edge.Cuts
6
CONTINUOUS
10
23.9617149999999981
20
-33.463758999999996
11
23.8488949999999988
21
-33.268347999999996
0
LINE
8
Edge.Cuts
6
CONTINUOUS
10
23.8488949999999988
20
-33.268347999999996
11
23.7625460000000004
21
-33.0598829999999992
0
LINE
8
Edge.Cuts
6
CONTINUOUS
10
23.7625460000000004
20
-33.0598829999999992
11
23.7041450000000005
21
-32.8419309999999953
0
LINE
8
Edge.Cuts
6
CONTINUOUS
10
23.7041450000000005
20
-32.8419309999999953
11
23.6746929999999978
21
-32.6182200000000009
0
LINE
8
Edge.Cuts
6
CONTINUOUS
10
23.6746929999999978
20
-32.6182200000000009
11
23.6746929999999978
21
-32.3956149999999994
0
LINE
8
Edge.Cuts
6
CONTINUOUS
10
23.6746929999999978
20
-32.3956149999999994
11
23.6746929999999978
21
-32.3925799999999953
0
LINE
8
Edge.Cuts
6
CONTINUOUS
10
23.6746929999999978
20
-32.3925799999999953
11
23.7041450000000005
21
-32.1688690000000008
0
LINE
8
Edge.Cuts
6
CONTINUOUS
10
23.7041450000000005
20
-32.1688690000000008
11
23.7625460000000004
21
-31.9509169999999969
0
LINE
8
Edge.Cuts
6
CONTINUOUS
10
23.7625460000000004
20
-31.9509169999999969
11
23.8488949999999988
21
-31.7424520000000001
0
LINE
8
Edge.Cuts
6
CONTINUOUS
10
23.8488949999999988
20
-31.7424520000000001
11
23.9617149999999981
21
-31.5470410000000001
0
LINE
8
Edge.Cuts
6
CONTINUOUS
10
23.9617149999999981
20
-31.5470410000000001
11
24.0990760000000002
21
-31.3680279999999989
0
LINE
8
Edge.Cuts
6
CONTINUOUS
10
24.0990760000000002
20
-31.3680279999999989
11
24.2586279999999981
21
-31.2084759999999974
0
LINE
8
Edge.Cuts
6
CONTINUOUS
10
24.2586279999999981
20
-31.2084759999999974
11
24.4376409999999993
21
-31.0711149999999989
0
LINE
8
Edge.Cuts
6
CONTINUOUS
10
24.4376409999999993
20
-31.0711149999999989
11
24.6330519999999993
21
-30.9582949999999997
0
LINE
8
Edge.Cuts
6
CONTINUOUS
10
24.6330519999999993
20
-30.9582949999999997
11
24.8415169999999996
21
-30.8719459999999977
0
LINE
8
Edge.Cuts
6
CONTINUOUS
10
24.8415169999999996
20
-30.8719459999999977
11
25.059469
21
-30.8135449999999977
0
LINE
8
Edge.Cuts
6
CONTINUOUS
10
25.059469
20
-30.8135449999999977
11
25.283179999999998
21
-30.7840929999999986
0
LINE
8
Edge.Cuts
6
CONTINUOUS
10
25.283179999999998
20
-30.7840929999999986
11
25.5088200000000001
21
-30.7840929999999986
0
LINE
8
Edge.Cuts
6
CONTINUOUS
10
25.5088200000000001
20
-30.7840929999999986
11
25.732530999999998
21
-30.8135449999999977
0
LINE
8
Edge.Cuts
6
CONTINUOUS
10
23.7210000000000001
20
-32.6151849999999968
11
23.7496599999999987
21
-32.8328769999999963
0
LINE
8
Edge.Cuts
6
CONTINUOUS
10
23.7496599999999987
20
-32.8328769999999963
11
23.8064889999999991
21
-33.0449659999999952
0
LINE
8
Edge.Cuts
6
CONTINUOUS
10
23.8064889999999991
20
-33.0449659999999952
11
23.8905150000000006
21
-33.2478229999999968
0
LINE
8
Edge.Cuts
6
CONTINUOUS
10
23.8905150000000006
20
-33.2478229999999968
11
24.0002999999999993
21
-33.4379769999999965
0
LINE
8
Edge.Cuts
6
CONTINUOUS
10
24.0002999999999993
20
-33.4379769999999965
11
24.1339659999999974
21
-33.612173999999996
0
LINE
8
Edge.Cuts
6
CONTINUOUS
10
24.1339659999999974
20
-33.612173999999996
11
24.2892259999999993
21
-33.7674340000000015
0
LINE
8
Edge.Cuts
6
CONTINUOUS
10
24.2892259999999993
20
-33.7674340000000015
11
24.4634229999999988
21
-33.9010999999999996
0
LINE
8
Edge.Cuts
6
CONTINUOUS
10
24.4634229999999988
20
-33.9010999999999996
11
24.6535769999999985
21
-34.0108850000000018
0
LINE
8
Edge.Cuts
6
CONTINUOUS
10
24.6535769999999985
20
-34.0108850000000018
11
24.8564340000000001
21
-34.0949109999999962
0
LINE
8
Edge.Cuts
6
CONTINUOUS
10
24.8564340000000001
20
-34.0949109999999962
11
25.068522999999999
21
-34.1517399999999967
0
LINE
8
Edge.Cuts
6
CONTINUOUS
10
25.068522999999999
20
-34.1517399999999967
11
25.2862149999999986
21
-34.1803999999999988
0
LINE
8
Edge.Cuts
6
CONTINUOUS
10
25.2862149999999986
20
-34.1803999999999988
11
25.5057849999999995
21
-34.1803999999999988
0
LINE
8
Edge.Cuts
6
CONTINUOUS
10
25.5057849999999995
20
-34.1803999999999988
11
25.723476999999999
21
-34.1517399999999967
0
LINE
8
Edge.Cuts
6
CONTINUOUS
10
25.723476999999999
20
-34.1517399999999967
11
25.9355659999999979
21
-34.0949109999999962
0
LINE
8
Edge.Cuts
6
CONTINUOUS
10
25.9355659999999979
20
-34.0949109999999962
11
26.1384229999999995
21
-34.0108850000000018
0
LINE
8
Edge.Cuts
6
CONTINUOUS
10
26.1384229999999995
20
-34.0108850000000018
11
26.3285769999999992
21
-33.9010999999999996
0
LINE
8
Edge.Cuts
6
CONTINUOUS
10
26.3285769999999992
20
-33.9010999999999996
11
26.5027739999999987
21
-33.7674340000000015
0
LINE
8
Edge.Cuts
6
CONTINUOUS
10
26.5027739999999987
20
-33.7674340000000015
11
26.6580339999999971
21
-33.612173999999996
0
LINE
8
Edge.Cuts
6
CONTINUOUS
10
26.6580339999999971
20
-33.612173999999996
11
26.7916999999999987
21
-33.4379769999999965
0
LINE
8
Edge.Cuts
6
CONTINUOUS
10
26.7916999999999987
20
-33.4379769999999965
11
26.9014849999999974
21
-33.2478229999999968
0
LINE
8
Edge.Cuts
6
CONTINUOUS
10
26.9014849999999974
20
-33.2478229999999968
11
26.9855109999999989
21
-33.0449659999999952
0
LINE
8
Edge.Cuts
6
CONTINUOUS
10
26.9855109999999989
20
-33.0449659999999952
11
27.0423399999999994
21
-32.8328769999999963
0
LINE
8
Edge.Cuts
6
CONTINUOUS
10
27.0423399999999994
20
-32.8328769999999963
11
27.070999999999998
21
-32.6151849999999968
0
LINE
8
Edge.Cuts
6
CONTINUOUS
10
27.070999999999998
20
-32.6151849999999968
11
27.070999999999998
21
-32.3956149999999994
0
LINE
8
Edge.Cuts
6
CONTINUOUS
10
27.070999999999998
20
-32.3956149999999994
11
27.0423399999999994
21
-32.1779229999999998
0
LINE
8
Edge.Cuts
6
CONTINUOUS
10
27.0423399999999994
20
-32.1779229999999998
11
26.9855109999999989
21
-31.9658339999999974
0
LINE
8
Edge.Cuts
6
CONTINUOUS
10
26.9855109999999989
20
-31.9658339999999974
11
26.9014849999999974
21
-31.7629769999999994
0
LINE
8
Edge.Cuts
6
CONTINUOUS
10
26.9014849999999974
20
-31.7629769999999994
11
26.7916999999999987
21
-31.5728229999999996
0
LINE
8
Edge.Cuts
6
CONTINUOUS
10
26.7916999999999987
20
-31.5728229999999996
11
26.6580339999999971
21
-31.3986260000000001
0
LINE
8
Edge.Cuts
6
CONTINUOUS
10
26.6580339999999971
20
-31.3986260000000001
11
26.5027739999999987
21
-31.2433659999999982
0
LINE
8
Edge.Cuts
6
CONTINUOUS
10
26.5027739999999987
20
-31.2433659999999982
11
26.3285769999999992
21
-31.1097000000000001
0
LINE
8
Edge.Cuts
6
CONTINUOUS
10
26.3285769999999992
20
-31.1097000000000001
11
26.1384229999999995
21
-30.9999149999999979
0
LINE
8
Edge.Cuts
6
CONTINUOUS
10
26.1384229999999995
20
-30.9999149999999979
11
25.9355659999999979
21
-30.915889
0
LINE
8
Edge.Cuts
6
CONTINUOUS
10
25.9355659999999979
20
-30.915889
11
25.723476999999999
21
-30.8590599999999995
0
LINE
8
Edge.Cuts
6
CONTINUOUS
10
25.723476999999999
20
-30.8590599999999995
11
25.5057849999999995
21
-30.8303999999999974
0
LINE
8
Edge.Cuts
6
CONTINUOUS
10
25.5057849999999995
20
-30.8303999999999974
11
25.2862149999999986
21
-30.8303999999999974
0
LINE
8
Edge.Cuts
6
CONTINUOUS
10
25.2862149999999986
20
-30.8303999999999974
11
25.068522999999999
21
-30.8590599999999995
0
LINE
8
Edge.Cuts
6
CONTINUOUS
10
25.068522999999999
20
-30.8590599999999995
11
24.8564340000000001
21
-30.915889
0
LINE
8
Edge.Cuts
6
CONTINUOUS
10
24.8564340000000001
20
-30.915889
11
24.6535769999999985
21
-30.9999149999999979
0
LINE
8
Edge.Cuts
6
CONTINUOUS
10
24.6535769999999985
20
-30.9999149999999979
11
24.4634229999999988
21
-31.1097000000000001
0
LINE
8
Edge.Cuts
6
CONTINUOUS
10
24.4634229999999988
20
-31.1097000000000001
11
24.2892259999999993
21
-31.2433659999999982
0
LINE
8
Edge.Cuts
6
CONTINUOUS
10
24.2892259999999993
20
-31.2433659999999982
11
24.1339659999999974
21
-31.3986260000000001
0
LINE
8
Edge.Cuts
6
CONTINUOUS
10
24.1339659999999974
20
-31.3986260000000001
11
24.0002999999999993
21
-31.5728229999999996
0
LINE
8
Edge.Cuts
6
CONTINUOUS
10
24.0002999999999993
20
-31.5728229999999996
11
23.8905150000000006
21
-31.7629769999999994
0
LINE
8
Edge.Cuts
6
CONTINUOUS
10
23.8905150000000006
20
-31.7629769999999994
11
23.8064889999999991
21
-31.9658339999999974
0
LINE
8
Edge.Cuts
6
CONTINUOUS
10
23.8064889999999991
20
-31.9658339999999974
11
23.7496599999999987
21
-32.1779229999999998
0
LINE
8
Edge.Cuts
6
CONTINUOUS
10
23.7496599999999987
20
-32.1779229999999998
11
23.7210000000000001
21
-32.3956149999999994
0
LINE
8
Edge.Cuts
6
CONTINUOUS
10
23.7210000000000001
20
-32.3956149999999994
11
23.7210000000000001
21
-32.6151849999999968
0
LINE
8
Edge.Cuts
6
CONTINUOUS
10
-27.6850149999999999
20
-12.7282519999999995
11
-27.331277
21
-12.7966369999999987
0
LINE
8
Edge.Cuts
6
CONTINUOUS
10
-27.331277
20
-12.7966369999999987
11
-26.9862729999999971
21
-12.9004589999999997
0
LINE
8
Edge.Cuts
6
CONTINUOUS
10
-26.9862729999999971
20
-12.9004589999999997
11
-26.6535419999999981
21
-13.0386509999999998
0
LINE
8
Edge.Cuts
6
CONTINUOUS
10
-26.6535419999999981
20
-13.0386509999999998
11
-26.3364989999999999
21
-13.209795999999999
0
LINE
8
Edge.Cuts
6
CONTINUOUS
10
-26.3364989999999999
20
-13.209795999999999
11
-26.0383969999999998
21
-13.4121379999999988
0
LINE
8
Edge.Cuts
6
CONTINUOUS
10
-26.0383969999999998
20
-13.4121379999999988
11
-25.7622959999999992
21
-13.6435999999999993
0
LINE
8
Edge.Cuts
6
CONTINUOUS
10
-25.7622959999999992
20
-13.6435999999999993
11
-25.5110269999999986
21
-13.9018079999999991
0
LINE
8
Edge.Cuts
6
CONTINUOUS
10
-25.5110269999999986
20
-13.9018079999999991
11
-25.2871699999999997
21
-14.1841099999999987
0
LINE
8
Edge.Cuts
6
CONTINUOUS
10
-25.2871699999999997
20
-14.1841099999999987
11
-25.0931040000000003
21
-14.4874829999999992
0
LINE
8
Edge.Cuts
6
CONTINUOUS
10
-25.0931040000000003
20
-14.4874829999999992
11
-25.0930859999999996
21
-14.4874999999999989
0
LINE
8
Edge.Cuts
6
CONTINUOUS
10
-25.0930859999999996
20
-14.4874999999999989
11
-24.8402059999999985
21
-14.9255019999999998
0
LINE
8
Edge.Cuts
6
CONTINUOUS
10
-24.8402059999999985
20
-14.9255019999999998
11
-24.3041819999999973
21
-15.7833199999999998
0
LINE
8
Edge.Cuts
6
CONTINUOUS
10
-24.3041819999999973
20
-15.7833199999999998
11
-23.7385470000000005
21
-16.6219089999999987
0
LINE
8
Edge.Cuts
6
CONTINUOUS
10
-23.7385470000000005
20
-16.6219089999999987
11
-23.1439889999999977
21
-17.4402469999999994
0
LINE
8
Edge.Cuts
6
CONTINUOUS
10
-23.1439889999999977
20
-17.4402469999999994
11
-22.5212349999999972
21
-18.2373359999999991
0
LINE
8
Edge.Cuts
6
CONTINUOUS
10
-22.5212349999999972
20
-18.2373359999999991
11
-21.8710419999999992
21
-19.0122059999999991
0
LINE
8
Edge.Cuts
6
CONTINUOUS
10
-21.8710419999999992
20
-19.0122059999999991
11
-21.1942020000000007
21
-19.7639129999999987
0
LINE
8
Edge.Cuts
6
CONTINUOUS
10
-21.1942020000000007
20
-19.7639129999999987
11
-20.4915400000000005
21
-20.4915400000000005
0
LINE
8
Edge.Cuts
6
CONTINUOUS
10
-20.4915400000000005
20
-20.4915400000000005
11
-19.7639129999999987
21
-21.1942020000000007
0
LINE
8
Edge.Cuts
6
CONTINUOUS
10
-19.7639129999999987
20
-21.1942020000000007
11
-19.0122059999999991
21
-21.8710419999999992
0
LINE
8
Edge.Cuts
6
CONTINUOUS
10
-19.0122059999999991
20
-21.8710419999999992
11
-18.2373359999999991
21
-22.5212349999999972
0
LINE
8
Edge.Cuts
6
CONTINUOUS
10
-18.2373359999999991
20
-22.5212349999999972
11
-17.4402469999999994
21
-23.1439889999999977
0
LINE
8
Edge.Cuts
6
CONTINUOUS
10
-17.4402469999999994
20
-23.1439889999999977
11
-16.6219089999999987
21
-23.7385470000000005
0
LINE
8
Edge.Cuts
6
CONTINUOUS
10
-16.6219089999999987
20
-23.7385470000000005
11
-15.7833199999999998
21
-24.3041819999999973
0
LINE
8
Edge.Cuts
6
CONTINUOUS
10
-15.7833199999999998
20
-24.3041819999999973
11
-14.9255019999999998
21
-24.8402059999999985
0
LINE
8
Edge.Cuts
6
CONTINUOUS
10
-14.9255019999999998
20
-24.8402059999999985
11
-14.4874999999999989
21
-25.0930859999999996
0
LINE
8
Edge.Cuts
6
CONTINUOUS
10
-14.4874999999999989
20
-25.0930859999999996
11
-14.4874829999999992
21
-25.0931040000000003
0
LINE
8
Edge.Cuts
6
CONTINUOUS
10
-14.4874829999999992
20
-25.0931040000000003
11
-14.1841099999999987
21
-25.2871699999999997
0
LINE
8
Edge.Cuts
6
CONTINUOUS
10
-14.1841099999999987
20
-25.2871699999999997
11
-13.9018069999999998
21
-25.5110269999999986
0
LINE
8
Edge.Cuts
6
CONTINUOUS
10
-13.9018069999999998
20
-25.5110269999999986
11
-13.6435999999999993
21
-25.7622959999999992
0
LINE
8
Edge.Cuts
6
CONTINUOUS
10
-13.6435999999999993
20
-25.7622959999999992
11
-13.4121379999999988
21
-26.0383969999999998
0
LINE
8
Edge.Cuts
6
CONTINUOUS
10
-13.4121379999999988
20
-26.0383969999999998
11
-13.209795999999999
21
-26.3364989999999999
0
LINE
8
Edge.Cuts
6
CONTINUOUS
10
-13.209795999999999
20
-26.3364989999999999
11
-13.0386509999999998
21
-26.6535419999999981
0
LINE
8
Edge.Cuts
6
CONTINUOUS
10
-13.0386509999999998
20
-26.6535419999999981
11
-12.9004579999999986
21
-26.9862729999999971
0
LINE
8
Edge.Cuts
6
CONTINUOUS
10
-12.9004579999999986
20
-26.9862729999999971
11
-12.7966369999999987
21
-27.331277
0
LINE
8
Edge.Cuts
6
CONTINUOUS
10
-12.7966369999999987
20
-27.331277
11
-12.7282510000000002
21
-27.6850149999999999
0
LINE
8
Edge.Cuts
6
CONTINUOUS
10
-12.7282510000000002
20
-27.6850149999999999
11
-12.6960040000000003
21
-28.0438559999999981
0
LINE
8
Edge.Cuts
6
CONTINUOUS
10
-12.6960040000000003
20
-28.0438559999999981
11
-12.7002249999999997
21
-28.4041180000000004
0
LINE
8
Edge.Cuts
6
CONTINUOUS
10
-12.7002249999999997
20
-28.4041180000000004
11
-12.7408719999999995
21
-28.7621049999999983
0
LINE
8
Edge.Cuts
6
CONTINUOUS
10
-12.7408719999999995
20
-28.7621049999999983
11
-12.8175270000000001
21
-29.1141439999999996
0
LINE
8
Edge.Cuts
6
CONTINUOUS
10
-12.8175270000000001
20
-29.1141439999999996
11
-12.9294039999999999
21
-29.4566199999999974
0
LINE
8
Edge.Cuts
6
CONTINUOUS
10
-12.9294039999999999
20
-29.4566199999999974
11
-13.0753550000000001
21
-29.7860219999999991
0
LINE
8
Edge.Cuts
6
CONTINUOUS
10
-13.0753550000000001
20
-29.7860219999999991
11
-13.2538819999999991
21
-30.0989679999999993
0
LINE
8
Edge.Cuts
6
CONTINUOUS
10
-13.2538819999999991
20
-30.0989679999999993
11
-13.4631530000000001
21
-30.3922460000000001
0
LINE
8
Edge.Cuts
6
CONTINUOUS
10
-13.4631530000000001
20
-30.3922460000000001
11
-13.701020999999999
21
-30.6628489999999978
0
LINE
8
Edge.Cuts
6
CONTINUOUS
10
-13.701020999999999
20
-30.6628489999999978
11
-13.9650449999999999
21
-30.9079979999999992
0
LINE
8
Edge.Cuts
6
CONTINUOUS
10
-13.9650449999999999
20
-30.9079979999999992
11
-14.252516
21
-31.1251789999999993
0
LINE
8
Edge.Cuts
6
CONTINUOUS
10
-14.252516
20
-31.1251789999999993
11
-14.5604829999999996
21
-31.3121619999999972
0
LINE
8
Edge.Cuts
6
CONTINUOUS
10
-14.5604829999999996
20
-31.3121619999999972
11
-14.8857879999999998
21
-31.4670299999999976
0
LINE
8
Edge.Cuts
6
CONTINUOUS
10
-14.8857879999999998
20
-31.4670299999999976
11
-15.225090999999999
21
-31.5881919999999994
0
LINE
8
Edge.Cuts
6
CONTINUOUS
10
-15.225090999999999
20
-31.5881919999999994
11
-15.5749110000000002
21
-31.6744069999999986
0
LINE
8
Edge.Cuts
6
CONTINUOUS
10
-15.5749110000000002
20
-31.6744069999999986
11
-15.9316579999999988
21
-31.7247880000000002
0
LINE
8
Edge.Cuts
6
CONTINUOUS
10
-15.9316579999999988
20
-31.7247880000000002
11
-16.2916719999999984
21
-31.7388189999999994
0
LINE
8
Edge.Cuts
6
CONTINUOUS
10
-16.2916719999999984
20
-31.7388189999999994
11
-16.6512579999999986
21
-31.7163559999999976
0
LINE
8
Edge.Cuts
6
CONTINUOUS
10
-16.6512579999999986
20
-31.7163559999999976
11
-17.0067269999999979
21
-31.657629
0
LINE
8
Edge.Cuts
6
CONTINUOUS
10
-17.0067269999999979
20
-31.657629
11
-17.3544309999999982
21
-31.5632419999999989
0
LINE
8
Edge.Cuts
6
CONTINUOUS
10
-17.3544309999999982
20
-31.5632419999999989
11
-17.6908019999999979
21
-31.4341619999999971
0
LINE
8
Edge.Cuts
6
CONTINUOUS
10
-17.6908019999999979
20
-31.4341619999999971
11
-18.0123879999999978
21
-31.2717149999999968
0
LINE
8
Edge.Cuts
6
CONTINUOUS
10
-18.0123879999999978
20
-31.2717149999999968
11
-18.0124250000000004
21
-31.2716739999999973
0
LINE
8
Edge.Cuts
6
CONTINUOUS
10
-18.0124250000000004
20
-31.2716739999999973
11
-18.012477999999998
21
-31.2716630000000002
0
LINE
8
Edge.Cuts
6
CONTINUOUS
10
-18.012477999999998
20
-31.2716630000000002
11
-18.9706079999999986
21
-30.6998749999999987
0
LINE
8
Edge.Cuts
6
CONTINUOUS
10
-18.9706079999999986
20
-30.6998749999999987
11
-19.9106029999999983
21
-30.0987410000000004
0
LINE
8
Edge.Cuts
6
CONTINUOUS
10
-19.9106029999999983
20
-30.0987410000000004
11
-20.8315659999999987
21
-29.4688339999999975
0
LINE
8
Edge.Cuts
6
CONTINUOUS
10
-20.8315659999999987
20
-29.4688339999999975
11
-21.7326149999999991
21
-28.8107579999999999
0
LINE
8
Edge.Cuts
6
CONTINUOUS
10
-21.7326149999999991
20
-28.8107579999999999
11
-22.6128889999999991
21
-28.1251409999999993
0
LINE
8
Edge.Cuts
6
CONTINUOUS
10
-22.6128889999999991
20
-28.1251409999999993
11
-23.4715479999999985
21
-27.4126379999999976
0
LINE
8
Edge.Cuts
6
CONTINUOUS
10
-23.4715479999999985
20
-27.4126379999999976
11
-24.3077699999999979
21
-26.6739319999999971
0
LINE
8
Edge.Cuts
6
CONTINUOUS
10
-24.3077699999999979
20
-26.6739319999999971
11
-25.1207549999999991
21
-25.9097270000000002
0
LINE
8
Edge.Cuts
6
CONTINUOUS
10
-25.1207549999999991
20
-25.9097270000000002
11
-25.9097270000000002
21
-25.1207549999999991
0
LINE
8
Edge.Cuts
6
CONTINUOUS
10
-25.9097270000000002
20
-25.1207549999999991
11
-26.6739319999999971
21
-24.3077699999999979
0
LINE
8
Edge.Cuts
6
CONTINUOUS
10
-26.6739319999999971
20
-24.3077699999999979
11
-27.4126379999999976
21
-23.4715479999999985
0
LINE
8
Edge.Cuts
6
CONTINUOUS
10
-27.4126379999999976
20
-23.4715479999999985
11
-28.1251409999999993
21
-22.6128889999999991
0
LINE
8
Edge.Cuts
6
CONTINUOUS
10
-28.1251409999999993
20
-22.6128889999999991
11
-28.8107579999999999
21
-21.7326149999999991
0
LINE
8
Edge.Cuts
6
CONTINUOUS
10
-28.8107579999999999
20
-21.7326149999999991
11
-29.4688339999999975
21
-20.8315659999999987
0
LINE
8
Edge.Cuts
6
CONTINUOUS
10
-29.4688339999999975
20
-20.8315659999999987
11
-30.0987410000000004
21
-19.9106029999999983
0
LINE
8
Edge.Cuts
6
CONTINUOUS
10
-30.0987410000000004
20
-19.9106029999999983
11
-30.6998749999999987
21
-18.9706079999999986
0
LINE
8
Edge.Cuts
6
CONTINUOUS
10
-30.6998749999999987
20
-18.9706079999999986
11
-31.2716630000000002
21
-18.012477999999998
0
LINE
8
Edge.Cuts
6
CONTINUOUS
10
-31.2716630000000002
20
-18.012477999999998
11
-31.2716739999999973
21
-18.0124250000000004
0
LINE
8
Edge.Cuts
6
CONTINUOUS
10
-31.2716739999999973
20
-18.0124250000000004
11
-31.2717149999999968
21
-18.0123879999999978
0
LINE
8
Edge.Cuts
6
CONTINUOUS
10
-31.2717149999999968
20
-18.0123879999999978
11
-31.4341619999999971
21
-17.6908019999999979
0
LINE
8
Edge.Cuts
6
CONTINUOUS
10
-31.4341619999999971
20
-17.6908019999999979
11
-31.5632419999999989
21
-17.3544309999999982
0
LINE
8
Edge.Cuts
6
CONTINUOUS
10
-31.5632419999999989
20
-17.3544309999999982
11
-31.657629
21
-17.0067269999999979
0
LINE
8
Edge.Cuts
6
CONTINUOUS
10
-31.657629
20
-17.0067269999999979
11
-31.7163550000000001
21
-16.6512579999999986
0
LINE
8
Edge.Cuts
6
CONTINUOUS
10
-31.7163550000000001
20
-16.6512579999999986
11
-31.7388179999999984
21
-16.2916719999999984
0
LINE
8
Edge.Cuts
6
CONTINUOUS
10
-31.7388179999999984
20
-16.2916719999999984
11
-31.7247869999999992
21
-15.9316579999999988
0
LINE
8
Edge.Cuts
6
CONTINUOUS
10
-31.7247869999999992
20
-15.9316579999999988
11
-31.6744059999999976
21
-15.5749110000000002
0
LINE
8
Edge.Cuts
6
CONTINUOUS
10
-31.6744059999999976
20
-15.5749110000000002
11
-31.5881919999999994
21
-15.225090999999999
0
LINE
8
Edge.Cuts
6
CONTINUOUS
10
-31.5881919999999994
20
-15.225090999999999
11
-31.4670290000000001
21
-14.8857879999999998
0
LINE
8
Edge.Cuts
6
CONTINUOUS
10
-31.4670290000000001
20
-14.8857879999999998
11
-31.3121619999999972
21
-14.5604839999999989
0
LINE
8
Edge.Cuts
6
CONTINUOUS
10
-31.3121619999999972
20
-14.5604839999999989
11
-31.1251779999999982
21
-14.252516
0
LINE
8
Edge.Cuts
6
CONTINUOUS
10
-31.1251779999999982
20
-14.252516
11
-30.9079979999999992
21
-13.9650449999999999
0
LINE
8
Edge.Cuts
6
CONTINUOUS
10
-30.9079979999999992
20
-13.9650449999999999
11
-30.6628480000000003
21
-13.701020999999999
0
LINE
8
Edge.Cuts
6
CONTINUOUS
10
-30.6628480000000003
20
-13.701020999999999
11
-30.3922460000000001
21
-13.4631530000000001
0
LINE
8
Edge.Cuts
6
CONTINUOUS
10
-30.3922460000000001
20
-13.4631530000000001
11
-30.0989669999999983
21
-13.2538819999999991
0
LINE
8
Edge.Cuts
6
CONTINUOUS
10
-30.0989669999999983
20
-13.2538819999999991
11
-29.7860209999999981
21
-13.0753550000000001
0
LINE
8
Edge.Cuts
6
CONTINUOUS
10
-29.7860209999999981
20
-13.0753550000000001
11
-29.4566199999999974
21
-12.9294049999999991
0
LINE
8
Edge.Cuts
6
CONTINUOUS
10
-29.4566199999999974
20
-12.9294049999999991
11
-29.1141429999999986
21
-12.8175279999999994
0
LINE
8
Edge.Cuts
6
CONTINUOUS
10
-29.1141429999999986
20
-12.8175279999999994
11
-28.7621049999999983
21
-12.7408719999999995
0
LINE
8
Edge.Cuts
6
CONTINUOUS
10
-28.7621049999999983
20
-12.7408719999999995
11
-28.4041180000000004
21
-12.7002259999999989
0
LINE
8
Edge.Cuts
6
CONTINUOUS
10
-28.4041180000000004
20
-12.7002259999999989
11
-28.0438559999999981
21
-12.6960040000000003
0
LINE
8
Edge.Cuts
6
CONTINUOUS
10
-28.0438559999999981
20
-12.6960040000000003
11
-27.6850149999999999
21
-12.7282519999999995
0
LINE
8
Edge.Cuts
6
CONTINUOUS
10
-28.7137379999999993
20
-12.778931
11
-29.0736530000000002
21
-12.8534889999999997
0
LINE
8
Edge.Cuts
6
CONTINUOUS
10
-29.0736530000000002
20
-12.8534889999999997
11
-29.4238029999999995
21
-12.9652599999999989
0
LINE
8
Edge.Cuts
6
CONTINUOUS
10
-29.4238029999999995
20
-12.9652599999999989
11
-29.760351
21
-13.1130199999999988
0
LINE
8
Edge.Cuts
6
CONTINUOUS
10
-29.760351
20
-13.1130199999999988
11
-30.0796099999999988
21
-13.2951479999999993
0
LINE
8
Edge.Cuts
6
CONTINUOUS
10
-30.0796099999999988
20
-13.2951479999999993
11
-30.3780830000000002
21
-13.5096509999999999
0
LINE
8
Edge.Cuts
6
CONTINUOUS
10
-30.3780830000000002
20
-13.5096509999999999
11
-30.6524989999999988
21
-13.7541779999999996
0
LINE
8
Edge.Cuts
6
CONTINUOUS
10
-30.6524989999999988
20
-13.7541779999999996
11
-30.8998519999999992
21
-14.0260489999999987
0
LINE
8
Edge.Cuts
6
CONTINUOUS
10
-30.8998519999999992
20
-14.0260489999999987
11
-31.1174309999999998
21
-14.3222860000000001
0
LINE
8
Edge.Cuts
6
CONTINUOUS
10
-31.1174309999999998
20
-14.3222860000000001
11
-31.302854
21
-14.6396439999999988
0
LINE
8
Edge.Cuts
6
CONTINUOUS
10
-31.302854
20
-14.6396439999999988
11
-31.4540869999999977
21
-14.9746449999999989
0
LINE
8
Edge.Cuts
6
CONTINUOUS
10
-31.4540869999999977
20
-14.9746449999999989
11
-31.5694749999999971
21
-15.32362
0
LINE
8
Edge.Cuts
6
CONTINUOUS
10
-31.5694749999999971
20
-15.32362
11
-31.6477539999999991
21
-15.6827439999999996
0
LINE
8
Edge.Cuts
6
CONTINUOUS
10
-31.6477539999999991
20
-15.6827439999999996
11
-31.6880639999999971
21
-16.0480829999999983
0
LINE
8
Edge.Cuts
6
CONTINUOUS
10
-31.6880639999999971
20
-16.0480829999999983
11
-31.6899659999999983
21
-16.4156340000000007
0
LINE
8
Edge.Cuts
6
CONTINUOUS
10
-31.6899659999999983
20
-16.4156340000000007
11
-31.6534379999999977
21
-16.781369999999999
0
LINE
8
Edge.Cuts
6
CONTINUOUS
10
-31.6534379999999977
20
-16.781369999999999
11
-31.578878999999997
21
-17.1412849999999999
0
LINE
8
Edge.Cuts
6
CONTINUOUS
10
-31.578878999999997
20
-17.1412849999999999
11
-31.4671079999999996
21
-17.4914339999999982
0
LINE
8
Edge.Cuts
6
CONTINUOUS
10
-31.4671079999999996
20
-17.4914339999999982
11
-31.319348999999999
21
-17.8279819999999987
0
LINE
8
Edge.Cuts
6
CONTINUOUS
10
-31.319348999999999
20
-17.8279819999999987
11
-31.2282849999999996
21
-17.9876119999999986
0
LINE
8
Edge.Cuts
6
CONTINUOUS
10
-31.2282849999999996
20
-17.9876119999999986
11
-30.9502429999999968
21
-18.4703419999999987
0
LINE
8
Edge.Cuts
6
CONTINUOUS
10
-30.9502429999999968
20
-18.4703419999999987
11
-30.3644539999999985
21
-19.4183160000000008
0
LINE
8
Edge.Cuts
6
CONTINUOUS
10
-30.3644539999999985
20
-19.4183160000000008
11
-29.7496389999999984
21
-20.347728
0
LINE
8
Edge.Cuts
6
CONTINUOUS
10
-29.7496389999999984
20
-20.347728
11
-29.106385999999997
21
-21.2576900000000002
0
LINE
8
Edge.Cuts
6
CONTINUOUS
10
-29.106385999999997
20
-21.2576900000000002
11
-28.4353099999999976
21
-22.1473300000000002
0
LINE
8
Edge.Cuts
6
CONTINUOUS
10
-28.4353099999999976
20
-22.1473300000000002
11
-27.7370519999999985
21
-23.0157999999999987
0
LINE
8
Edge.Cuts
6
CONTINUOUS
10
-27.7370519999999985
20
-23.0157999999999987
11
-27.0122789999999995
21
-23.8622689999999977
0
LINE
8
Edge.Cuts
6
CONTINUOUS
10
-27.0122789999999995
20
-23.8622689999999977
11
-26.2616849999999999
21
-24.6859269999999995
0
LINE
8
Edge.Cuts
6
CONTINUOUS
10
-26.2616849999999999
20
-24.6859269999999995
11
-25.4859869999999979
21
-25.4859869999999979
0
LINE
8
Edge.Cuts
6
CONTINUOUS
10
-25.4859869999999979
20
-25.4859869999999979
11
-24.6859269999999995
21
-26.2616849999999999
0
LINE
8
Edge.Cuts
6
CONTINUOUS
10
-24.6859269999999995
20
-26.2616849999999999
11
-23.8622689999999977
21
-27.0122789999999995
0
LINE
8
Edge.Cuts
6
CONTINUOUS
10
-23.8622689999999977
20
-27.0122789999999995
11
-23.0157999999999987
21
-27.7370519999999985
0
LINE
8
Edge.Cuts
6
CONTINUOUS
10
-23.0157999999999987
20
-27.7370519999999985
11
-22.1473300000000002
21
-28.4353099999999976
0
LINE
8
Edge.Cuts
6
CONTINUOUS
10
-22.1473300000000002
20
-28.4353099999999976
11
-21.2576900000000002
21
-29.106385999999997
0
LINE
8
Edge.Cuts
6
CONTINUOUS
10
-21.2576900000000002
20
-29.106385999999997
11
-20.347728
21
-29.7496389999999984
0
LINE
8
Edge.Cuts
6
CONTINUOUS
10
-20.347728
20
-29.7496389999999984
11
-19.4183160000000008
21
-30.3644539999999985
0
LINE
8
Edge.Cuts
6
CONTINUOUS
10
-19.4183160000000008
20
-30.3644539999999985
11
-18.4703419999999987
21
-30.9502429999999968
0
LINE
8
Edge.Cuts
6
CONTINUOUS
10
-18.4703419999999987
20
-30.9502429999999968
11
-17.9876119999999986
21
-31.2282839999999986
0
LINE
8
Edge.Cuts
6
CONTINUOUS
10
-17.9876119999999986
20
-31.2282839999999986
11
-17.9876119999999986
21
-31.2282849999999996
0
LINE
8
Edge.Cuts
6
CONTINUOUS
10
-17.9876119999999986
20
-31.2282849999999996
11
-17.8279819999999987
21
-31.319348999999999
0
LINE
8
Edge.Cuts
6
CONTINUOUS
10
-17.8279819999999987
20
-31.319348999999999
11
-17.4914339999999982
21
-31.4671089999999971
0
LINE
8
Edge.Cuts
6
CONTINUOUS
10
-17.4914339999999982
20
-31.4671089999999971
11
-17.1412849999999999
21
-31.5788799999999981
0
LINE
8
Edge.Cuts
6
CONTINUOUS
10
-17.1412849999999999
20
-31.5788799999999981
11
-16.781369999999999
21
-31.6534379999999977
0
LINE
8
Edge.Cuts
6
CONTINUOUS
10
-16.781369999999999
20
-31.6534379999999977
11
-16.4156329999999997
21
-31.6899659999999983
0
LINE
8
Edge.Cuts
6
CONTINUOUS
10
-16.4156329999999997
20
-31.6899659999999983
11
-16.0480820000000008
21
-31.6880649999999982
0
LINE
8
Edge.Cuts
6
CONTINUOUS
10
-16.0480820000000008
20
-31.6880649999999982
11
-15.6827429999999985
21
-31.6477539999999991
0
LINE
8
Edge.Cuts
6
CONTINUOUS
10
-15.6827429999999985
20
-31.6477539999999991
11
-15.323618999999999
21
-31.5694759999999981
0
LINE
8
Edge.Cuts
6
CONTINUOUS
10
-15.323618999999999
20
-31.5694759999999981
11
-14.9746449999999989
21
-31.4540879999999987
0
LINE
8
Edge.Cuts
6
CONTINUOUS
10
-14.9746449999999989
20
-31.4540879999999987
11
-14.6396439999999988
21
-31.302854
0
LINE
8
Edge.Cuts
6
CONTINUOUS
10
-14.6396439999999988
20
-31.302854
11
-14.3222860000000001
21
-31.1174319999999973
0
LINE
8
Edge.Cuts
6
CONTINUOUS
10
-14.3222860000000001
20
-31.1174319999999973
11
-14.0260479999999994
21
-30.8998519999999992
0
LINE
8
Edge.Cuts
6
CONTINUOUS
10
-14.0260479999999994
20
-30.8998519999999992
11
-13.7541769999999985
21
-30.6524999999999999
0
LINE
8
Edge.Cuts
6
CONTINUOUS
10
-13.7541769999999985
20
-30.6524999999999999
11
-13.5096499999999988
21
-30.3780830000000002
0
LINE
8
Edge.Cuts
6
CONTINUOUS
10
-13.5096499999999988
20
-30.3780830000000002
11
-13.2951479999999993
21
-30.0796109999999999
0
LINE
8
Edge.Cuts
6
CONTINUOUS
10
-13.2951479999999993
20
-30.0796109999999999
11
-13.1130189999999995
21
-29.760351
0
LINE
8
Edge.Cuts
6
CONTINUOUS
10
-13.1130189999999995
20
-29.760351
11
-12.9652599999999989
21
-29.4238029999999995
0
LINE
8
Edge.Cuts
6
CONTINUOUS
10
-12.9652599999999989
20
-29.4238029999999995
11
-12.8534879999999987
21
-29.0736530000000002
0
LINE
8
Edge.Cuts
6
CONTINUOUS
10
-12.8534879999999987
20
-29.0736530000000002
11
-12.778929999999999
21
-28.7137390000000003
0
LINE
8
Edge.Cuts
6
CONTINUOUS
10
-12.778929999999999
20
-28.7137390000000003
11
-12.7424020000000002
21
-28.3480019999999975
0
LINE
8
Edge.Cuts
6
CONTINUOUS
10
-12.7424020000000002
20
-28.3480019999999975
11
-12.7443029999999986
21
-27.9804509999999986
0
LINE
8
Edge.Cuts
6
CONTINUOUS
10
-12.7443029999999986
20
-27.9804509999999986
11
-12.7846139999999995
21
-27.6151119999999999
0
LINE
8
Edge.Cuts
6
CONTINUOUS
10
-12.7846139999999995
20
-27.6151119999999999
11
-12.8628919999999987
21
-27.2559879999999986
0
LINE
8
Edge.Cuts
6
CONTINUOUS
10
-12.8628919999999987
20
-27.2559879999999986
11
-12.9782809999999991
21
-26.9070140000000002
0
LINE
8
Edge.Cuts
6
CONTINUOUS
10
-12.9782809999999991
20
-26.9070140000000002
11
-13.1295139999999986
21
-26.5720129999999983
0
LINE
8
Edge.Cuts
6
CONTINUOUS
10
-13.1295139999999986
20
-26.5720129999999983
11
-13.3149369999999987
21
-26.2546549999999996
0
LINE
8
Edge.Cuts
6
CONTINUOUS
10
-13.3149369999999987
20
-26.2546549999999996
11
-13.5325159999999993
21
-25.9584169999999972
0
LINE
8
Edge.Cuts
6
CONTINUOUS
10
-13.5325159999999993
20
-25.9584169999999972
11
-13.7798689999999997
21
-25.6865459999999999
0
LINE
8
Edge.Cuts
6
CONTINUOUS
10
-13.7798689999999997
20
-25.6865459999999999
11
-14.0542850000000001
21
-25.4420189999999984
0
LINE
8
Edge.Cuts
6
CONTINUOUS
10
-14.0542850000000001
20
-25.4420189999999984
11
-14.3527579999999997
21
-25.2275169999999989
0
LINE
8
Edge.Cuts
6
CONTINUOUS
10
-14.3527579999999997
20
-25.2275169999999989
11
-14.5123879999999996
21
-25.1364519999999985
0
LINE
8
Edge.Cuts
6
CONTINUOUS
10
-14.5123879999999996
20
-25.1364519999999985
11
-14.5124329999999997
21
-25.1364020000000004
0
LINE
8
Edge.Cuts
6
CONTINUOUS
10
-14.5124329999999997
20
-25.1364020000000004
11
-14.5124999999999993
21
-25.1363880000000002
0
LINE
8
Edge.Cuts
6
CONTINUOUS
10
-14.5124999999999993
20
-25.1363880000000002
11
-15.3809069999999988
21
-24.6145959999999988
0
LINE
8
Edge.Cuts
6
CONTINUOUS
10
-15.3809069999999988
20
-24.6145959999999988
11
-16.2305740000000007
21
-24.062815999999998
0
LINE
8
Edge.Cuts
6
CONTINUOUS
10
-16.2305740000000007
20
-24.062815999999998
11
-17.0604669999999992
21
-23.4817189999999982
0
LINE
8
Edge.Cuts
6
CONTINUOUS
10
-17.0604669999999992
20
-23.4817189999999982
11
-17.8695749999999975
21
-22.872012999999999
0
LINE
8
Edge.Cuts
6
CONTINUOUS
10
-17.8695749999999975
20
-22.872012999999999
11
-18.6569110000000009
21
-22.2344399999999993
0
LINE
8
Edge.Cuts
6
CONTINUOUS
10
-18.6569110000000009
20
-22.2344399999999993
11
-19.4215160000000004
21
-21.5697790000000005
0
LINE
8
Edge.Cuts
6
CONTINUOUS
10
-19.4215160000000004
20
-21.5697790000000005
11
-20.1624599999999994
21
-20.8788379999999982
0
LINE
8
Edge.Cuts
6
CONTINUOUS
10
-20.1624599999999994
20
-20.8788379999999982
11
-20.8788379999999982
21
-20.1624599999999994
0
LINE
8
Edge.Cuts
6
CONTINUOUS
10
-20.8788379999999982
20
-20.1624599999999994
11
-21.5697790000000005
21
-19.4215160000000004
0
LINE
8
Edge.Cuts
6
CONTINUOUS
10
-21.5697790000000005
20
-19.4215160000000004
11
-22.2344399999999993
21
-18.6569110000000009
0
LINE
8
Edge.Cuts
6
CONTINUOUS
10
-22.2344399999999993
20
-18.6569110000000009
11
-22.872012999999999
21
-17.8695749999999975
0
LINE
8
Edge.Cuts
6
CONTINUOUS
10
-22.872012999999999
20
-17.8695749999999975
11
-23.4817189999999982
21
-17.0604669999999992
0
LINE
8
Edge.Cuts
6
CONTINUOUS
10
-23.4817189999999982
20
-17.0604669999999992
11
-24.062815999999998
21
-16.2305740000000007
0
LINE
8
Edge.Cuts
6
CONTINUOUS
10
-24.062815999999998
20
-16.2305740000000007
11
-24.6145959999999988
21
-15.3809069999999988
0
LINE
8
Edge.Cuts
6
CONTINUOUS
10
-24.6145959999999988
20
-15.3809069999999988
11
-25.1363880000000002
21
-14.5124999999999993
0
LINE
8
Edge.Cuts
6
CONTINUOUS
10
-25.1363880000000002
20
-14.5124999999999993
11
-25.1364020000000004
21
-14.5124329999999997
0
LINE
8
Edge.Cuts
6
CONTINUOUS
10
-25.1364020000000004
20
-14.5124329999999997
11
-25.1364519999999985
21
-14.5123879999999996
0
LINE
8
Edge.Cuts
6
CONTINUOUS
10
-25.1364519999999985
20
-14.5123879999999996
11
-25.2275169999999989
21
-14.3527579999999997
0
LINE
8
Edge.Cuts
6
CONTINUOUS
10
-25.2275169999999989
20
-14.3527579999999997
11
-25.4420199999999994
21
-14.0542859999999994
0
LINE
8
Edge.Cuts
6
CONTINUOUS
10
-25.4420199999999994
20
-14.0542859999999994
11
-25.6865459999999999
21
-13.7798689999999997
0
LINE
8
Edge.Cuts
6
CONTINUOUS
10
-25.6865459999999999
20
-13.7798689999999997
11
-25.9584169999999972
21
-13.5325169999999986
0
LINE
8
Edge.Cuts
6
CONTINUOUS
10
-25.9584169999999972
20
-13.5325169999999986
11
-26.2546549999999996
21
-13.3149369999999987
0
LINE
8
Edge.Cuts
6
CONTINUOUS
10
-26.2546549999999996
20
-13.3149369999999987
11
-26.5720129999999983
21
-13.1295149999999996
0
LINE
8
Edge.Cuts
6
CONTINUOUS
10
-26.5720129999999983
20
-13.1295149999999996
11
-26.9070140000000002
21
-12.9782809999999991
0
LINE
8
Edge.Cuts
6
CONTINUOUS
10
-26.9070140000000002
20
-12.9782809999999991
11
-27.2559879999999986
21
-12.8628929999999997
0
LINE
8
Edge.Cuts
6
CONTINUOUS
10
-27.2559879999999986
20
-12.8628929999999997
11
-27.6151119999999999
21
-12.7846149999999987
0
LINE
8
Edge.Cuts
6
CONTINUOUS
10
-27.6151119999999999
20
-12.7846149999999987
11
-27.9804509999999986
21
-12.7443039999999996
0
LINE
8
Edge.Cuts
6
CONTINUOUS
10
-27.9804509999999986
20
-12.7443039999999996
11
-28.3480019999999975
21
-12.7424029999999995
0
LINE
8
Edge.Cuts
6
CONTINUOUS
10
-28.3480019999999975
20
-12.7424029999999995
11
-28.7137379999999993
21
-12.778931
0
LINE
8
Edge.Cuts
6
CONTINUOUS
10
28.4041189999999979
20
-12.7002249999999997
11
28.7621059999999993
21
-12.7408719999999995
0
LINE
8
Edge.Cuts
6
CONTINUOUS
10
28.7621059999999993
20
-12.7408719999999995
11
29.1141439999999996
21
-12.8175270000000001
0
LINE
8
Edge.Cuts
6
CONTINUOUS
10
29.1141439999999996
20
-12.8175270000000001
11
29.4566209999999984
21
-12.9294039999999999
0
LINE
8
Edge.Cuts
6
CONTINUOUS
10
29.4566209999999984
20
-12.9294039999999999
11
29.7860230000000001
21
-13.0753550000000001
0
LINE
8
Edge.Cuts
6
CONTINUOUS
10
29.7860230000000001
20
-13.0753550000000001
11
30.0989679999999993
21
-13.2538819999999991
0
LINE
8
Edge.Cuts
6
CONTINUOUS
10
30.0989679999999993
20
-13.2538819999999991
11
30.3922469999999976
21
-13.4631530000000001
0
LINE
8
Edge.Cuts
6
CONTINUOUS
10
30.3922469999999976
20
-13.4631530000000001
11
30.6628499999999988
21
-13.701020999999999
0
LINE
8
Edge.Cuts
6
CONTINUOUS
10
30.6628499999999988
20
-13.701020999999999
11
30.9079990000000002
21
-13.9650449999999999
0
LINE
8
Edge.Cuts
6
CONTINUOUS
10
30.9079990000000002
20
-13.9650449999999999
11
31.1251800000000003
21
-14.252516
0
LINE
8
Edge.Cuts
6
CONTINUOUS
10
31.1251800000000003
20
-14.252516
11
31.3121629999999982
21
-14.5604839999999989
0
LINE
8
Edge.Cuts
6
CONTINUOUS
10
31.3121629999999982
20
-14.5604839999999989
11
31.4670309999999986
21
-14.8857879999999998
0
LINE
8
Edge.Cuts
6
CONTINUOUS
10
31.4670309999999986
20
-14.8857879999999998
11
31.5881929999999969
21
-15.225090999999999
0
LINE
8
Edge.Cuts
6
CONTINUOUS
10
31.5881929999999969
20
-15.225090999999999
11
31.6744079999999997
21
-15.5749110000000002
0
LINE
8
Edge.Cuts
6
CONTINUOUS
10
31.6744079999999997
20
-15.5749110000000002
11
31.7247889999999977
21
-15.9316589999999998
0
LINE
8
Edge.Cuts
6
CONTINUOUS
10
31.7247889999999977
20
-15.9316589999999998
11
31.7388199999999969
21
-16.2916729999999994
0
LINE
8
Edge.Cuts
6
CONTINUOUS
10
31.7388199999999969
20
-16.2916729999999994
11
31.7163569999999986
21
-16.6512589999999996
0
LINE
8
Edge.Cuts
6
CONTINUOUS
10
31.7163569999999986
20
-16.6512589999999996
11
31.6576299999999975
21
-17.006727999999999
0
LINE
8
Edge.Cuts
6
CONTINUOUS
10
31.6576299999999975
20
-17.006727999999999
11
31.5632429999999999
21
-17.3544319999999992
0
LINE
8
Edge.Cuts
6
CONTINUOUS
10
31.5632429999999999
20
-17.3544319999999992
11
31.4341629999999981
21
-17.6908029999999989
0
LINE
8
Edge.Cuts
6
CONTINUOUS
10
31.4341629999999981
20
-17.6908029999999989
11
31.2717159999999978
21
-18.0123889999999989
0
LINE
8
Edge.Cuts
6
CONTINUOUS
10
31.2717159999999978
20
-18.0123889999999989
11
31.2716729999999998
21
-18.0124269999999989
0
LINE
8
Edge.Cuts
6
CONTINUOUS
10
31.2716729999999998
20
-18.0124269999999989
11
31.2716630000000002
21
-18.012477999999998
0
LINE
8
Edge.Cuts
6
CONTINUOUS
10
31.2716630000000002
20
-18.012477999999998
11
30.6998749999999987
21
-18.9706079999999986
0
LINE
8
Edge.Cuts
6
CONTINUOUS
10
30.6998749999999987
20
-18.9706079999999986
11
30.0987410000000004
21
-19.9106029999999983
0
LINE
8
Edge.Cuts
6
CONTINUOUS
10
30.0987410000000004
20
-19.9106029999999983
11
29.4688339999999975
21
-20.8315659999999987
0
LINE
8
Edge.Cuts
6
CONTINUOUS
10
29.4688339999999975
20
-20.8315659999999987
11
28.8107579999999999
21
-21.7326149999999991
0
LINE
8
Edge.Cuts
6
CONTINUOUS
10
28.8107579999999999
20
-21.7326149999999991
11
28.1251409999999993
21
-22.6128889999999991
0
LINE
8
Edge.Cuts
6
CONTINUOUS
10
28.1251409999999993
20
-22.6128889999999991
11
27.4126379999999976
21
-23.4715479999999985
0
LINE
8
Edge.Cuts
6
CONTINUOUS
10
27.4126379999999976
20
-23.4715479999999985
11
26.6739319999999971
21
-24.3077699999999979
0
LINE
8
Edge.Cuts
6
CONTINUOUS
10
26.6739319999999971
20
-24.3077699999999979
11
25.9097270000000002
21
-25.1207549999999991
0
LINE
8
Edge.Cuts
6
CONTINUOUS
10
25.9097270000000002
20
-25.1207549999999991
11
25.1207549999999991
21
-25.9097270000000002
0
LINE
8
Edge.Cuts
6
CONTINUOUS
10
25.1207549999999991
20
-25.9097270000000002
11
24.3077699999999979
21
-26.6739319999999971
0
LINE
8
Edge.Cuts
6
CONTINUOUS
10
24.3077699999999979
20
-26.6739319999999971
11
23.4715479999999985
21
-27.4126379999999976
0
LINE
8
Edge.Cuts
6
CONTINUOUS
10
23.4715479999999985
20
-27.4126379999999976
11
22.6128889999999991
21
-28.1251409999999993
0
LINE
8
Edge.Cuts
6
CONTINUOUS
10
22.6128889999999991
20
-28.1251409999999993
11
21.7326149999999991
21
-28.8107579999999999
0
LINE
8
Edge.Cuts
6
CONTINUOUS
10
21.7326149999999991
20
-28.8107579999999999
11
20.8315659999999987
21
-29.4688339999999975
0
LINE
8
Edge.Cuts
6
CONTINUOUS
10
20.8315659999999987
20
-29.4688339999999975
11
19.9106029999999983
21
-30.0987410000000004
0
LINE
8
Edge.Cuts
6
CONTINUOUS
10
19.9106029999999983
20
-30.0987410000000004
11
18.9706079999999986
21
-30.6998749999999987
0
LINE
8
Edge.Cuts
6
CONTINUOUS
10
18.9706079999999986
20
-30.6998749999999987
11
18.012477999999998
21
-31.2716630000000002
0
LINE
8
Edge.Cuts
6
CONTINUOUS
10
18.012477999999998
20
-31.2716630000000002
11
18.0124220000000008
21
-31.2716739999999973
0
LINE
8
Edge.Cuts
6
CONTINUOUS
10
18.0124220000000008
20
-31.2716739999999973
11
18.0123879999999978
21
-31.2717129999999983
0
LINE
8
Edge.Cuts
6
CONTINUOUS
10
18.0123879999999978
20
-31.2717129999999983
11
17.6908019999999979
21
-31.4341599999999985
0
LINE
8
Edge.Cuts
6
CONTINUOUS
10
17.6908019999999979
20
-31.4341599999999985
11
17.3544309999999982
21
-31.5632399999999969
0
LINE
8
Edge.Cuts
6
CONTINUOUS
10
17.3544309999999982
20
-31.5632399999999969
11
17.006727999999999
21
-31.657626999999998
0
LINE
8
Edge.Cuts
6
CONTINUOUS
10
17.006727999999999
20
-31.657626999999998
11
16.6512589999999996
21
-31.716353999999999
0
LINE
8
Edge.Cuts
6
CONTINUOUS
10
16.6512589999999996
20
-31.716353999999999
11
16.2916729999999994
21
-31.7388159999999999
0
LINE
8
Edge.Cuts
6
CONTINUOUS
10
16.2916729999999994
20
-31.7388159999999999
11
15.9316589999999998
21
-31.7247849999999971
0
LINE
8
Edge.Cuts
6
CONTINUOUS
10
15.9316589999999998
20
-31.7247849999999971
11
15.5749119999999994
21
-31.6744039999999991
0
LINE
8
Edge.Cuts
6
CONTINUOUS
10
15.5749119999999994
20
-31.6744039999999991
11
15.2250920000000001
21
-31.5881899999999973
0
LINE
8
Edge.Cuts
6
CONTINUOUS
10
15.2250920000000001
20
-31.5881899999999973
11
14.8857900000000001
21
-31.4670279999999991
0
LINE
8
Edge.Cuts
6
CONTINUOUS
10
14.8857900000000001
20
-31.4670279999999991
11
14.5604849999999999
21
-31.3121599999999987
0
LINE
8
Edge.Cuts
6
CONTINUOUS
10
14.5604849999999999
20
-31.3121599999999987
11
14.2525180000000002
21
-31.1251769999999972
0
LINE
8
Edge.Cuts
6
CONTINUOUS
10
14.2525180000000002
20
-31.1251769999999972
11
13.9650470000000002
21
-30.9079969999999982
0
LINE
8
Edge.Cuts
6
CONTINUOUS
10
13.9650470000000002
20
-30.9079969999999982
11
13.7010239999999985
21
-30.6628469999999993
0
LINE
8
Edge.Cuts
6
CONTINUOUS
10
13.7010239999999985
20
-30.6628469999999993
11
13.4631559999999997
21
-30.3922449999999991
0
LINE
8
Edge.Cuts
6
CONTINUOUS
10
13.4631559999999997
20
-30.3922449999999991
11
13.2538849999999986
21
-30.0989669999999983
0
LINE
8
Edge.Cuts
6
CONTINUOUS
10
13.2538849999999986
20
-30.0989669999999983
11
13.0753579999999996
21
-29.7860209999999981
0
LINE
8
Edge.Cuts
6
CONTINUOUS
10
13.0753579999999996
20
-29.7860209999999981
11
12.9294069999999994
21
-29.4566199999999974
0
LINE
8
Edge.Cuts
6
CONTINUOUS
10
12.9294069999999994
20
-29.4566199999999974
11
12.8175299999999996
21
-29.1141429999999986
0
LINE
8
Edge.Cuts
6
CONTINUOUS
10
12.8175299999999996
20
-29.1141429999999986
11
12.7408749999999991
21
-28.7621049999999983
0
LINE
8
Edge.Cuts
6
CONTINUOUS
10
12.7408749999999991
20
-28.7621049999999983
11
12.7002279999999992
21
-28.4041189999999979
0
LINE
8
Edge.Cuts
6
CONTINUOUS
10
12.7002279999999992
20
-28.4041189999999979
11
12.6960069999999998
21
-28.0438559999999981
0
LINE
8
Edge.Cuts
6
CONTINUOUS
10
12.6960069999999998
20
-28.0438559999999981
11
12.7282539999999997
21
-27.6850149999999999
0
LINE
8
Edge.Cuts
6
CONTINUOUS
10
12.7282539999999997
20
-27.6850149999999999
11
12.796638999999999
21
-27.3312779999999975
0
LINE
8
Edge.Cuts
6
CONTINUOUS
10
12.796638999999999
20
-27.3312779999999975
11
12.900461
21
-26.9862739999999981
0
LINE
8
Edge.Cuts
6
CONTINUOUS
10
12.900461
20
-26.9862739999999981
11
13.038653
21
-26.6535429999999991
0
LINE
8
Edge.Cuts
6
CONTINUOUS
10
13.038653
20
-26.6535429999999991
11
13.2097979999999993
21
-26.3365009999999984
0
LINE
8
Edge.Cuts
6
CONTINUOUS
10
13.2097979999999993
20
-26.3365009999999984
11
13.4121399999999991
21
-26.0383989999999983
0
LINE
8
Edge.Cuts
6
CONTINUOUS
10
13.4121399999999991
20
-26.0383989999999983
11
13.6436019999999996
21
-25.7622970000000002
0
LINE
8
Edge.Cuts
6
CONTINUOUS
10
13.6436019999999996
20
-25.7622970000000002
11
13.9018090000000001
21
-25.5110290000000006
0
LINE
8
Edge.Cuts
6
CONTINUOUS
10
13.9018090000000001
20
-25.5110290000000006
11
14.1841119999999989
21
-25.2871719999999982
0
LINE
8
Edge.Cuts
6
CONTINUOUS
10
14.1841119999999989
20
-25.2871719999999982
11
14.4874779999999994
21
-25.0931099999999994
0
LINE
8
Edge.Cuts
6
CONTINUOUS
10
14.4874779999999994
20
-25.0931099999999994
11
14.4874999999999989
21
-25.0930859999999996
0
LINE
8
Edge.Cuts
6
CONTINUOUS
10
14.4874999999999989
20
-25.0930859999999996
11
14.9255019999999998
21
-24.8402059999999985
0
LINE
8
Edge.Cuts
6
CONTINUOUS
10
14.9255019999999998
20
-24.8402059999999985
11
15.7833199999999998
21
-24.3041819999999973
0
LINE
8
Edge.Cuts
6
CONTINUOUS
10
15.7833199999999998
20
-24.3041819999999973
11
16.6219089999999987
21
-23.7385470000000005
0
LINE
8
Edge.Cuts
6
CONTINUOUS
10
16.6219089999999987
20
-23.7385470000000005
11
17.4402469999999994
21
-23.1439889999999977
0
LINE
8
Edge.Cuts
6
CONTINUOUS
10
17.4402469999999994
20
-23.1439889999999977
11
18.2373359999999991
21
-22.5212349999999972
0
LINE
8
Edge.Cuts
6
CONTINUOUS
10
18.2373359999999991
20
-22.5212349999999972
11
19.0122059999999991
21
-21.8710419999999992
0
LINE
8
Edge.Cuts
6
CONTINUOUS
10
19.0122059999999991
20
-21.8710419999999992
11
19.7639129999999987
21
-21.1942020000000007
0
LINE
8
Edge.Cuts
6
CONTINUOUS
10
19.7639129999999987
20
-21.1942020000000007
11
20.4915400000000005
21
-20.4915400000000005
0
LINE
8
Edge.Cuts
6
CONTINUOUS
10
20.4915400000000005
20
-20.4915400000000005
11
21.1942020000000007
21
-19.7639129999999987
0
LINE
8
Edge.Cuts
6
CONTINUOUS
10
21.1942020000000007
20
-19.7639129999999987
11
21.8710419999999992
21
-19.0122059999999991
0
LINE
8
Edge.Cuts
6
CONTINUOUS
10
21.8710419999999992
20
-19.0122059999999991
11
22.5212349999999972
21
-18.2373359999999991
0
LINE
8
Edge.Cuts
6
CONTINUOUS
10
22.5212349999999972
20
-18.2373359999999991
11
23.1439889999999977
21
-17.4402469999999994
0
LINE
8
Edge.Cuts
6
CONTINUOUS
10
23.1439889999999977
20
-17.4402469999999994
11
23.7385470000000005
21
-16.6219089999999987
0
LINE
8
Edge.Cuts
6
CONTINUOUS
10
23.7385470000000005
20
-16.6219089999999987
11
24.3041819999999973
21
-15.7833199999999998
0
LINE
8
Edge.Cuts
6
CONTINUOUS
10
24.3041819999999973
20
-15.7833199999999998
11
24.8402059999999985
21
-14.9255019999999998
0
LINE
8
Edge.Cuts
6
CONTINUOUS
10
24.8402059999999985
20
-14.9255019999999998
11
25.0930859999999996
21
-14.4874999999999989
0
LINE
8
Edge.Cuts
6
CONTINUOUS
10
25.0930859999999996
20
-14.4874999999999989
11
25.0931040000000003
21
-14.4874829999999992
0
LINE
8
Edge.Cuts
6
CONTINUOUS
10
25.0931040000000003
20
-14.4874829999999992
11
25.2871699999999997
21
-14.1841099999999987
0
LINE
8
Edge.Cuts
6
CONTINUOUS
10
25.2871699999999997
20
-14.1841099999999987
11
25.5110269999999986
21
-13.9018069999999998
0
LINE
8
Edge.Cuts
6
CONTINUOUS
10
25.5110269999999986
20
-13.9018069999999998
11
25.7622959999999992
21
-13.6435999999999993
0
LINE
8
Edge.Cuts
6
CONTINUOUS
10
25.7622959999999992
20
-13.6435999999999993
11
26.0383979999999973
21
-13.4121379999999988
0
LINE
8
Edge.Cuts
6
CONTINUOUS
10
26.0383979999999973
20
-13.4121379999999988
11
26.3364989999999999
21
-13.209795999999999
0
LINE
8
Edge.Cuts
6
CONTINUOUS
10
26.3364989999999999
20
-13.209795999999999
11
26.6535419999999981
21
-13.0386509999999998
0
LINE
8
Edge.Cuts
6
CONTINUOUS
10
26.6535419999999981
20
-13.0386509999999998
11
26.9862729999999971
21
-12.9004579999999986
0
LINE
8
Edge.Cuts
6
CONTINUOUS
10
26.9862729999999971
20
-12.9004579999999986
11
27.331277
21
-12.7966369999999987
0
LINE
8
Edge.Cuts
6
CONTINUOUS
10
27.331277
20
-12.7966369999999987
11
27.6850149999999999
21
-12.7282510000000002
0
LINE
8
Edge.Cuts
6
CONTINUOUS
10
27.6850149999999999
20
-12.7282510000000002
11
28.0438559999999981
21
-12.6960040000000003
0
LINE
8
Edge.Cuts
6
CONTINUOUS
10
28.0438559999999981
20
-12.6960040000000003
11
28.4041189999999979
21
-12.7002249999999997
0
LINE
8
Edge.Cuts
6
CONTINUOUS
10
27.9804519999999997
20
-12.7443039999999996
11
27.6151129999999974
21
-12.7846139999999995
0
LINE
8
Edge.Cuts
6
CONTINUOUS
10
27.6151129999999974
20
-12.7846139999999995
11
27.2559889999999996
21
-12.8628929999999997
0
LINE
8
Edge.Cuts
6
CONTINUOUS
10
27.2559889999999996
20
-12.8628929999999997
11
26.9070140000000002
21
-12.9782809999999991
0
LINE
8
Edge.Cuts
6
CONTINUOUS
10
26.9070140000000002
20
-12.9782809999999991
11
26.5720129999999983
21
-13.1295139999999986
0
LINE
8
Edge.Cuts
6
CONTINUOUS
10
26.5720129999999983
20
-13.1295139999999986
11
26.2546549999999996
21
-13.3149369999999987
0
LINE
8
Edge.Cuts
6
CONTINUOUS
10
26.2546549999999996
20
-13.3149369999999987
11
25.9584179999999982
21
-13.5325159999999993
0
LINE
8
Edge.Cuts
6
CONTINUOUS
10
25.9584179999999982
20
-13.5325159999999993
11
25.6865459999999999
21
-13.7798689999999997
0
LINE
8
Edge.Cuts
6
CONTINUOUS
10
25.6865459999999999
20
-13.7798689999999997
11
25.4420199999999994
21
-14.0542850000000001
0
LINE
8
Edge.Cuts
6
CONTINUOUS
10
25.4420199999999994
20
-14.0542850000000001
11
25.2275169999999989
21
-14.3527579999999997
0
LINE
8
Edge.Cuts
6
CONTINUOUS
10
25.2275169999999989
20
-14.3527579999999997
11
25.1364519999999985
21
-14.5123879999999996
0
LINE
8
Edge.Cuts
6
CONTINUOUS
10
25.1364519999999985
20
-14.5123879999999996
11
25.1364020000000004
21
-14.5124329999999997
0
LINE
8
Edge.Cuts
6
CONTINUOUS
10
25.1364020000000004
20
-14.5124329999999997
11
25.1363880000000002
21
-14.5124999999999993
0
LINE
8
Edge.Cuts
6
CONTINUOUS
10
25.1363880000000002
20
-14.5124999999999993
11
24.6145959999999988
21
-15.3809069999999988
0
LINE
8
Edge.Cuts
6
CONTINUOUS
10
24.6145959999999988
20
-15.3809069999999988
11
24.062815999999998
21
-16.2305740000000007
0
LINE
8
Edge.Cuts
6
CONTINUOUS
10
24.062815999999998
20
-16.2305740000000007
11
23.4817189999999982
21
-17.0604669999999992
0
LINE
8
Edge.Cuts
6
CONTINUOUS
10
23.4817189999999982
20
-17.0604669999999992
11
22.872012999999999
21
-17.8695749999999975
0
LINE
8
Edge.Cuts
6
CONTINUOUS
10
22.872012999999999
20
-17.8695749999999975
11
22.2344399999999993
21
-18.6569110000000009
0
LINE
8
Edge.Cuts
6
CONTINUOUS
10
22.2344399999999993
20
-18.6569110000000009
11
21.5697790000000005
21
-19.4215160000000004
0
LINE
8
Edge.Cuts
6
CONTINUOUS
10
21.5697790000000005
20
-19.4215160000000004
11
20.8788379999999982
21
-20.1624599999999994
0
LINE
8
Edge.Cuts
6
CONTINUOUS
10
20.8788379999999982
20
-20.1624599999999994
11
20.1624599999999994
21
-20.8788379999999982
0
LINE
8
Edge.Cuts
6
CONTINUOUS
10
20.1624599999999994
20
-20.8788379999999982
11
19.4215160000000004
21
-21.5697790000000005
0
LINE
8
Edge.Cuts
6
CONTINUOUS
10
19.4215160000000004
20
-21.5697790000000005
11
18.6569110000000009
21
-22.2344399999999993
0
LINE
8
Edge.Cuts
6
CONTINUOUS
10
18.6569110000000009
20
-22.2344399999999993
11
17.8695749999999975
21
-22.872012999999999
0
LINE
8
Edge.Cuts
6
CONTINUOUS
10
17.8695749999999975
20
-22.872012999999999
11
17.0604669999999992
21
-23.4817189999999982
0
LINE
8
Edge.Cuts
6
CONTINUOUS
10
17.0604669999999992
20
-23.4817189999999982
11
16.2305740000000007
21
-24.062815999999998
0
LINE
8
Edge.Cuts
6
CONTINUOUS
10
16.2305740000000007
20
-24.062815999999998
11
15.3809069999999988
21
-24.6145959999999988
0
LINE
8
Edge.Cuts
6
CONTINUOUS
10
15.3809069999999988
20
-24.6145959999999988
11
14.5124999999999993
21
-25.1363880000000002
0
LINE
8
Edge.Cuts
6
CONTINUOUS
10
14.5124999999999993
20
-25.1363880000000002
11
14.5124359999999992
21
-25.1364009999999993
0
LINE
8
Edge.Cuts
6
CONTINUOUS
10
14.5124359999999992
20
-25.1364009999999993
11
14.5123889999999989
21
-25.1364540000000005
0
LINE
8
Edge.Cuts
6
CONTINUOUS
10
14.5123889999999989
20
-25.1364540000000005
11
14.3527589999999989
21
-25.2275189999999974
0
LINE
8
Edge.Cuts
6
CONTINUOUS
10
14.3527589999999989
20
-25.2275189999999974
11
14.0542869999999986
21
-25.4420210000000004
0
LINE
8
Edge.Cuts
6
CONTINUOUS
10
14.0542869999999986
20
-25.4420210000000004
11
13.779871
21
-25.6865479999999984
0
LINE
8
Edge.Cuts
6
CONTINUOUS
10
13.779871
20
-25.6865479999999984
11
13.5325179999999996
21
-25.9584189999999992
0
LINE
8
Edge.Cuts
6
CONTINUOUS
10
13.5325179999999996
20
-25.9584189999999992
11
13.314938999999999
21
-26.2546559999999971
0
LINE
8
Edge.Cuts
6
CONTINUOUS
10
13.314938999999999
20
-26.2546559999999971
11
13.1295169999999999
21
-26.5720139999999994
0
LINE
8
Edge.Cuts
6
CONTINUOUS
10
13.1295169999999999
20
-26.5720139999999994
11
12.9782829999999993
21
-26.9070149999999977
0
LINE
8
Edge.Cuts
6
CONTINUOUS
10
12.9782829999999993
20
-26.9070149999999977
11
12.862895
21
-27.2559889999999996
0
LINE
8
Edge.Cuts
6
CONTINUOUS
10
12.862895
20
-27.2559889999999996
11
12.784616999999999
21
-27.6151129999999974
0
LINE
8
Edge.Cuts
6
CONTINUOUS
10
12.784616999999999
20
-27.6151129999999974
11
12.7443059999999999
21
-27.9804519999999997
0
LINE
8
Edge.Cuts
6
CONTINUOUS
10
12.7443059999999999
20
-27.9804519999999997
11
12.7424049999999998
21
-28.3480029999999985
0
LINE
8
Edge.Cuts
6
CONTINUOUS
10
12.7424049999999998
20
-28.3480029999999985
11
12.7789329999999985
21
-28.7137390000000003
0
LINE
8
Edge.Cuts
6
CONTINUOUS
10
12.7789329999999985
20
-28.7137390000000003
11
12.8534919999999993
21
-29.0736530000000002
0
LINE
8
Edge.Cuts
6
CONTINUOUS
10
12.8534919999999993
20
-29.0736530000000002
11
12.9652630000000002
21
-29.4238019999999985
0
LINE
8
Edge.Cuts
6
CONTINUOUS
10
12.9652630000000002
20
-29.4238019999999985
11
13.1130219999999991
21
-29.760349999999999
0
LINE
8
Edge.Cuts
6
CONTINUOUS
10
13.1130219999999991
20
-29.760349999999999
11
13.2951509999999988
21
-30.0796099999999988
0
LINE
8
Edge.Cuts
6
CONTINUOUS
10
13.2951509999999988
20
-30.0796099999999988
11
13.5096530000000001
21
-30.3780819999999991
0
LINE
8
Edge.Cuts
6
CONTINUOUS
10
13.5096530000000001
20
-30.3780819999999991
11
13.7541799999999999
21
-30.6524979999999978
0
LINE
8
Edge.Cuts
6
CONTINUOUS
10
13.7541799999999999
20
-30.6524979999999978
11
14.0260509999999989
21
-30.8998509999999982
0
LINE
8
Edge.Cuts
6
CONTINUOUS
10
14.0260509999999989
20
-30.8998509999999982
11
14.3222879999999986
21
-31.1174299999999988
0
LINE
8
Edge.Cuts
6
CONTINUOUS
10
14.3222879999999986
20
-31.1174299999999988
11
14.639645999999999
21
-31.3028519999999979
0
LINE
8
Edge.Cuts
6
CONTINUOUS
10
14.639645999999999
20
-31.3028519999999979
11
14.9746469999999992
21
-31.4540860000000002
0
LINE
8
Edge.Cuts
6
CONTINUOUS
10
14.9746469999999992
20
-31.4540860000000002
11
15.3236209999999993
21
-31.5694739999999996
0
LINE
8
Edge.Cuts
6
CONTINUOUS
10
15.3236209999999993
20
-31.5694739999999996
11
15.6827449999999988
21
-31.647751999999997
0
LINE
8
Edge.Cuts
6
CONTINUOUS
10
15.6827449999999988
20
-31.647751999999997
11
16.0480839999999993
21
-31.6880629999999996
0
LINE
8
Edge.Cuts
6
CONTINUOUS
10
16.0480839999999993
20
-31.6880629999999996
11
16.4156349999999982
21
-31.6899639999999998
0
LINE
8
Edge.Cuts
6
CONTINUOUS
10
16.4156349999999982
20
-31.6899639999999998
11
16.781371
21
-31.6534359999999992
0
LINE
8
Edge.Cuts
6
CONTINUOUS
10
16.781371
20
-31.6534359999999992
11
17.1412849999999999
21
-31.5788769999999985
0
LINE
8
Edge.Cuts
6
CONTINUOUS
10
17.1412849999999999
20
-31.5788769999999985
11
17.4914339999999982
21
-31.4671059999999976
0
LINE
8
Edge.Cuts
6
CONTINUOUS
10
17.4914339999999982
20
-31.4671059999999976
11
17.8279819999999987
21
-31.3193469999999969
0
LINE
8
Edge.Cuts
6
CONTINUOUS
10
17.8279819999999987
20
-31.3193469999999969
11
17.9876119999999986
21
-31.2282829999999976
0
LINE
8
Edge.Cuts
6
CONTINUOUS
10
17.9876119999999986
20
-31.2282829999999976
11
17.9876170000000002
21
-31.2282809999999991
0
LINE
8
Edge.Cuts
6
CONTINUOUS
10
17.9876170000000002
20
-31.2282809999999991
11
18.4703419999999987
21
-30.9502429999999968
0
LINE
8
Edge.Cuts
6
CONTINUOUS
10
18.4703419999999987
20
-30.9502429999999968
11
19.4183160000000008
21
-30.3644539999999985
0
LINE
8
Edge.Cuts
6
CONTINUOUS
10
19.4183160000000008
20
-30.3644539999999985
11
20.347728
21
-29.7496389999999984
0
LINE
8
Edge.Cuts
6
CONTINUOUS
10
20.347728
20
-29.7496389999999984
11
21.2576900000000002
21
-29.106385999999997
0
LINE
8
Edge.Cuts
6
CONTINUOUS
10
21.2576900000000002
20
-29.106385999999997
11
22.1473300000000002
21
-28.4353099999999976
0
LINE
8
Edge.Cuts
6
CONTINUOUS
10
22.1473300000000002
20
-28.4353099999999976
11
23.0157999999999987
21
-27.7370519999999985
0
LINE
8
Edge.Cuts
6
CONTINUOUS
10
23.0157999999999987
20
-27.7370519999999985
11
23.8622689999999977
21
-27.0122789999999995
0
LINE
8
Edge.Cuts
6
CONTINUOUS
10
23.8622689999999977
20
-27.0122789999999995
11
24.6859269999999995
21
-26.2616849999999999
0
LINE
8
Edge.Cuts
6
CONTINUOUS
10
24.6859269999999995
20
-26.2616849999999999
11
25.4859869999999979
21
-25.4859869999999979
0
LINE
8
Edge.Cuts
6
CONTINUOUS
10
25.4859869999999979
20
-25.4859869999999979
11
26.2616849999999999
21
-24.6859269999999995
0
LINE
8
Edge.Cuts
6
CONTINUOUS
10
26.2616849999999999
20
-24.6859269999999995
11
27.0122789999999995
21
-23.8622689999999977
0
LINE
8
Edge.Cuts
6
CONTINUOUS
10
27.0122789999999995
20
-23.8622689999999977
11
27.7370519999999985
21
-23.0157999999999987
0
LINE
8
Edge.Cuts
6
CONTINUOUS
10
27.7370519999999985
20
-23.0157999999999987
11
28.4353099999999976
21
-22.1473300000000002
0
LINE
8
Edge.Cuts
6
CONTINUOUS
10
28.4353099999999976
20
-22.1473300000000002
11
29.106385999999997
21
-21.2576900000000002
0
LINE
8
Edge.Cuts
6
CONTINUOUS
10
29.106385999999997
20
-21.2576900000000002
11
29.7496389999999984
21
-20.347728
0
LINE
8
Edge.Cuts
6
CONTINUOUS
10
29.7496389999999984
20
-20.347728
11
30.3644539999999985
21
-19.4183160000000008
0
LINE
8
Edge.Cuts
6
CONTINUOUS
10
30.3644539999999985
20
-19.4183160000000008
11
30.9502429999999968
21
-18.4703419999999987
0
LINE
8
Edge.Cuts
6
CONTINUOUS
10
30.9502429999999968
20
-18.4703419999999987
11
31.2283369999999998
21
-17.9875219999999985
0
LINE
8
Edge.Cuts
6
CONTINUOUS
10
31.2283369999999998
20
-17.9875219999999985
11
31.2283379999999973
21
-17.98752
0
LINE
8
Edge.Cuts
6
CONTINUOUS
10
31.2283379999999973
20
-17.98752
11
31.31935
21
-17.8279829999999997
0
LINE
8
Edge.Cuts
6
CONTINUOUS
10
31.31935
20
-17.8279829999999997
11
31.4671089999999971
21
-17.4914349999999992
0
LINE
8
Edge.Cuts
6
CONTINUOUS
10
31.4671089999999971
20
-17.4914349999999992
11
31.5788809999999991
21
-17.1412849999999999
0
LINE
8
Edge.Cuts
6
CONTINUOUS
10
31.5788809999999991
20
-17.1412849999999999
11
31.6534389999999988
21
-16.781371
0
LINE
8
Edge.Cuts
6
CONTINUOUS
10
31.6534389999999988
20
-16.781371
11
31.6899669999999993
21
-16.4156340000000007
0
LINE
8
Edge.Cuts
6
CONTINUOUS
10
31.6899669999999993
20
-16.4156340000000007
11
31.6880659999999992
21
-16.0480829999999983
0
LINE
8
Edge.Cuts
6
CONTINUOUS
10
31.6880659999999992
20
-16.0480829999999983
11
31.6477550000000001
21
-15.6827439999999996
0
LINE
8
Edge.Cuts
6
CONTINUOUS
10
31.6477550000000001
20
-15.6827439999999996
11
31.5694769999999991
21
-15.32362
0
LINE
8
Edge.Cuts
6
CONTINUOUS
10
31.5694769999999991
20
-15.32362
11
31.4540889999999997
21
-14.9746459999999999
0
LINE
8
Edge.Cuts
6
CONTINUOUS
10
31.4540889999999997
20
-14.9746459999999999
11
31.3028549999999974
21
-14.6396439999999988
0
LINE
8
Edge.Cuts
6
CONTINUOUS
10
31.3028549999999974
20
-14.6396439999999988
11
31.1174329999999983
21
-14.3222860000000001
0
LINE
8
Edge.Cuts
6
CONTINUOUS
10
31.1174329999999983
20
-14.3222860000000001
11
30.8998530000000002
21
-14.0260489999999987
0
LINE
8
Edge.Cuts
6
CONTINUOUS
10
30.8998530000000002
20
-14.0260489999999987
11
30.6524999999999999
21
-13.7541779999999996
0
LINE
8
Edge.Cuts
6
CONTINUOUS
10
30.6524999999999999
20
-13.7541779999999996
11
30.3780839999999976
21
-13.5096509999999999
0
LINE
8
Edge.Cuts
6
CONTINUOUS
10
30.3780839999999976
20
-13.5096509999999999
11
30.0796109999999999
21
-13.2951479999999993
0
LINE
8
Edge.Cuts
6
CONTINUOUS
10
30.0796109999999999
20
-13.2951479999999993
11
29.7603519999999975
21
-13.1130189999999995
0
LINE
8
Edge.Cuts
6
CONTINUOUS
10
29.7603519999999975
20
-13.1130189999999995
11
29.423803999999997
21
-12.9652599999999989
0
LINE
8
Edge.Cuts
6
CONTINUOUS
10
29.423803999999997
20
-12.9652599999999989
11
29.0736539999999977
21
-12.8534889999999997
0
LINE
8
Edge.Cuts
6
CONTINUOUS
10
29.0736539999999977
20
-12.8534889999999997
11
28.7137390000000003
21
-12.778931
0
LINE
8
Edge.Cuts
6
CONTINUOUS
10
28.7137390000000003
20
-12.778931
11
28.3480029999999985
21
-12.7424020000000002
0
LINE
8
Edge.Cuts
6
CONTINUOUS
10
28.3480029999999985
20
-12.7424020000000002
11
27.9804519999999997
21
-12.7443039999999996
0
LINE
8
Edge.Cuts
6
CONTINUOUS
10
0.33266
20
-25.6143730000000005
11
0.5453239999999999
21
-25.6834719999999983
0
LINE
8
Edge.Cuts
6
CONTINUOUS
10
0.5453239999999999
20
-25.6834719999999983
11
0.74456
21
-25.7849879999999985
0
LINE
8
Edge.Cuts
6
CONTINUOUS
10
0.74456
20
-25.7849879999999985
11
0.9254629999999999
21
-25.9164209999999997
0
LINE
8
Edge.Cuts
6
CONTINUOUS
10
0.9254629999999999
20
-25.9164209999999997
11
1.0835789999999998
21
-26.0745369999999994
0
LINE
8
Edge.Cuts
6
CONTINUOUS
10
1.0835789999999998
20
-26.0745369999999994
11
1.215012
21
-26.2554400000000001
0
LINE
8
Edge.Cuts
6
CONTINUOUS
10
1.215012
20
-26.2554400000000001
11
1.3165279999999999
21
-26.4546759999999992
0
LINE
8
Edge.Cuts
6
CONTINUOUS
10
1.3165279999999999
20
-26.4546759999999992
11
1.3856269999999999
21
-26.6673399999999994
0
LINE
8
Edge.Cuts
6
CONTINUOUS
10
1.3856269999999999
20
-26.6673399999999994
11
1.420607
21
-26.8881959999999971
0
LINE
8
Edge.Cuts
6
CONTINUOUS
10
1.420607
20
-26.8881959999999971
11
1.420607
21
-27.1118039999999993
0
LINE
8
Edge.Cuts
6
CONTINUOUS
10
1.420607
20
-27.1118039999999993
11
1.3856269999999999
21
-27.3326599999999971
0
LINE
8
Edge.Cuts
6
CONTINUOUS
10
1.3856269999999999
20
-27.3326599999999971
11
1.3165279999999999
21
-27.5453239999999973
0
LINE
8
Edge.Cuts
6
CONTINUOUS
10
1.3165279999999999
20
-27.5453239999999973
11
1.215012
21
-27.7445599999999999
0
LINE
8
Edge.Cuts
6
CONTINUOUS
10
1.215012
20
-27.7445599999999999
11
1.0835789999999998
21
-27.925462999999997
0
LINE
8
Edge.Cuts
6
CONTINUOUS
10
1.0835789999999998
20
-27.925462999999997
11
0.9254629999999999
21
-28.0835790000000003
0
LINE
8
Edge.Cuts
6
CONTINUOUS
10
0.9254629999999999
20
-28.0835790000000003
11
0.74456
21
-28.215011999999998
0
LINE
8
Edge.Cuts
6
CONTINUOUS
10
0.74456
20
-28.215011999999998
11
0.5453239999999999
21
-28.3165279999999981
0
LINE
8
Edge.Cuts
6
CONTINUOUS
10
0.5453239999999999
20
-28.3165279999999981
11
0.33266
21
-28.3856269999999995
0
LINE
8
Edge.Cuts
6
CONTINUOUS
10
0.33266
20
-28.3856269999999995
11
0.111804
21
-28.4206070000000004
0
LINE
8
Edge.Cuts
6
CONTINUOUS
10
0.111804
20
-28.4206070000000004
11
-0.111804
21
-28.4206070000000004
0
LINE
8
Edge.Cuts
6
CONTINUOUS
10
-0.111804
20
-28.4206070000000004
11
-0.33266
21
-28.3856269999999995
0
LINE
8
Edge.Cuts
6
CONTINUOUS
10
-0.33266
20
-28.3856269999999995
11
-0.5453239999999999
21
-28.3165279999999981
0
LINE
8
Edge.Cuts
6
CONTINUOUS
10
-0.5453239999999999
20
-28.3165279999999981
11
-0.74456
21
-28.215011999999998
0
LINE
8
Edge.Cuts
6
CONTINUOUS
10
-0.74456
20
-28.215011999999998
11
-0.9254629999999999
21
-28.0835790000000003
0
LINE
8
Edge.Cuts
6
CONTINUOUS
10
-0.9254629999999999
20
-28.0835790000000003
11
-1.0835789999999998
21
-27.925462999999997
0
LINE
8
Edge.Cuts
6
CONTINUOUS
10
-1.0835789999999998
20
-27.925462999999997
11
-1.215012
21
-27.7445599999999999
0
LINE
8
Edge.Cuts
6
CONTINUOUS
10
-1.215012
20
-27.7445599999999999
11
-1.3165279999999999
21
-27.5453239999999973
0
LINE
8
Edge.Cuts
6
CONTINUOUS
10
-1.3165279999999999
20
-27.5453239999999973
11
-1.3856269999999999
21
-27.3326599999999971
0
LINE
8
Edge.Cuts
6
CONTINUOUS
10
-1.3856269999999999
20
-27.3326599999999971
11
-1.420607
21
-27.1118039999999993
0
LINE
8
Edge.Cuts
6
CONTINUOUS
10
-1.420607
20
-27.1118039999999993
11
-1.420607
21
-26.8917849999999987
0
LINE
8
Edge.Cuts
6
CONTINUOUS
10
-1.420607
20
-26.8917849999999987
11
-1.420607
21
-26.8881959999999971
0
LINE
8
Edge.Cuts
6
CONTINUOUS
10
-1.420607
20
-26.8881959999999971
11
-1.3856269999999999
21
-26.6673399999999994
0
LINE
8
Edge.Cuts
6
CONTINUOUS
10
-1.3856269999999999
20
-26.6673399999999994
11
-1.3165279999999999
21
-26.4546759999999992
0
LINE
8
Edge.Cuts
6
CONTINUOUS
10
-1.3165279999999999
20
-26.4546759999999992
11
-1.215012
21
-26.2554400000000001
0
LINE
8
Edge.Cuts
6
CONTINUOUS
10
-1.215012
20
-26.2554400000000001
11
-1.0835789999999998
21
-26.0745369999999994
0
LINE
8
Edge.Cuts
6
CONTINUOUS
10
-1.0835789999999998
20
-26.0745369999999994
11
-0.9254629999999999
21
-25.9164209999999997
0
LINE
8
Edge.Cuts
6
CONTINUOUS
10
-0.9254629999999999
20
-25.9164209999999997
11
-0.74456
21
-25.7849879999999985
0
LINE
8
Edge.Cuts
6
CONTINUOUS
10
-0.74456
20
-25.7849879999999985
11
-0.5453239999999999
21
-25.6834719999999983
0
LINE
8
Edge.Cuts
6
CONTINUOUS
10
-0.5453239999999999
20
-25.6834719999999983
11
-0.33266
21
-25.6143730000000005
0
LINE
8
Edge.Cuts
6
CONTINUOUS
10
-0.33266
20
-25.6143730000000005
11
-0.111804
21
-25.5793929999999996
0
LINE
8
Edge.Cuts
6
CONTINUOUS
10
-0.111804
20
-25.5793929999999996
11
0.111804
21
-25.5793929999999996
0
LINE
8
Edge.Cuts
6
CONTINUOUS
10
0.111804
20
-25.5793929999999996
11
0.33266
21
-25.6143730000000005
0
LINE
8
Edge.Cuts
6
CONTINUOUS
10
-1.375
20
-27.1082149999999977
11
-1.341143
21
-27.3219799999999999
0
LINE
8
Edge.Cuts
6
CONTINUOUS
10
-1.341143
20
-27.3219799999999999
11
-1.2742629999999999
21
-27.5278169999999989
0
LINE
8
Edge.Cuts
6
CONTINUOUS
10
-1.2742629999999999
20
-27.5278169999999989
11
-1.1760059999999999
21
-27.7206569999999992
0
LINE
8
Edge.Cuts
6
CONTINUOUS
10
-1.1760059999999999
20
-27.7206569999999992
11
-1.048791
21
-27.8957529999999991
0
LINE
8
Edge.Cuts
6
CONTINUOUS
10
-1.048791
20
-27.8957529999999991
11
-0.8957529999999999
21
-28.0487909999999978
0
LINE
8
Edge.Cuts
6
CONTINUOUS
10
-0.8957529999999999
20
-28.0487909999999978
11
-0.720657
21
-28.1760059999999974
0
LINE
8
Edge.Cuts
6
CONTINUOUS
10
-0.720657
20
-28.1760059999999974
11
-0.527817
21
-28.2742629999999977
0
LINE
8
Edge.Cuts
6
CONTINUOUS
10
-0.527817
20
-28.2742629999999977
11
-0.32198
21
-28.3411429999999989
0
LINE
8
Edge.Cuts
6
CONTINUOUS
10
-0.32198
20
-28.3411429999999989
11
-0.108215
21
-28.375
0
LINE
8
Edge.Cuts
6
CONTINUOUS
10
-0.108215
20
-28.375
11
0.108215
21
-28.375
0
LINE
8
Edge.Cuts
6
CONTINUOUS
10
0.108215
20
-28.375
11
0.32198
21
-28.3411429999999989
0
LINE
8
Edge.Cuts
6
CONTINUOUS
10
0.32198
20
-28.3411429999999989
11
0.527817
21
-28.2742629999999977
0
LINE
8
Edge.Cuts
6
CONTINUOUS
10
0.527817
20
-28.2742629999999977
11
0.720657
21
-28.1760059999999974
0
LINE
8
Edge.Cuts
6
CONTINUOUS
10
0.720657
20
-28.1760059999999974
11
0.8957529999999999
21
-28.0487909999999978
0
LINE
8
Edge.Cuts
6
CONTINUOUS
10
0.8957529999999999
20
-28.0487909999999978
11
1.048791
21
-27.8957529999999991
0
LINE
8
Edge.Cuts
6
CONTINUOUS
10
1.048791
20
-27.8957529999999991
11
1.1760059999999999
21
-27.7206569999999992
0
LINE
8
Edge.Cuts
6
CONTINUOUS
10
1.1760059999999999
20
-27.7206569999999992
11
1.2742629999999999
21
-27.5278169999999989
0
LINE
8
Edge.Cuts
6
CONTINUOUS
10
1.2742629999999999
20
-27.5278169999999989
11
1.341143
21
-27.3219799999999999
0
LINE
8
Edge.Cuts
6
CONTINUOUS
10
1.341143
20
-27.3219799999999999
11
1.375
21
-27.1082149999999977
0
LINE
8
Edge.Cuts
6
CONTINUOUS
10
1.375
20
-27.1082149999999977
11
1.375
21
-26.8917849999999987
0
LINE
8
Edge.Cuts
6
CONTINUOUS
10
1.375
20
-26.8917849999999987
11
1.341143
21
-26.6780200000000001
0
LINE
8
Edge.Cuts
6
CONTINUOUS
10
1.341143
20
-26.6780200000000001
11
1.2742629999999999
21
-26.4721829999999976
0
LINE
8
Edge.Cuts
6
CONTINUOUS
10
1.2742629999999999
20
-26.4721829999999976
11
1.1760059999999999
21
-26.2793429999999972
0
LINE
8
Edge.Cuts
6
CONTINUOUS
10
1.1760059999999999
20
-26.2793429999999972
11
1.048791
21
-26.1042469999999973
0
LINE
8
Edge.Cuts
6
CONTINUOUS
10
1.048791
20
-26.1042469999999973
11
0.8957529999999999
21
-25.9512089999999986
0
LINE
8
Edge.Cuts
6
CONTINUOUS
10
0.8957529999999999
20
-25.9512089999999986
11
0.720657
21
-25.823993999999999
0
LINE
8
Edge.Cuts
6
CONTINUOUS
10
0.720657
20
-25.823993999999999
11
0.527817
21
-25.7257369999999987
0
LINE
8
Edge.Cuts
6
CONTINUOUS
10
0.527817
20
-25.7257369999999987
11
0.32198
21
-25.6588569999999976
0
LINE
8
Edge.Cuts
6
CONTINUOUS
10
0.32198
20
-25.6588569999999976
11
0.108215
21
-25.625
0
LINE
8
Edge.Cuts
6
CONTINUOUS
10
0.108215
20
-25.625
11
-0.108215
21
-25.625
0
LINE
8
Edge.Cuts
6
CONTINUOUS
10
-0.108215
20
-25.625
11
-0.32198
21
-25.6588569999999976
0
LINE
8
Edge.Cuts
6
CONTINUOUS
10
-0.32198
20
-25.6588569999999976
11
-0.527817
21
-25.7257369999999987
0
LINE
8
Edge.Cuts
6
CONTINUOUS
10
-0.527817
20
-25.7257369999999987
11
-0.720657
21
-25.823993999999999
0
LINE
8
Edge.Cuts
6
CONTINUOUS
10
-0.720657
20
-25.823993999999999
11
-0.8957529999999999
21
-25.9512089999999986
0
LINE
8
Edge.Cuts
6
CONTINUOUS
10
-0.8957529999999999
20
-25.9512089999999986
11
-1.048791
21
-26.1042469999999973
0
LINE
8
Edge.Cuts
6
CONTINUOUS
10
-1.048791
20
-26.1042469999999973
11
-1.1760059999999999
21
-26.2793429999999972
0
LINE
8
Edge.Cuts
6
CONTINUOUS
10
-1.1760059999999999
20
-26.2793429999999972
11
-1.2742629999999999
21
-26.4721829999999976
0
LINE
8
Edge.Cuts
6
CONTINUOUS
10
-1.2742629999999999
20
-26.4721829999999976
11
-1.341143
21
-26.6780200000000001
0
LINE
8
Edge.Cuts
6
CONTINUOUS
10
-1.341143
20
-26.6780200000000001
11
-1.375
21
-26.8917849999999987
0
LINE
8
Edge.Cuts
6
CONTINUOUS
10
-1.375
20
-26.8917849999999987
11
-1.375
21
-27.1082149999999977
0
LINE
8
Edge.Cuts
6
CONTINUOUS
10
17.0095670000000005
20
17.0230969999999999
11
17.0230969999999999
21
17.0095670000000005
0
LINE
8
Edge.Cuts
6
CONTINUOUS
10
17.0230969999999999
20
17.0095670000000005
11
17.0249999999999986
21
17.
0
LINE
8
Edge.Cuts
6
CONTINUOUS
10
17.0249999999999986
20
17.
11
17.0249999999999986
21
-17.
0
LINE
8
Edge.Cuts
6
CONTINUOUS
10
17.0249999999999986
20
-17.
11
17.0230969999999999
21
-17.0095670000000005
0
LINE
8
Edge.Cuts
6
CONTINUOUS
10
17.0230969999999999
20
-17.0095670000000005
11
17.0095670000000005
21
-17.0230969999999999
0
LINE
8
Edge.Cuts
6
CONTINUOUS
10
17.0095670000000005
20
-17.0230969999999999
11
17.
21
-17.0249999999999986
0
LINE
8
Edge.Cuts
6
CONTINUOUS
10
17.
20
-17.0249999999999986
11
-17.
21
-17.0249999999999986
0
LINE
8
Edge.Cuts
6
CONTINUOUS
10
-17.
20
-17.0249999999999986
11
-17.0095670000000005
21
-17.0230969999999999
0
LINE
8
Edge.Cuts
6
CONTINUOUS
10
-17.0095670000000005
20
-17.0230969999999999
11
-17.0230969999999999
21
-17.0095670000000005
0
LINE
8
Edge.Cuts
6
CONTINUOUS
10
-17.0230969999999999
20
-17.0095670000000005
11
-17.0249999999999986
21
-17.
0
LINE
8
Edge.Cuts
6
CONTINUOUS
10
-17.0249999999999986
20
-17.
11
-17.0249999999999986
21
17.
0
LINE
8
Edge.Cuts
6
CONTINUOUS
10
-17.0249999999999986
20
17.
11
-17.0230969999999999
21
17.0095670000000005
0
LINE
8
Edge.Cuts
6
CONTINUOUS
10
-17.0230969999999999
20
17.0095670000000005
11
-17.0095670000000005
21
17.0230969999999999
0
LINE
8
Edge.Cuts
6
CONTINUOUS
10
-17.0095670000000005
20
17.0230969999999999
11
-17.
21
17.0249999999999986
0
LINE
8
Edge.Cuts
6
CONTINUOUS
10
-17.
20
17.0249999999999986
11
17.
21
17.0249999999999986
0
LINE
8
Edge.Cuts
6
CONTINUOUS
10
17.
20
17.0249999999999986
11
17.0095670000000005
21
17.0230969999999999
0
LINE
8
Edge.Cuts
6
CONTINUOUS
10
-16.9749999999999979
20
16.9749999999999979
11
-16.9749999999999979
21
-16.9749999999999979
0
LINE
8
Edge.Cuts
6
CONTINUOUS
10
-16.9749999999999979
20
-16.9749999999999979
11
16.9749999999999979
21
-16.9749999999999979
0
LINE
8
Edge.Cuts
6
CONTINUOUS
10
16.9749999999999979
20
-16.9749999999999979
11
16.9749999999999979
21
16.9749999999999979
0
LINE
8
Edge.Cuts
6
CONTINUOUS
10
16.9749999999999979
20
16.9749999999999979
11
-16.9749999999999979
21
16.9749999999999979
0
LINE
8
Edge.Cuts
6
CONTINUOUS
10
39.098830999999997
20
-12.4164449999999995
11
39.3167830000000009
21
-12.4748459999999994
0
LINE
8
Edge.Cuts
6
CONTINUOUS
10
39.3167830000000009
20
-12.4748459999999994
11
39.5252479999999977
21
-12.5611949999999997
0
LINE
8
Edge.Cuts
6
CONTINUOUS
10
39.5252479999999977
20
-12.5611949999999997
11
39.7206589999999977
21
-12.6740149999999989
0
LINE
8
Edge.Cuts
6
CONTINUOUS
10
39.7206589999999977
20
-12.6740149999999989
11
39.8996719999999954
21
-12.8113759999999992
0
LINE
8
Edge.Cuts
6
CONTINUOUS
10
39.8996719999999954
20
-12.8113759999999992
11
40.0592240000000004
21
-12.9709279999999989
0
LINE
8
Edge.Cuts
6
CONTINUOUS
10
40.0592240000000004
20
-12.9709279999999989
11
40.1965849999999989
21
-13.1499410000000001
0
LINE
8
Edge.Cuts
6
CONTINUOUS
10
40.1965849999999989
20
-13.1499410000000001
11
40.3094049999999982
21
-13.3453520000000001
0
LINE
8
Edge.Cuts
6
CONTINUOUS
10
40.3094049999999982
20
-13.3453520000000001
11
40.3957539999999966
21
-13.5538169999999987
0
LINE
8
Edge.Cuts
6
CONTINUOUS
10
40.3957539999999966
20
-13.5538169999999987
11
40.4541550000000001
21
-13.771768999999999
0
LINE
8
Edge.Cuts
6
CONTINUOUS
10
40.4541550000000001
20
-13.771768999999999
11
40.4836069999999992
21
-13.9954799999999988
0
LINE
8
Edge.Cuts
6
CONTINUOUS
10
40.4836069999999992
20
-13.9954799999999988
11
40.4836069999999992
21
-14.2211199999999991
0
LINE
8
Edge.Cuts
6
CONTINUOUS
10
40.4836069999999992
20
-14.2211199999999991
11
40.4541550000000001
21
-14.4448309999999989
0
LINE
8
Edge.Cuts
6
CONTINUOUS
10
40.4541550000000001
20
-14.4448309999999989
11
40.3957539999999966
21
-14.6627829999999992
0
LINE
8
Edge.Cuts
6
CONTINUOUS
10
40.3957539999999966
20
-14.6627829999999992
11
40.3094049999999982
21
-14.8712479999999996
0
LINE
8
Edge.Cuts
6
CONTINUOUS
10
40.3094049999999982
20
-14.8712479999999996
11
40.1965849999999989
21
-15.0666589999999996
0
LINE
8
Edge.Cuts
6
CONTINUOUS
10
40.1965849999999989
20
-15.0666589999999996
11
40.0592240000000004
21
-15.245671999999999
0
LINE
8
Edge.Cuts
6
CONTINUOUS
10
40.0592240000000004
20
-15.245671999999999
11
39.8996719999999954
21
-15.4052239999999987
0
LINE
8
Edge.Cuts
6
CONTINUOUS
10
39.8996719999999954
20
-15.4052239999999987
11
39.7206589999999977
21
-15.542584999999999
0
LINE
8
Edge.Cuts
6
CONTINUOUS
10
39.7206589999999977
20
-15.542584999999999
11
39.5252479999999977
21
-15.655405
0
LINE
8
Edge.Cuts
6
CONTINUOUS
10
39.5252479999999977
20
-15.655405
11
39.3167830000000009
21
-15.7417539999999985
0
LINE
8
Edge.Cuts
6
CONTINUOUS
10
39.3167830000000009
20
-15.7417539999999985
11
39.098830999999997
21
-15.8001550000000002
0
LINE
8
Edge.Cuts
6
CONTINUOUS
10
39.098830999999997
20
-15.8001550000000002
11
38.8751199999999955
21
-15.8296069999999993
0
LINE
8
Edge.Cuts
6
CONTINUOUS
10
38.8751199999999955
20
-15.8296069999999993
11
38.6494799999999969
21
-15.8296069999999993
0
LINE
8
Edge.Cuts
6
CONTINUOUS
10
38.6494799999999969
20
-15.8296069999999993
11
38.4257689999999954
21
-15.8001550000000002
0
LINE
8
Edge.Cuts
6
CONTINUOUS
10
38.4257689999999954
20
-15.8001550000000002
11
38.2078169999999986
21
-15.7417539999999985
0
LINE
8
Edge.Cuts
6
CONTINUOUS
10
38.2078169999999986
20
-15.7417539999999985
11
37.9993520000000018
21
-15.655405
0
LINE
8
Edge.Cuts
6
CONTINUOUS
10
37.9993520000000018
20
-15.655405
11
37.8039410000000018
21
-15.542584999999999
0
LINE
8
Edge.Cuts
6
CONTINUOUS
10
37.8039410000000018
20
-15.542584999999999
11
37.624927999999997
21
-15.4052239999999987
0
LINE
8
Edge.Cuts
6
CONTINUOUS
10
37.624927999999997
20
-15.4052239999999987
11
37.4653759999999991
21
-15.245671999999999
0
LINE
8
Edge.Cuts
6
CONTINUOUS
10
37.4653759999999991
20
-15.245671999999999
11
37.3280150000000006
21
-15.0666589999999996
0
LINE
8
Edge.Cuts
6
CONTINUOUS
10
37.3280150000000006
20
-15.0666589999999996
11
37.2151950000000014
21
-14.8712479999999996
0
LINE
8
Edge.Cuts
6
CONTINUOUS
10
37.2151950000000014
20
-14.8712479999999996
11
37.1288459999999958
21
-14.6627829999999992
0
LINE
8
Edge.Cuts
6
CONTINUOUS
10
37.1288459999999958
20
-14.6627829999999992
11
37.0704449999999994
21
-14.4448309999999989
0
LINE
8
Edge.Cuts
6
CONTINUOUS
10
37.0704449999999994
20
-14.4448309999999989
11
37.0409930000000003
21
-14.2211199999999991
0
LINE
8
Edge.Cuts
6
CONTINUOUS
10
37.0409930000000003
20
-14.2211199999999991
11
37.0409930000000003
21
-13.9985149999999994
0
LINE
8
Edge.Cuts
6
CONTINUOUS
10
37.0409930000000003
20
-13.9985149999999994
11
37.0409930000000003
21
-13.9954799999999988
0
LINE
8
Edge.Cuts
6
CONTINUOUS
10
37.0409930000000003
20
-13.9954799999999988
11
37.0704449999999994
21
-13.771768999999999
0
LINE
8
Edge.Cuts
6
CONTINUOUS
10
37.0704449999999994
20
-13.771768999999999
11
37.1288459999999958
21
-13.5538169999999987
0
LINE
8
Edge.Cuts
6
CONTINUOUS
10
37.1288459999999958
20
-13.5538169999999987
11
37.2151950000000014
21
-13.3453520000000001
0
LINE
8
Edge.Cuts
6
CONTINUOUS
10
37.2151950000000014
20
-13.3453520000000001
11
37.3280150000000006
21
-13.1499410000000001
0
LINE
8
Edge.Cuts
6
CONTINUOUS
10
37.3280150000000006
20
-13.1499410000000001
11
37.4653759999999991
21
-12.9709279999999989
0
LINE
8
Edge.Cuts
6
CONTINUOUS
10
37.4653759999999991
20
-12.9709279999999989
11
37.624927999999997
21
-12.8113759999999992
0
LINE
8
Edge.Cuts
6
CONTINUOUS
10
37.624927999999997
20
-12.8113759999999992
11
37.8039410000000018
21
-12.6740149999999989
0
LINE
8
Edge.Cuts
6
CONTINUOUS
10
37.8039410000000018
20
-12.6740149999999989
11
37.9993520000000018
21
-12.5611949999999997
0
LINE
8
Edge.Cuts
6
CONTINUOUS
10
37.9993520000000018
20
-12.5611949999999997
11
38.2078169999999986
21
-12.4748459999999994
0
LINE
8
Edge.Cuts
6
CONTINUOUS
10
38.2078169999999986
20
-12.4748459999999994
11
38.4257689999999954
21
-12.4164449999999995
0
LINE
8
Edge.Cuts
6
CONTINUOUS
10
38.4257689999999954
20
-12.4164449999999995
11
38.6494799999999969
21
-12.3869929999999986
0
LINE
8
Edge.Cuts
6
CONTINUOUS
10
38.6494799999999969
20
-12.3869929999999986
11
38.8751199999999955
21
-12.3869929999999986
0
LINE
8
Edge.Cuts
6
CONTINUOUS
10
38.8751199999999955
20
-12.3869929999999986
11
39.098830999999997
21
-12.4164449999999995
0
LINE
8
Edge.Cuts
6
CONTINUOUS
10
37.087299999999999
20
-14.2180849999999985
11
37.1159600000000012
21
-14.4357769999999999
0
LINE
8
Edge.Cuts
6
CONTINUOUS
10
37.1159600000000012
20
-14.4357769999999999
11
37.1727890000000016
21
-14.6478659999999987
0
LINE
8
Edge.Cuts
6
CONTINUOUS
10
37.1727890000000016
20
-14.6478659999999987
11
37.256814999999996
21
-14.8507229999999986
0
LINE
8
Edge.Cuts
6
CONTINUOUS
10
37.256814999999996
20
-14.8507229999999986
11
37.3665999999999983
21
-15.0408770000000001
0
LINE
8
Edge.Cuts
6
CONTINUOUS
10
37.3665999999999983
20
-15.0408770000000001
11
37.5002659999999963
21
-15.2150739999999995
0
LINE
8
Edge.Cuts
6
CONTINUOUS
10
37.5002659999999963
20
-15.2150739999999995
11
37.6555260000000018
21
-15.3703339999999997
0
LINE
8
Edge.Cuts
6
CONTINUOUS
10
37.6555260000000018
20
-15.3703339999999997
11
37.8297230000000013
21
-15.5039999999999996
0
LINE
8
Edge.Cuts
6
CONTINUOUS
10
37.8297230000000013
20
-15.5039999999999996
11
38.019877000000001
21
-15.613785
0
LINE
8
Edge.Cuts
6
CONTINUOUS
10
38.019877000000001
20
-15.613785
11
38.2227339999999955
21
-15.6978109999999997
0
LINE
8
Edge.Cuts
6
CONTINUOUS
10
38.2227339999999955
20
-15.6978109999999997
11
38.4348230000000015
21
-15.7546399999999984
0
LINE
8
Edge.Cuts
6
CONTINUOUS
10
38.4348230000000015
20
-15.7546399999999984
11
38.6525150000000011
21
-15.7832999999999988
0
LINE
8
Edge.Cuts
6
CONTINUOUS
10
38.6525150000000011
20
-15.7832999999999988
11
38.8720849999999984
21
-15.7832999999999988
0
LINE
8
Edge.Cuts
6
CONTINUOUS
10
38.8720849999999984
20
-15.7832999999999988
11
39.089776999999998
21
-15.7546399999999984
0
LINE
8
Edge.Cuts
6
CONTINUOUS
10
39.089776999999998
20
-15.7546399999999984
11
39.3018659999999969
21
-15.6978109999999997
0
LINE
8
Edge.Cuts
6
CONTINUOUS
10
39.3018659999999969
20
-15.6978109999999997
11
39.5047229999999985
21
-15.613785
0
LINE
8
Edge.Cuts
6
CONTINUOUS
10
39.5047229999999985
20
-15.613785
11
39.6948769999999982
21
-15.5039999999999996
0
LINE
8
Edge.Cuts
6
CONTINUOUS
10
39.6948769999999982
20
-15.5039999999999996
11
39.8690739999999977
21
-15.3703339999999997
0
LINE
8
Edge.Cuts
6
CONTINUOUS
10
39.8690739999999977
20
-15.3703339999999997
11
40.0243339999999961
21
-15.2150739999999995
0
LINE
8
Edge.Cuts
6
CONTINUOUS
10
40.0243339999999961
20
-15.2150739999999995
11
40.1580000000000013
21
-15.0408770000000001
0
LINE
8
Edge.Cuts
6
CONTINUOUS
10
40.1580000000000013
20
-15.0408770000000001
11
40.2677849999999964
21
-14.8507229999999986
0
LINE
8
Edge.Cuts
6
CONTINUOUS
10
40.2677849999999964
20
-14.8507229999999986
11
40.3518109999999979
21
-14.6478659999999987
0
LINE
8
Edge.Cuts
6
CONTINUOUS
10
40.3518109999999979
20
-14.6478659999999987
11
40.4086399999999983
21
-14.4357769999999999
0
LINE
8
Edge.Cuts
6
CONTINUOUS
10
40.4086399999999983
20
-14.4357769999999999
11
40.4373000000000005
21
-14.2180849999999985
0
LINE
8
Edge.Cuts
6
CONTINUOUS
10
40.4373000000000005
20
-14.2180849999999985
11
40.4373000000000005
21
-13.9985149999999994
0
LINE
8
Edge.Cuts
6
CONTINUOUS
10
40.4373000000000005
20
-13.9985149999999994
11
40.4086399999999983
21
-13.7808229999999998
0
LINE
8
Edge.Cuts
6
CONTINUOUS
10
40.4086399999999983
20
-13.7808229999999998
11
40.3518109999999979
21
-13.5687339999999992
0
LINE
8
Edge.Cuts
6
CONTINUOUS
10
40.3518109999999979
20
-13.5687339999999992
11
40.2677849999999964
21
-13.3658769999999993
0
LINE
8
Edge.Cuts
6
CONTINUOUS
10
40.2677849999999964
20
-13.3658769999999993
11
40.1580000000000013
21
-13.1757229999999996
0
LINE
8
Edge.Cuts
6
CONTINUOUS
10
40.1580000000000013
20
-13.1757229999999996
11
40.0243339999999961
21
-13.0015260000000001
0
LINE
8
Edge.Cuts
6
CONTINUOUS
10
40.0243339999999961
20
-13.0015260000000001
11
39.8690739999999977
21
-12.846266
0
LINE
8
Edge.Cuts
6
CONTINUOUS
10
39.8690739999999977
20
-12.846266
11
39.6948769999999982
21
-12.7126000000000001
0
LINE
8
Edge.Cuts
6
CONTINUOUS
10
39.6948769999999982
20
-12.7126000000000001
11
39.5047229999999985
21
-12.6028149999999997
0
LINE
8
Edge.Cuts
6
CONTINUOUS
10
39.5047229999999985
20
-12.6028149999999997
11
39.3018659999999969
21
-12.5187889999999999
0
LINE
8
Edge.Cuts
6
CONTINUOUS
10
39.3018659999999969
20
-12.5187889999999999
11
39.089776999999998
21
-12.4619599999999995
0
LINE
8
Edge.Cuts
6
CONTINUOUS
10
39.089776999999998
20
-12.4619599999999995
11
38.8720849999999984
21
-12.4332999999999991
0
LINE
8
Edge.Cuts
6
CONTINUOUS
10
38.8720849999999984
20
-12.4332999999999991
11
38.6525150000000011
21
-12.4332999999999991
0
LINE
8
Edge.Cuts
6
CONTINUOUS
10
38.6525150000000011
20
-12.4332999999999991
11
38.4348230000000015
21
-12.4619599999999995
0
LINE
8
Edge.Cuts
6
CONTINUOUS
10
38.4348230000000015
20
-12.4619599999999995
11
38.2227339999999955
21
-12.5187889999999999
0
LINE
8
Edge.Cuts
6
CONTINUOUS
10
38.2227339999999955
20
-12.5187889999999999
11
38.019877000000001
21
-12.6028149999999997
0
LINE
8
Edge.Cuts
6
CONTINUOUS
10
38.019877000000001
20
-12.6028149999999997
11
37.8297230000000013
21
-12.7126000000000001
0
LINE
8
Edge.Cuts
6
CONTINUOUS
10
37.8297230000000013
20
-12.7126000000000001
11
37.6555260000000018
21
-12.846266
0
LINE
8
Edge.Cuts
6
CONTINUOUS
10
37.6555260000000018
20
-12.846266
11
37.5002659999999963
21
-13.0015260000000001
0
LINE
8
Edge.Cuts
6
CONTINUOUS
10
37.5002659999999963
20
-13.0015260000000001
11
37.3665999999999983
21
-13.1757229999999996
0
LINE
8
Edge.Cuts
6
CONTINUOUS
10
37.3665999999999983
20
-13.1757229999999996
11
37.256814999999996
21
-13.3658769999999993
0
LINE
8
Edge.Cuts
6
CONTINUOUS
10
37.256814999999996
20
-13.3658769999999993
11
37.1727890000000016
21
-13.5687339999999992
0
LINE
8
Edge.Cuts
6
CONTINUOUS
10
37.1727890000000016
20
-13.5687339999999992
11
37.1159600000000012
21
-13.7808229999999998
0
LINE
8
Edge.Cuts
6
CONTINUOUS
10
37.1159600000000012
20
-13.7808229999999998
11
37.087299999999999
21
-13.9985149999999994
0
LINE
8
Edge.Cuts
6
CONTINUOUS
10
37.087299999999999
20
-13.9985149999999994
11
37.087299999999999
21
-14.2180849999999985
0
LINE
8
Edge.Cuts
6
CONTINUOUS
10
-39.3154690000000002
20
-9.6781449999999989
11
-39.0975169999999963
21
-9.7365459999999988
0
LINE
8
Edge.Cuts
6
CONTINUOUS
10
-39.0975169999999963
20
-9.7365459999999988
11
-38.8890519999999995
21
-9.822894999999999
0
LINE
8
Edge.Cuts
6
CONTINUOUS
10
-38.8890519999999995
20
-9.822894999999999
11
-38.6936409999999995
21
-9.9357150000000001
0
LINE
8
Edge.Cuts
6
CONTINUOUS
10
-38.6936409999999995
20
-9.9357150000000001
11
-38.5146279999999948
21
-10.0730760000000004
0
LINE
8
Edge.Cuts
6
CONTINUOUS
10
-38.5146279999999948
20
-10.0730760000000004
11
-38.3550759999999968
21
-10.2326280000000001
0
LINE
8
Edge.Cuts
6
CONTINUOUS
10
-38.3550759999999968
20
-10.2326280000000001
11
-38.2177149999999983
21
-10.4116409999999995
0
LINE
8
Edge.Cuts
6
CONTINUOUS
10
-38.2177149999999983
20
-10.4116409999999995
11
-38.1048949999999991
21
-10.6070519999999995
0
LINE
8
Edge.Cuts
6
CONTINUOUS
10
-38.1048949999999991
20
-10.6070519999999995
11
-38.0185460000000006
21
-10.8155169999999998
0
LINE
8
Edge.Cuts
6
CONTINUOUS
10
-38.0185460000000006
20
-10.8155169999999998
11
-37.9601449999999971
21
-11.0334690000000002
0
LINE
8
Edge.Cuts
6
CONTINUOUS
10
-37.9601449999999971
20
-11.0334690000000002
11
-37.930692999999998
21
-11.25718
0
LINE
8
Edge.Cuts
6
CONTINUOUS
10
-37.930692999999998
20
-11.25718
11
-37.930692999999998
21
-11.4828200000000002
0
LINE
8
Edge.Cuts
6
CONTINUOUS
10
-37.930692999999998
20
-11.4828200000000002
11
-37.9601449999999971
21
-11.706531
0
LINE
8
Edge.Cuts
6
CONTINUOUS
10
-37.9601449999999971
20
-11.706531
11
-38.0185460000000006
21
-11.9244829999999986
0
LINE
8
Edge.Cuts
6
CONTINUOUS
10
-38.0185460000000006
20
-11.9244829999999986
11
-38.1048949999999991
21
-12.132947999999999
0
LINE
8
Edge.Cuts
6
CONTINUOUS
10
-38.1048949999999991
20
-12.132947999999999
11
-38.2177149999999983
21
-12.328358999999999
0
LINE
8
Edge.Cuts
6
CONTINUOUS
10
-38.2177149999999983
20
-12.328358999999999
11
-38.3550759999999968
21
-12.5073720000000002
0
LINE
8
Edge.Cuts
6
CONTINUOUS
10
-38.3550759999999968
20
-12.5073720000000002
11
-38.5146279999999948
21
-12.6669239999999999
0
LINE
8
Edge.Cuts
6
CONTINUOUS
10
-38.5146279999999948
20
-12.6669239999999999
11
-38.6936409999999995
21
-12.8042850000000001
0
LINE
8
Edge.Cuts
6
CONTINUOUS
10
-38.6936409999999995
20
-12.8042850000000001
11
-38.8890519999999995
21
-12.9171049999999994
0
LINE
8
Edge.Cuts
6
CONTINUOUS
10
-38.8890519999999995
20
-12.9171049999999994
11
-39.0975169999999963
21
-13.0034539999999996
0
LINE
8
Edge.Cuts
6
CONTINUOUS
10
-39.0975169999999963
20
-13.0034539999999996
11
-39.3154690000000002
21
-13.0618549999999995
0
LINE
8
Edge.Cuts
6
CONTINUOUS
10
-39.3154690000000002
20
-13.0618549999999995
11
-39.5391799999999947
21
-13.0913069999999987
0
LINE
8
Edge.Cuts
6
CONTINUOUS
10
-39.5391799999999947
20
-13.0913069999999987
11
-39.7648200000000003
21
-13.0913069999999987
0
LINE
8
Edge.Cuts
6
CONTINUOUS
10
-39.7648200000000003
20
-13.0913069999999987
11
-39.9885309999999947
21
-13.0618549999999995
0
LINE
8
Edge.Cuts
6
CONTINUOUS
10
-39.9885309999999947
20
-13.0618549999999995
11
-40.2064829999999986
21
-13.0034539999999996
0
LINE
8
Edge.Cuts
6
CONTINUOUS
10
-40.2064829999999986
20
-13.0034539999999996
11
-40.4149479999999954
21
-12.9171049999999994
0
LINE
8
Edge.Cuts
6
CONTINUOUS
10
-40.4149479999999954
20
-12.9171049999999994
11
-40.6103589999999954
21
-12.8042850000000001
0
LINE
8
Edge.Cuts
6
CONTINUOUS
10
-40.6103589999999954
20
-12.8042850000000001
11
-40.7893720000000002
21
-12.6669239999999999
0
LINE
8
Edge.Cuts
6
CONTINUOUS
10
-40.7893720000000002
20
-12.6669239999999999
11
-40.9489239999999981
21
-12.5073720000000002
0
LINE
8
Edge.Cuts
6
CONTINUOUS
10
-40.9489239999999981
20
-12.5073720000000002
11
-41.0862849999999966
21
-12.328358999999999
0
LINE
8
Edge.Cuts
6
CONTINUOUS
10
-41.0862849999999966
20
-12.328358999999999
11
-41.1991049999999959
21
-12.132947999999999
0
LINE
8
Edge.Cuts
6
CONTINUOUS
10
-41.1991049999999959
20
-12.132947999999999
11
-41.2854540000000014
21
-11.9244829999999986
0
LINE
8
Edge.Cuts
6
CONTINUOUS
10
-41.2854540000000014
20
-11.9244829999999986
11
-41.3438549999999978
21
-11.706531
0
LINE
8
Edge.Cuts
6
CONTINUOUS
10
-41.3438549999999978
20
-11.706531
11
-41.3733069999999969
21
-11.4828200000000002
0
LINE
8
Edge.Cuts
6
CONTINUOUS
10
-41.3733069999999969
20
-11.4828200000000002
11
-41.3733069999999969
21
-11.2602149999999988
0
LINE
8
Edge.Cuts
6
CONTINUOUS
10
-41.3733069999999969
20
-11.2602149999999988
11
-41.3733069999999969
21
-11.25718
0
LINE
8
Edge.Cuts
6
CONTINUOUS
10
-41.3733069999999969
20
-11.25718
11
-41.3438549999999978
21
-11.0334690000000002
0
LINE
8
Edge.Cuts
6
CONTINUOUS
10
-41.3438549999999978
20
-11.0334690000000002
11
-41.2854540000000014
21
-10.8155169999999998
0
LINE
8
Edge.Cuts
6
CONTINUOUS
10
-41.2854540000000014
20
-10.8155169999999998
11
-41.1991049999999959
21
-10.6070519999999995
0
LINE
8
Edge.Cuts
6
CONTINUOUS
10
-41.1991049999999959
20
-10.6070519999999995
11
-41.0862849999999966
21
-10.4116409999999995
0
LINE
8
Edge.Cuts
6
CONTINUOUS
10
-41.0862849999999966
20
-10.4116409999999995
11
-40.9489239999999981
21
-10.2326280000000001
0
LINE
8
Edge.Cuts
6
CONTINUOUS
10
-40.9489239999999981
20
-10.2326280000000001
11
-40.7893720000000002
21
-10.0730760000000004
0
LINE
8
Edge.Cuts
6
CONTINUOUS
10
-40.7893720000000002
20
-10.0730760000000004
11
-40.6103589999999954
21
-9.9357150000000001
0
LINE
8
Edge.Cuts
6
CONTINUOUS
10
-40.6103589999999954
20
-9.9357150000000001
11
-40.4149479999999954
21
-9.822894999999999
0
LINE
8
Edge.Cuts
6
CONTINUOUS
10
-40.4149479999999954
20
-9.822894999999999
11
-40.2064829999999986
21
-9.7365459999999988
0
LINE
8
Edge.Cuts
6
CONTINUOUS
10
-40.2064829999999986
20
-9.7365459999999988
11
-39.9885309999999947
21
-9.6781449999999989
0
LINE
8
Edge.Cuts
6
CONTINUOUS
10
-39.9885309999999947
20
-9.6781449999999989
11
-39.7648200000000003
21
-9.6486929999999997
0
LINE
8
Edge.Cuts
6
CONTINUOUS
10
-39.7648200000000003
20
-9.6486929999999997
11
-39.5391799999999947
21
-9.6486929999999997
0
LINE
8
Edge.Cuts
6
CONTINUOUS
10
-39.5391799999999947
20
-9.6486929999999997
11
-39.3154690000000002
21
-9.6781449999999989
0
LINE
8
Edge.Cuts
6
CONTINUOUS
10
-41.3269999999999982
20
-11.4797849999999997
11
-41.2983399999999961
21
-11.6974769999999992
0
LINE
8
Edge.Cuts
6
CONTINUOUS
10
-41.2983399999999961
20
-11.6974769999999992
11
-41.2415109999999956
21
-11.9095659999999999
0
LINE
8
Edge.Cuts
6
CONTINUOUS
10
-41.2415109999999956
20
-11.9095659999999999
11
-41.1574850000000012
21
-12.1124229999999997
0
LINE
8
Edge.Cuts
6
CONTINUOUS
10
-41.1574850000000012
20
-12.1124229999999997
11
-41.047699999999999
21
-12.3025769999999994
0
LINE
8
Edge.Cuts
6
CONTINUOUS
10
-41.047699999999999
20
-12.3025769999999994
11
-40.9140340000000009
21
-12.4767739999999989
0
LINE
8
Edge.Cuts
6
CONTINUOUS
10
-40.9140340000000009
20
-12.4767739999999989
11
-40.7587739999999954
21
-12.6320339999999991
0
LINE
8
Edge.Cuts
6
CONTINUOUS
10
-40.7587739999999954
20
-12.6320339999999991
11
-40.5845769999999959
21
-12.7656999999999989
0
LINE
8
Edge.Cuts
6
CONTINUOUS
10
-40.5845769999999959
20
-12.7656999999999989
11
-40.3944229999999962
21
-12.8754849999999994
0
LINE
8
Edge.Cuts
6
CONTINUOUS
10
-40.3944229999999962
20
-12.8754849999999994
11
-40.1915660000000017
21
-12.9595109999999991
0
LINE
8
Edge.Cuts
6
CONTINUOUS
10
-40.1915660000000017
20
-12.9595109999999991
11
-39.9794769999999957
21
-13.0163399999999996
0
LINE
8
Edge.Cuts
6
CONTINUOUS
10
-39.9794769999999957
20
-13.0163399999999996
11
-39.7617849999999962
21
-13.0449999999999999
0
LINE
8
Edge.Cuts
6
CONTINUOUS
10
-39.7617849999999962
20
-13.0449999999999999
11
-39.5422149999999988
21
-13.0449999999999999
0
LINE
8
Edge.Cuts
6
CONTINUOUS
10
-39.5422149999999988
20
-13.0449999999999999
11
-39.3245229999999992
21
-13.0163399999999996
0
LINE
8
Edge.Cuts
6
CONTINUOUS
10
-39.3245229999999992
20
-13.0163399999999996
11
-39.1124340000000004
21
-12.9595109999999991
0
LINE
8
Edge.Cuts
6
CONTINUOUS
10
-39.1124340000000004
20
-12.9595109999999991
11
-38.9095769999999987
21
-12.8754849999999994
0
LINE
8
Edge.Cuts
6
CONTINUOUS
10
-38.9095769999999987
20
-12.8754849999999994
11
-38.719422999999999
21
-12.7656999999999989
0
LINE
8
Edge.Cuts
6
CONTINUOUS
10
-38.719422999999999
20
-12.7656999999999989
11
-38.5452259999999995
21
-12.6320339999999991
0
LINE
8
Edge.Cuts
6
CONTINUOUS
10
-38.5452259999999995
20
-12.6320339999999991
11
-38.3899660000000011
21
-12.4767739999999989
0
LINE
8
Edge.Cuts
6
CONTINUOUS
10
-38.3899660000000011
20
-12.4767739999999989
11
-38.256299999999996
21
-12.3025769999999994
0
LINE
8
Edge.Cuts
6
CONTINUOUS
10
-38.256299999999996
20
-12.3025769999999994
11
-38.1465150000000008
21
-12.1124229999999997
0
LINE
8
Edge.Cuts
6
CONTINUOUS
10
-38.1465150000000008
20
-12.1124229999999997
11
-38.0624889999999994
21
-11.9095659999999999
0
LINE
8
Edge.Cuts
6
CONTINUOUS
10
-38.0624889999999994
20
-11.9095659999999999
11
-38.0056599999999989
21
-11.6974769999999992
0
LINE
8
Edge.Cuts
6
CONTINUOUS
10
-38.0056599999999989
20
-11.6974769999999992
11
-37.9769999999999968
21
-11.4797849999999997
0
LINE
8
Edge.Cuts
6
CONTINUOUS
10
-37.9769999999999968
20
-11.4797849999999997
11
-37.9769999999999968
21
-11.2602149999999988
0
LINE
8
Edge.Cuts
6
CONTINUOUS
10
-37.9769999999999968
20
-11.2602149999999988
11
-38.0056599999999989
21
-11.0425229999999992
0
LINE
8
Edge.Cuts
6
CONTINUOUS
10
-38.0056599999999989
20
-11.0425229999999992
11
-38.0624889999999994
21
-10.8304340000000003
0
LINE
8
Edge.Cuts
6
CONTINUOUS
10
-38.0624889999999994
20
-10.8304340000000003
11
-38.1465150000000008
21
-10.6275769999999987
0
LINE
8
Edge.Cuts
6
CONTINUOUS
10
-38.1465150000000008
20
-10.6275769999999987
11
-38.256299999999996
21
-10.437422999999999
0
LINE
8
Edge.Cuts
6
CONTINUOUS
10
-38.256299999999996
20
-10.437422999999999
11
-38.3899660000000011
21
-10.2632259999999995
0
LINE
8
Edge.Cuts
6
CONTINUOUS
10
-38.3899660000000011
20
-10.2632259999999995
11
-38.5452259999999995
21
-10.1079659999999993
0
LINE
8
Edge.Cuts
6
CONTINUOUS
10
-38.5452259999999995
20
-10.1079659999999993
11
-38.719422999999999
21
-9.9742999999999995
0
LINE
8
Edge.Cuts
6
CONTINUOUS
10
-38.719422999999999
20
-9.9742999999999995
11
-38.9095769999999987
21
-9.864514999999999
0
LINE
8
Edge.Cuts
6
CONTINUOUS
10
-38.9095769999999987
20
-9.864514999999999
11
-39.1124340000000004
21
-9.7804889999999993
0
LINE
8
Edge.Cuts
6
CONTINUOUS
10
-39.1124340000000004
20
-9.7804889999999993
11
-39.3245229999999992
21
-9.7236599999999989
0
LINE
8
Edge.Cuts
6
CONTINUOUS
10
-39.3245229999999992
20
-9.7236599999999989
11
-39.5422149999999988
21
-9.6950000000000003
0
LINE
8
Edge.Cuts
6
CONTINUOUS
10
-39.5422149999999988
20
-9.6950000000000003
11
-39.7617849999999962
21
-9.6950000000000003
0
LINE
8
Edge.Cuts
6
CONTINUOUS
10
-39.7617849999999962
20
-9.6950000000000003
11
-39.9794769999999957
21
-9.7236599999999989
0
LINE
8
Edge.Cuts
6
CONTINUOUS
10
-39.9794769999999957
20
-9.7236599999999989
11
-40.1915660000000017
21
-9.7804889999999993
0
LINE
8
Edge.Cuts
6
CONTINUOUS
10
-40.1915660000000017
20
-9.7804889999999993
11
-40.3944229999999962
21
-9.864514999999999
0
LINE
8
Edge.Cuts
6
CONTINUOUS
10
-40.3944229999999962
20
-9.864514999999999
11
-40.5845769999999959
21
-9.9742999999999995
0
LINE
8
Edge.Cuts
6
CONTINUOUS
10
-40.5845769999999959
20
-9.9742999999999995
11
-40.7587739999999954
21
-10.1079659999999993
0
LINE
8
Edge.Cuts
6
CONTINUOUS
10
-40.7587739999999954
20
-10.1079659999999993
11
-40.9140340000000009
21
-10.2632259999999995
0
LINE
8
Edge.Cuts
6
CONTINUOUS
10
-40.9140340000000009
20
-10.2632259999999995
11
-41.047699999999999
21
-10.437422999999999
0
LINE
8
Edge.Cuts
6
CONTINUOUS
10
-41.047699999999999
20
-10.437422999999999
11
-41.1574850000000012
21
-10.6275769999999987
0
LINE
8
Edge.Cuts
6
CONTINUOUS
10
-41.1574850000000012
20
-10.6275769999999987
11
-41.2415109999999956
21
-10.8304340000000003
0
LINE
8
Edge.Cuts
6
CONTINUOUS
10
-41.2415109999999956
20
-10.8304340000000003
11
-41.2983399999999961
21
-11.0425229999999992
0
LINE
8
Edge.Cuts
6
CONTINUOUS
10
-41.2983399999999961
20
-11.0425229999999992
11
-41.3269999999999982
21
-11.2602149999999988
0
LINE
8
Edge.Cuts
6
CONTINUOUS
10
-41.3269999999999982
20
-11.2602149999999988
11
-41.3269999999999982
21
-11.4797849999999997
0
LINE
8
Edge.Cuts
6
CONTINUOUS
10
-26.6673399999999994
20
1.3856269999999999
11
-26.4546759999999992
21
1.3165279999999999
0
LINE
8
Edge.Cuts
6
CONTINUOUS
10
-26.4546759999999992
20
1.3165279999999999
11
-26.2554400000000001
21
1.215012
0
LINE
8
Edge.Cuts
6
CONTINUOUS
10
-26.2554400000000001
20
1.215012
11
-26.0745369999999994
21
1.0835789999999998
0
LINE
8
Edge.Cuts
6
CONTINUOUS
10
-26.0745369999999994
20
1.0835789999999998
11
-25.9164209999999997
21
0.9254629999999999
0
LINE
8
Edge.Cuts
6
CONTINUOUS
10
-25.9164209999999997
20
0.9254629999999999
11
-25.7849879999999985
21
0.74456
0
LINE
8
Edge.Cuts
6
CONTINUOUS
10
-25.7849879999999985
20
0.74456
11
-25.6834719999999983
21
0.5453239999999999
0
LINE
8
Edge.Cuts
6
CONTINUOUS
10
-25.6834719999999983
20
0.5453239999999999
11
-25.6143730000000005
21
0.33266
0
LINE
8
Edge.Cuts
6
CONTINUOUS
10
-25.6143730000000005
20
0.33266
11
-25.5793929999999996
21
0.111804
0
LINE
8
Edge.Cuts
6
CONTINUOUS
10
-25.5793929999999996
20
0.111804
11
-25.5793929999999996
21
-0.111804
0
LINE
8
Edge.Cuts
6
CONTINUOUS
10
-25.5793929999999996
20
-0.111804
11
-25.6143730000000005
21
-0.33266
0
LINE
8
Edge.Cuts
6
CONTINUOUS
10
-25.6143730000000005
20
-0.33266
11
-25.6834719999999983
21
-0.5453239999999999
0
LINE
8
Edge.Cuts
6
CONTINUOUS
10
-25.6834719999999983
20
-0.5453239999999999
11
-25.7849879999999985
21
-0.74456
0
LINE
8
Edge.Cuts
6
CONTINUOUS
10
-25.7849879999999985
20
-0.74456
11
-25.9164209999999997
21
-0.9254629999999999
0
LINE
8
Edge.Cuts
6
CONTINUOUS
10
-25.9164209999999997
20
-0.9254629999999999
11
-26.0745369999999994
21
-1.0835789999999998
0
LINE
8
Edge.Cuts
6
CONTINUOUS
10
-26.0745369999999994
20
-1.0835789999999998
11
-26.2554400000000001
21
-1.215012
0
LINE
8
Edge.Cuts
6
CONTINUOUS
10
-26.2554400000000001
20
-1.215012
11
-26.4546759999999992
21
-1.3165279999999999
0
LINE
8
Edge.Cuts
6
CONTINUOUS
10
-26.4546759999999992
20
-1.3165279999999999
11
-26.6673399999999994
21
-1.3856269999999999
0
LINE
8
Edge.Cuts
6
CONTINUOUS
10
-26.6673399999999994
20
-1.3856269999999999
11
-26.8881959999999971
21
-1.420607
0
LINE
8
Edge.Cuts
6
CONTINUOUS
10
-26.8881959999999971
20
-1.420607
11
-27.1118039999999993
21
-1.420607
0
LINE
8
Edge.Cuts
6
CONTINUOUS
10
-27.1118039999999993
20
-1.420607
11
-27.3326599999999971
21
-1.3856269999999999
0
LINE
8
Edge.Cuts
6
CONTINUOUS
10
-27.3326599999999971
20
-1.3856269999999999
11
-27.5453239999999973
21
-1.3165279999999999
0
LINE
8
Edge.Cuts
6
CONTINUOUS
10
-27.5453239999999973
20
-1.3165279999999999
11
-27.7445599999999999
21
-1.215012
0
LINE
8
Edge.Cuts
6
CONTINUOUS
10
-27.7445599999999999
20
-1.215012
11
-27.925462999999997
21
-1.0835789999999998
0
LINE
8
Edge.Cuts
6
CONTINUOUS
10
-27.925462999999997
20
-1.0835789999999998
11
-28.0835790000000003
21
-0.9254629999999999
0
LINE
8
Edge.Cuts
6
CONTINUOUS
10
-28.0835790000000003
20
-0.9254629999999999
11
-28.215011999999998
21
-0.74456
0
LINE
8
Edge.Cuts
6
CONTINUOUS
10
-28.215011999999998
20
-0.74456
11
-28.3165279999999981
21
-0.5453239999999999
0
LINE
8
Edge.Cuts
6
CONTINUOUS
10
-28.3165279999999981
20
-0.5453239999999999
11
-28.3856269999999995
21
-0.33266
0
LINE
8
Edge.Cuts
6
CONTINUOUS
10
-28.3856269999999995
20
-0.33266
11
-28.4206070000000004
21
-0.111804
0
LINE
8
Edge.Cuts
6
CONTINUOUS
10
-28.4206070000000004
20
-0.111804
11
-28.4206070000000004
21
0.108215
0
LINE
8
Edge.Cuts
6
CONTINUOUS
10
-28.4206070000000004
20
0.108215
11
-28.4206070000000004
21
0.111804
0
LINE
8
Edge.Cuts
6
CONTINUOUS
10
-28.4206070000000004
20
0.111804
11
-28.3856269999999995
21
0.33266
0
LINE
8
Edge.Cuts
6
CONTINUOUS
10
-28.3856269999999995
20
0.33266
11
-28.3165279999999981
21
0.5453239999999999
0
LINE
8
Edge.Cuts
6
CONTINUOUS
10
-28.3165279999999981
20
0.5453239999999999
11
-28.215011999999998
21
0.74456
0
LINE
8
Edge.Cuts
6
CONTINUOUS
10
-28.215011999999998
20
0.74456
11
-28.0835790000000003
21
0.9254629999999999
0
LINE
8
Edge.Cuts
6
CONTINUOUS
10
-28.0835790000000003
20
0.9254629999999999
11
-27.925462999999997
21
1.0835789999999998
0
LINE
8
Edge.Cuts
6
CONTINUOUS
10
-27.925462999999997
20
1.0835789999999998
11
-27.7445599999999999
21
1.215012
0
LINE
8
Edge.Cuts
6
CONTINUOUS
10
-27.7445599999999999
20
1.215012
11
-27.5453239999999973
21
1.3165279999999999
0
LINE
8
Edge.Cuts
6
CONTINUOUS
10
-27.5453239999999973
20
1.3165279999999999
11
-27.3326599999999971
21
1.3856269999999999
0
LINE
8
Edge.Cuts
6
CONTINUOUS
10
-27.3326599999999971
20
1.3856269999999999
11
-27.1118039999999993
21
1.420607
0
LINE
8
Edge.Cuts
6
CONTINUOUS
10
-27.1118039999999993
20
1.420607
11
-26.8881959999999971
21
1.420607
0
LINE
8
Edge.Cuts
6
CONTINUOUS
10
-26.8881959999999971
20
1.420607
11
-26.6673399999999994
21
1.3856269999999999
0
LINE
8
Edge.Cuts
6
CONTINUOUS
10
-28.375
20
-0.108215
11
-28.3411429999999989
21
-0.32198
0
LINE
8
Edge.Cuts
6
CONTINUOUS
10
-28.3411429999999989
20
-0.32198
11
-28.2742629999999977
21
-0.527817
0
LINE
8
Edge.Cuts
6
CONTINUOUS
10
-28.2742629999999977
20
-0.527817
11
-28.1760059999999974
21
-0.720657
0
LINE
8
Edge.Cuts
6
CONTINUOUS
10
-28.1760059999999974
20
-0.720657
11
-28.0487909999999978
21
-0.8957529999999999
0
LINE
8
Edge.Cuts
6
CONTINUOUS
10
-28.0487909999999978
20
-0.8957529999999999
11
-27.8957529999999991
21
-1.048791
0
LINE
8
Edge.Cuts
6
CONTINUOUS
10
-27.8957529999999991
20
-1.048791
11
-27.7206569999999992
21
-1.1760059999999999
0
LINE
8
Edge.Cuts
6
CONTINUOUS
10
-27.7206569999999992
20
-1.1760059999999999
11
-27.5278169999999989
21
-1.2742629999999999
0
LINE
8
Edge.Cuts
6
CONTINUOUS
10
-27.5278169999999989
20
-1.2742629999999999
11
-27.3219799999999999
21
-1.341143
0
LINE
8
Edge.Cuts
6
CONTINUOUS
10
-27.3219799999999999
20
-1.341143
11
-27.1082149999999977
21
-1.375
0
LINE
8
Edge.Cuts
6
CONTINUOUS
10
-27.1082149999999977
20
-1.375
11
-26.8917849999999987
21
-1.375
0
LINE
8
Edge.Cuts
6
CONTINUOUS
10
-26.8917849999999987
20
-1.375
11
-26.6780200000000001
21
-1.341143
0
LINE
8
Edge.Cuts
6
CONTINUOUS
10
-26.6780200000000001
20
-1.341143
11
-26.4721829999999976
21
-1.2742629999999999
0
LINE
8
Edge.Cuts
6
CONTINUOUS
10
-26.4721829999999976
20
-1.2742629999999999
11
-26.2793429999999972
21
-1.1760059999999999
0
LINE
8
Edge.Cuts
6
CONTINUOUS
10
-26.2793429999999972
20
-1.1760059999999999
11
-26.1042469999999973
21
-1.048791
0
LINE
8
Edge.Cuts
6
CONTINUOUS
10
-26.1042469999999973
20
-1.048791
11
-25.9512089999999986
21
-0.8957529999999999
0
LINE
8
Edge.Cuts
6
CONTINUOUS
10
-25.9512089999999986
20
-0.8957529999999999
11
-25.823993999999999
21
-0.720657
0
LINE
8
Edge.Cuts
6
CONTINUOUS
10
-25.823993999999999
20
-0.720657
11
-25.7257369999999987
21
-0.527817
0
LINE
8
Edge.Cuts
6
CONTINUOUS
10
-25.7257369999999987
20
-0.527817
11
-25.6588569999999976
21
-0.32198
0
LINE
8
Edge.Cuts
6
CONTINUOUS
10
-25.6588569999999976
20
-0.32198
11
-25.625
21
-0.108215
0
LINE
8
Edge.Cuts
6
CONTINUOUS
10
-25.625
20
-0.108215
11
-25.625
21
0.108215
0
LINE
8
Edge.Cuts
6
CONTINUOUS
10
-25.625
20
0.108215
11
-25.6588569999999976
21
0.32198
0
LINE
8
Edge.Cuts
6
CONTINUOUS
10
-25.6588569999999976
20
0.32198
11
-25.7257369999999987
21
0.527817
0
LINE
8
Edge.Cuts
6
CONTINUOUS
10
-25.7257369999999987
20
0.527817
11
-25.823993999999999
21
0.720657
0
LINE
8
Edge.Cuts
6
CONTINUOUS
10
-25.823993999999999
20
0.720657
11
-25.9512089999999986
21
0.8957529999999999
0
LINE
8
Edge.Cuts
6
CONTINUOUS
10
-25.9512089999999986
20
0.8957529999999999
11
-26.1042469999999973
21
1.048791
0
LINE
8
Edge.Cuts
6
CONTINUOUS
10
-26.1042469999999973
20
1.048791
11
-26.2793429999999972
21
1.1760059999999999
0
LINE
8
Edge.Cuts
6
CONTINUOUS
10
-26.2793429999999972
20
1.1760059999999999
11
-26.4721829999999976
21
1.2742629999999999
0
LINE
8
Edge.Cuts
6
CONTINUOUS
10
-26.4721829999999976
20
1.2742629999999999
11
-26.6780200000000001
21
1.341143
0
LINE
8
Edge.Cuts
6
CONTINUOUS
10
-26.6780200000000001
20
1.341143
11
-26.8917849999999987
21
1.375
0
LINE
8
Edge.Cuts
6
CONTINUOUS
10
-26.8917849999999987
20
1.375
11
-27.1082149999999977
21
1.375
0
LINE
8
Edge.Cuts
6
CONTINUOUS
10
-27.1082149999999977
20
1.375
11
-27.3219799999999999
21
1.341143
0
LINE
8
Edge.Cuts
6
CONTINUOUS
10
-27.3219799999999999
20
1.341143
11
-27.5278169999999989
21
1.2742629999999999
0
LINE
8
Edge.Cuts
6
CONTINUOUS
10
-27.5278169999999989
20
1.2742629999999999
11
-27.7206569999999992
21
1.1760059999999999
0
LINE
8
Edge.Cuts
6
CONTINUOUS
10
-27.7206569999999992
20
1.1760059999999999
11
-27.8957529999999991
21
1.048791
0
LINE
8
Edge.Cuts
6
CONTINUOUS
10
-27.8957529999999991
20
1.048791
11
-28.0487909999999978
21
0.8957529999999999
0
LINE
8
Edge.Cuts
6
CONTINUOUS
10
-28.0487909999999978
20
0.8957529999999999
11
-28.1760059999999974
21
0.720657
0
LINE
8
Edge.Cuts
6
CONTINUOUS
10
-28.1760059999999974
20
0.720657
11
-28.2742629999999977
21
0.527817
0
LINE
8
Edge.Cuts
6
CONTINUOUS
10
-28.2742629999999977
20
0.527817
11
-28.3411429999999989
21
0.32198
0
LINE
8
Edge.Cuts
6
CONTINUOUS
10
-28.3411429999999989
20
0.32198
11
-28.375
21
0.108215
0
LINE
8
Edge.Cuts
6
CONTINUOUS
10
-28.375
20
0.108215
11
-28.375
21
-0.108215
0
LINE
8
Edge.Cuts
6
CONTINUOUS
10
27.3326599999999971
20
1.3856269999999999
11
27.5453239999999973
21
1.3165279999999999
0
LINE
8
Edge.Cuts
6
CONTINUOUS
10
27.5453239999999973
20
1.3165279999999999
11
27.7445599999999999
21
1.215012
0
LINE
8
Edge.Cuts
6
CONTINUOUS
10
27.7445599999999999
20
1.215012
11
27.925462999999997
21
1.0835789999999998
0
LINE
8
Edge.Cuts
6
CONTINUOUS
10
27.925462999999997
20
1.0835789999999998
11
28.0835790000000003
21
0.9254629999999999
0
LINE
8
Edge.Cuts
6
CONTINUOUS
10
28.0835790000000003
20
0.9254629999999999
11
28.215011999999998
21
0.74456
0
LINE
8
Edge.Cuts
6
CONTINUOUS
10
28.215011999999998
20
0.74456
11
28.3165279999999981
21
0.5453239999999999
0
LINE
8
Edge.Cuts
6
CONTINUOUS
10
28.3165279999999981
20
0.5453239999999999
11
28.3856269999999995
21
0.33266
0
LINE
8
Edge.Cuts
6
CONTINUOUS
10
28.3856269999999995
20
0.33266
11
28.4206070000000004
21
0.111804
0
LINE
8
Edge.Cuts
6
CONTINUOUS
10
28.4206070000000004
20
0.111804
11
28.4206070000000004
21
-0.111804
0
LINE
8
Edge.Cuts
6
CONTINUOUS
10
28.4206070000000004
20
-0.111804
11
28.3856269999999995
21
-0.33266
0
LINE
8
Edge.Cuts
6
CONTINUOUS
10
28.3856269999999995
20
-0.33266
11
28.3165279999999981
21
-0.5453239999999999
0
LINE
8
Edge.Cuts
6
CONTINUOUS
10
28.3165279999999981
20
-0.5453239999999999
11
28.215011999999998
21
-0.74456
0
LINE
8
Edge.Cuts
6
CONTINUOUS
10
28.215011999999998
20
-0.74456
11
28.0835790000000003
21
-0.9254629999999999
0
LINE
8
Edge.Cuts
6
CONTINUOUS
10
28.0835790000000003
20
-0.9254629999999999
11
27.925462999999997
21
-1.0835789999999998
0
LINE
8
Edge.Cuts
6
CONTINUOUS
10
27.925462999999997
20
-1.0835789999999998
11
27.7445599999999999
21
-1.215012
0
LINE
8
Edge.Cuts
6
CONTINUOUS
10
27.7445599999999999
20
-1.215012
11
27.5453239999999973
21
-1.3165279999999999
0
LINE
8
Edge.Cuts
6
CONTINUOUS
10
27.5453239999999973
20
-1.3165279999999999
11
27.3326599999999971
21
-1.3856269999999999
0
LINE
8
Edge.Cuts
6
CONTINUOUS
10
27.3326599999999971
20
-1.3856269999999999
11
27.1118039999999993
21
-1.420607
0
LINE
8
Edge.Cuts
6
CONTINUOUS
10
27.1118039999999993
20
-1.420607
11
26.8881959999999971
21
-1.420607
0
LINE
8
Edge.Cuts
6
CONTINUOUS
10
26.8881959999999971
20
-1.420607
11
26.6673399999999994
21
-1.3856269999999999
0
LINE
8
Edge.Cuts
6
CONTINUOUS
10
26.6673399999999994
20
-1.3856269999999999
11
26.4546759999999992
21
-1.3165279999999999
0
LINE
8
Edge.Cuts
6
CONTINUOUS
10
26.4546759999999992
20
-1.3165279999999999
11
26.2554400000000001
21
-1.215012
0
LINE
8
Edge.Cuts
6
CONTINUOUS
10
26.2554400000000001
20
-1.215012
11
26.0745369999999994
21
-1.0835789999999998
0
LINE
8
Edge.Cuts
6
CONTINUOUS
10
26.0745369999999994
20
-1.0835789999999998
11
25.9164209999999997
21
-0.9254629999999999
0
LINE
8
Edge.Cuts
6
CONTINUOUS
10
25.9164209999999997
20
-0.9254629999999999
11
25.7849879999999985
21
-0.74456
0
LINE
8
Edge.Cuts
6
CONTINUOUS
10
25.7849879999999985
20
-0.74456
11
25.6834719999999983
21
-0.5453239999999999
0
LINE
8
Edge.Cuts
6
CONTINUOUS
10
25.6834719999999983
20
-0.5453239999999999
11
25.6143730000000005
21
-0.33266
0
LINE
8
Edge.Cuts
6
CONTINUOUS
10
25.6143730000000005
20
-0.33266
11
25.5793929999999996
21
-0.111804
0
LINE
8
Edge.Cuts
6
CONTINUOUS
10
25.5793929999999996
20
-0.111804
11
25.5793929999999996
21
0.108215
0
LINE
8
Edge.Cuts
6
CONTINUOUS
10
25.5793929999999996
20
0.108215
11
25.5793929999999996
21
0.111804
0
LINE
8
Edge.Cuts
6
CONTINUOUS
10
25.5793929999999996
20
0.111804
11
25.6143730000000005
21
0.33266
0
LINE
8
Edge.Cuts
6
CONTINUOUS
10
25.6143730000000005
20
0.33266
11
25.6834719999999983
21
0.5453239999999999
0
LINE
8
Edge.Cuts
6
CONTINUOUS
10
25.6834719999999983
20
0.5453239999999999
11
25.7849879999999985
21
0.74456
0
LINE
8
Edge.Cuts
6
CONTINUOUS
10
25.7849879999999985
20
0.74456
11
25.9164209999999997
21
0.9254629999999999
0
LINE
8
Edge.Cuts
6
CONTINUOUS
10
25.9164209999999997
20
0.9254629999999999
11
26.0745369999999994
21
1.0835789999999998
0
LINE
8
Edge.Cuts
6
CONTINUOUS
10
26.0745369999999994
20
1.0835789999999998
11
26.2554400000000001
21
1.215012
0
LINE
8
Edge.Cuts
6
CONTINUOUS
10
26.2554400000000001
20
1.215012
11
26.4546759999999992
21
1.3165279999999999
0
LINE
8
Edge.Cuts
6
CONTINUOUS
10
26.4546759999999992
20
1.3165279999999999
11
26.6673399999999994
21
1.3856269999999999
0
LINE
8
Edge.Cuts
6
CONTINUOUS
10
26.6673399999999994
20
1.3856269999999999
11
26.8881959999999971
21
1.420607
0
LINE
8
Edge.Cuts
6
CONTINUOUS
10
26.8881959999999971
20
1.420607
11
27.1118039999999993
21
1.420607
0
LINE
8
Edge.Cuts
6
CONTINUOUS
10
27.1118039999999993
20
1.420607
11
27.3326599999999971
21
1.3856269999999999
0
LINE
8
Edge.Cuts
6
CONTINUOUS
10
25.625
20
-0.108215
11
25.6588569999999976
21
-0.32198
0
LINE
8
Edge.Cuts
6
CONTINUOUS
10
25.6588569999999976
20
-0.32198
11
25.7257369999999987
21
-0.527817
0
LINE
8
Edge.Cuts
6
CONTINUOUS
10
25.7257369999999987
20
-0.527817
11
25.823993999999999
21
-0.720657
0
LINE
8
Edge.Cuts
6
CONTINUOUS
10
25.823993999999999
20
-0.720657
11
25.9512089999999986
21
-0.8957529999999999
0
LINE
8
Edge.Cuts
6
CONTINUOUS
10
25.9512089999999986
20
-0.8957529999999999
11
26.1042469999999973
21
-1.048791
0
LINE
8
Edge.Cuts
6
CONTINUOUS
10
26.1042469999999973
20
-1.048791
11
26.2793429999999972
21
-1.1760059999999999
0
LINE
8
Edge.Cuts
6
CONTINUOUS
10
26.2793429999999972
20
-1.1760059999999999
11
26.4721829999999976
21
-1.2742629999999999
0
LINE
8
Edge.Cuts
6
CONTINUOUS
10
26.4721829999999976
20
-1.2742629999999999
11
26.6780200000000001
21
-1.341143
0
LINE
8
Edge.Cuts
6
CONTINUOUS
10
26.6780200000000001
20
-1.341143
11
26.8917849999999987
21
-1.375
0
LINE
8
Edge.Cuts
6
CONTINUOUS
10
26.8917849999999987
20
-1.375
11
27.1082149999999977
21
-1.375
0
LINE
8
Edge.Cuts
6
CONTINUOUS
10
27.1082149999999977
20
-1.375
11
27.3219799999999999
21
-1.341143
0
LINE
8
Edge.Cuts
6
CONTINUOUS
10
27.3219799999999999
20
-1.341143
11
27.5278169999999989
21
-1.2742629999999999
0
LINE
8
Edge.Cuts
6
CONTINUOUS
10
27.5278169999999989
20
-1.2742629999999999
11
27.7206569999999992
21
-1.1760059999999999
0
LINE
8
Edge.Cuts
6
CONTINUOUS
10
27.7206569999999992
20
-1.1760059999999999
11
27.8957529999999991
21
-1.048791
0
LINE
8
Edge.Cuts
6
CONTINUOUS
10
27.8957529999999991
20
-1.048791
11
28.0487909999999978
21
-0.8957529999999999
0
LINE
8
Edge.Cuts
6
CONTINUOUS
10
28.0487909999999978
20
-0.8957529999999999
11
28.1760059999999974
21
-0.720657
0
LINE
8
Edge.Cuts
6
CONTINUOUS
10
28.1760059999999974
20
-0.720657
11
28.2742629999999977
21
-0.527817
0
LINE
8
Edge.Cuts
6
CONTINUOUS
10
28.2742629999999977
20
-0.527817
11
28.3411429999999989
21
-0.32198
0
LINE
8
Edge.Cuts
6
CONTINUOUS
10
28.3411429999999989
20
-0.32198
11
28.375
21
-0.108215
0
LINE
8
Edge.Cuts
6
CONTINUOUS
10
28.375
20
-0.108215
11
28.375
21
0.108215
0
LINE
8
Edge.Cuts
6
CONTINUOUS
10
28.375
20
0.108215
11
28.3411429999999989
21
0.32198
0
LINE
8
Edge.Cuts
6
CONTINUOUS
10
28.3411429999999989
20
0.32198
11
28.2742629999999977
21
0.527817
0
LINE
8
Edge.Cuts
6
CONTINUOUS
10
28.2742629999999977
20
0.527817
11
28.1760059999999974
21
0.720657
0
LINE
8
Edge.Cuts
6
CONTINUOUS
10
28.1760059999999974
20
0.720657
11
28.0487909999999978
21
0.8957529999999999
0
LINE
8
Edge.Cuts
6
CONTINUOUS
10
28.0487909999999978
20
0.8957529999999999
11
27.8957529999999991
21
1.048791
0
LINE
8
Edge.Cuts
6
CONTINUOUS
10
27.8957529999999991
20
1.048791
11
27.7206569999999992
21
1.1760059999999999
0
LINE
8
Edge.Cuts
6
CONTINUOUS
10
27.7206569999999992
20
1.1760059999999999
11
27.5278169999999989
21
1.2742629999999999
0
LINE
8
Edge.Cuts
6
CONTINUOUS
10
27.5278169999999989
20
1.2742629999999999
11
27.3219799999999999
21
1.341143
0
LINE
8
Edge.Cuts
6
CONTINUOUS
10
27.3219799999999999
20
1.341143
11
27.1082149999999977
21
1.375
0
LINE
8
Edge.Cuts
6
CONTINUOUS
10
27.1082149999999977
20
1.375
11
26.8917849999999987
21
1.375
0
LINE
8
Edge.Cuts
6
CONTINUOUS
10
26.8917849999999987
20
1.375
11
26.6780200000000001
21
1.341143
0
LINE
8
Edge.Cuts
6
CONTINUOUS
10
26.6780200000000001
20
1.341143
11
26.4721829999999976
21
1.2742629999999999
0
LINE
8
Edge.Cuts
6
CONTINUOUS
10
26.4721829999999976
20
1.2742629999999999
11
26.2793429999999972
21
1.1760059999999999
0
LINE
8
Edge.Cuts
6
CONTINUOUS
10
26.2793429999999972
20
1.1760059999999999
11
26.1042469999999973
21
1.048791
0
LINE
8
Edge.Cuts
6
CONTINUOUS
10
26.1042469999999973
20
1.048791
11
25.9512089999999986
21
0.8957529999999999
0
LINE
8
Edge.Cuts
6
CONTINUOUS
10
25.9512089999999986
20
0.8957529999999999
11
25.823993999999999
21
0.720657
0
LINE
8
Edge.Cuts
6
CONTINUOUS
10
25.823993999999999
20
0.720657
11
25.7257369999999987
21
0.527817
0
LINE
8
Edge.Cuts
6
CONTINUOUS
10
25.7257369999999987
20
0.527817
11
25.6588569999999976
21
0.32198
0
LINE
8
Edge.Cuts
6
CONTINUOUS
10
25.6588569999999976
20
0.32198
11
25.625
21
0.108215
0
LINE
8
Edge.Cuts
6
CONTINUOUS
10
25.625
20
0.108215
11
25.625
21
-0.108215
0
LINE
8
Edge.Cuts
6
CONTINUOUS
10
-39.3154690000000002
20
13.0618549999999995
11
-39.0975169999999963
21
13.0034539999999996
0
LINE
8
Edge.Cuts
6
CONTINUOUS
10
-39.0975169999999963
20
13.0034539999999996
11
-38.8890519999999995
21
12.9171049999999994
0
LINE
8
Edge.Cuts
6
CONTINUOUS
10
-38.8890519999999995
20
12.9171049999999994
11
-38.6936409999999995
21
12.8042850000000001
0
LINE
8
Edge.Cuts
6
CONTINUOUS
10
-38.6936409999999995
20
12.8042850000000001
11
-38.5146279999999948
21
12.6669239999999999
0
LINE
8
Edge.Cuts
6
CONTINUOUS
10
-38.5146279999999948
20
12.6669239999999999
11
-38.3550759999999968
21
12.5073720000000002
0
LINE
8
Edge.Cuts
6
CONTINUOUS
10
-38.3550759999999968
20
12.5073720000000002
11
-38.2177149999999983
21
12.328358999999999
0
LINE
8
Edge.Cuts
6
CONTINUOUS
10
-38.2177149999999983
20
12.328358999999999
11
-38.1048949999999991
21
12.132947999999999
0
LINE
8
Edge.Cuts
6
CONTINUOUS
10
-38.1048949999999991
20
12.132947999999999
11
-38.0185460000000006
21
11.9244829999999986
0
LINE
8
Edge.Cuts
6
CONTINUOUS
10
-38.0185460000000006
20
11.9244829999999986
11
-37.9601449999999971
21
11.706531
0
LINE
8
Edge.Cuts
6
CONTINUOUS
10
-37.9601449999999971
20
11.706531
11
-37.930692999999998
21
11.4828200000000002
0
LINE
8
Edge.Cuts
6
CONTINUOUS
10
-37.930692999999998
20
11.4828200000000002
11
-37.930692999999998
21
11.25718
0
LINE
8
Edge.Cuts
6
CONTINUOUS
10
-37.930692999999998
20
11.25718
11
-37.9601449999999971
21
11.0334690000000002
0
LINE
8
Edge.Cuts
6
CONTINUOUS
10
-37.9601449999999971
20
11.0334690000000002
11
-38.0185460000000006
21
10.8155169999999998
0
LINE
8
Edge.Cuts
6
CONTINUOUS
10
-38.0185460000000006
20
10.8155169999999998
11
-38.1048949999999991
21
10.6070519999999995
0
LINE
8
Edge.Cuts
6
CONTINUOUS
10
-38.1048949999999991
20
10.6070519999999995
11
-38.2177149999999983
21
10.4116409999999995
0
LINE
8
Edge.Cuts
6
CONTINUOUS
10
-38.2177149999999983
20
10.4116409999999995
11
-38.3550759999999968
21
10.2326280000000001
0
LINE
8
Edge.Cuts
6
CONTINUOUS
10
-38.3550759999999968
20
10.2326280000000001
11
-38.5146279999999948
21
10.0730760000000004
0
LINE
8
Edge.Cuts
6
CONTINUOUS
10
-38.5146279999999948
20
10.0730760000000004
11
-38.6936409999999995
21
9.9357150000000001
0
LINE
8
Edge.Cuts
6
CONTINUOUS
10
-38.6936409999999995
20
9.9357150000000001
11
-38.8890519999999995
21
9.822894999999999
0
LINE
8
Edge.Cuts
6
CONTINUOUS
10
-38.8890519999999995
20
9.822894999999999
11
-39.0975169999999963
21
9.7365459999999988
0
LINE
8
Edge.Cuts
6
CONTINUOUS
10
-39.0975169999999963
20
9.7365459999999988
11
-39.3154690000000002
21
9.6781449999999989
0
LINE
8
Edge.Cuts
6
CONTINUOUS
10
-39.3154690000000002
20
9.6781449999999989
11
-39.5391799999999947
21
9.6486929999999997
0
LINE
8
Edge.Cuts
6
CONTINUOUS
10
-39.5391799999999947
20
9.6486929999999997
11
-39.7648200000000003
21
9.6486929999999997
0
LINE
8
Edge.Cuts
6
CONTINUOUS
10
-39.7648200000000003
20
9.6486929999999997
11
-39.9885309999999947
21
9.6781449999999989
0
LINE
8
Edge.Cuts
6
CONTINUOUS
10
-39.9885309999999947
20
9.6781449999999989
11
-40.2064829999999986
21
9.7365459999999988
0
LINE
8
Edge.Cuts
6
CONTINUOUS
10
-40.2064829999999986
20
9.7365459999999988
11
-40.4149479999999954
21
9.822894999999999
0
LINE
8
Edge.Cuts
6
CONTINUOUS
10
-40.4149479999999954
20
9.822894999999999
11
-40.6103589999999954
21
9.9357150000000001
0
LINE
8
Edge.Cuts
6
CONTINUOUS
10
-40.6103589999999954
20
9.9357150000000001
11
-40.7893720000000002
21
10.0730760000000004
0
LINE
8
Edge.Cuts
6
CONTINUOUS
10
-40.7893720000000002
20
10.0730760000000004
11
-40.9489239999999981
21
10.2326280000000001
0
LINE
8
Edge.Cuts
6
CONTINUOUS
10
-40.9489239999999981
20
10.2326280000000001
11
-41.0862849999999966
21
10.4116409999999995
0
LINE
8
Edge.Cuts
6
CONTINUOUS
10
-41.0862849999999966
20
10.4116409999999995
11
-41.1991049999999959
21
10.6070519999999995
0
LINE
8
Edge.Cuts
6
CONTINUOUS
10
-41.1991049999999959
20
10.6070519999999995
11
-41.2854540000000014
21
10.8155169999999998
0
LINE
8
Edge.Cuts
6
CONTINUOUS
10
-41.2854540000000014
20
10.8155169999999998
11
-41.3438549999999978
21
11.0334690000000002
0
LINE
8
Edge.Cuts
6
CONTINUOUS
10
-41.3438549999999978
20
11.0334690000000002
11
-41.3733069999999969
21
11.25718
0
LINE
8
Edge.Cuts
6
CONTINUOUS
10
-41.3733069999999969
20
11.25718
11
-41.3733069999999969
21
11.4797849999999997
0
LINE
8
Edge.Cuts
6
CONTINUOUS
10
-41.3733069999999969
20
11.4797849999999997
11
-41.3733069999999969
21
11.4828200000000002
0
LINE
8
Edge.Cuts
6
CONTINUOUS
10
-41.3733069999999969
20
11.4828200000000002
11
-41.3438549999999978
21
11.706531
0
LINE
8
Edge.Cuts
6
CONTINUOUS
10
-41.3438549999999978
20
11.706531
11
-41.2854540000000014
21
11.9244829999999986
0
LINE
8
Edge.Cuts
6
CONTINUOUS
10
-41.2854540000000014
20
11.9244829999999986
11
-41.1991049999999959
21
12.132947999999999
0
LINE
8
Edge.Cuts
6
CONTINUOUS
10
-41.1991049999999959
20
12.132947999999999
11
-41.0862849999999966
21
12.328358999999999
0
LINE
8
Edge.Cuts
6
CONTINUOUS
10
-41.0862849999999966
20
12.328358999999999
11
-40.9489239999999981
21
12.5073720000000002
0
LINE
8
Edge.Cuts
6
CONTINUOUS
10
-40.9489239999999981
20
12.5073720000000002
11
-40.7893720000000002
21
12.6669239999999999
0
LINE
8
Edge.Cuts
6
CONTINUOUS
10
-40.7893720000000002
20
12.6669239999999999
11
-40.6103589999999954
21
12.8042850000000001
0
LINE
8
Edge.Cuts
6
CONTINUOUS
10
-40.6103589999999954
20
12.8042850000000001
11
-40.4149479999999954
21
12.9171049999999994
0
LINE
8
Edge.Cuts
6
CONTINUOUS
10
-40.4149479999999954
20
12.9171049999999994
11
-40.2064829999999986
21
13.0034539999999996
0
LINE
8
Edge.Cuts
6
CONTINUOUS
10
-40.2064829999999986
20
13.0034539999999996
11
-39.9885309999999947
21
13.0618549999999995
0
LINE
8
Edge.Cuts
6
CONTINUOUS
10
-39.9885309999999947
20
13.0618549999999995
11
-39.7648200000000003
21
13.0913069999999987
0
LINE
8
Edge.Cuts
6
CONTINUOUS
10
-39.7648200000000003
20
13.0913069999999987
11
-39.5391799999999947
21
13.0913069999999987
0
LINE
8
Edge.Cuts
6
CONTINUOUS
10
-39.5391799999999947
20
13.0913069999999987
11
-39.3154690000000002
21
13.0618549999999995
0
LINE
8
Edge.Cuts
6
CONTINUOUS
10
-41.3269999999999982
20
11.2602149999999988
11
-41.2983399999999961
21
11.0425229999999992
0
LINE
8
Edge.Cuts
6
CONTINUOUS
10
-41.2983399999999961
20
11.0425229999999992
11
-41.2415109999999956
21
10.8304340000000003
0
LINE
8
Edge.Cuts
6
CONTINUOUS
10
-41.2415109999999956
20
10.8304340000000003
11
-41.1574850000000012
21
10.6275769999999987
0
LINE
8
Edge.Cuts
6
CONTINUOUS
10
-41.1574850000000012
20
10.6275769999999987
11
-41.047699999999999
21
10.437422999999999
0
LINE
8
Edge.Cuts
6
CONTINUOUS
10
-41.047699999999999
20
10.437422999999999
11
-40.9140340000000009
21
10.2632259999999995
0
LINE
8
Edge.Cuts
6
CONTINUOUS
10
-40.9140340000000009
20
10.2632259999999995
11
-40.7587739999999954
21
10.1079659999999993
0
LINE
8
Edge.Cuts
6
CONTINUOUS
10
-40.7587739999999954
20
10.1079659999999993
11
-40.5845769999999959
21
9.9742999999999995
0
LINE
8
Edge.Cuts
6
CONTINUOUS
10
-40.5845769999999959
20
9.9742999999999995
11
-40.3944229999999962
21
9.864514999999999
0
LINE
8
Edge.Cuts
6
CONTINUOUS
10
-40.3944229999999962
20
9.864514999999999
11
-40.1915660000000017
21
9.7804889999999993
0
LINE
8
Edge.Cuts
6
CONTINUOUS
10
-40.1915660000000017
20
9.7804889999999993
11
-39.9794769999999957
21
9.7236599999999989
0
LINE
8
Edge.Cuts
6
CONTINUOUS
10
-39.9794769999999957
20
9.7236599999999989
11
-39.7617849999999962
21
9.6950000000000003
0
LINE
8
Edge.Cuts
6
CONTINUOUS
10
-39.7617849999999962
20
9.6950000000000003
11
-39.5422149999999988
21
9.6950000000000003
0
LINE
8
Edge.Cuts
6
CONTINUOUS
10
-39.5422149999999988
20
9.6950000000000003
11
-39.3245229999999992
21
9.7236599999999989
0
LINE
8
Edge.Cuts
6
CONTINUOUS
10
-39.3245229999999992
20
9.7236599999999989
11
-39.1124340000000004
21
9.7804889999999993
0
LINE
8
Edge.Cuts
6
CONTINUOUS
10
-39.1124340000000004
20
9.7804889999999993
11
-38.9095769999999987
21
9.864514999999999
0
LINE
8
Edge.Cuts
6
CONTINUOUS
10
-38.9095769999999987
20
9.864514999999999
11
-38.719422999999999
21
9.9742999999999995
0
LINE
8
Edge.Cuts
6
CONTINUOUS
10
-38.719422999999999
20
9.9742999999999995
11
-38.5452259999999995
21
10.1079659999999993
0
LINE
8
Edge.Cuts
6
CONTINUOUS
10
-38.5452259999999995
20
10.1079659999999993
11
-38.3899660000000011
21
10.2632259999999995
0
LINE
8
Edge.Cuts
6
CONTINUOUS
10
-38.3899660000000011
20
10.2632259999999995
11
-38.256299999999996
21
10.437422999999999
0
LINE
8
Edge.Cuts
6
CONTINUOUS
10
-38.256299999999996
20
10.437422999999999
11
-38.1465150000000008
21
10.6275769999999987
0
LINE
8
Edge.Cuts
6
CONTINUOUS
10
-38.1465150000000008
20
10.6275769999999987
11
-38.0624889999999994
21
10.8304340000000003
0
LINE
8
Edge.Cuts
6
CONTINUOUS
10
-38.0624889999999994
20
10.8304340000000003
11
-38.0056599999999989
21
11.0425229999999992
0
LINE
8
Edge.Cuts
6
CONTINUOUS
10
-38.0056599999999989
20
11.0425229999999992
11
-37.9769999999999968
21
11.2602149999999988
0
LINE
8
Edge.Cuts
6
CONTINUOUS
10
-37.9769999999999968
20
11.2602149999999988
11
-37.9769999999999968
21
11.4797849999999997
0
LINE
8
Edge.Cuts
6
CONTINUOUS
10
-37.9769999999999968
20
11.4797849999999997
11
-38.0056599999999989
21
11.6974769999999992
0
LINE
8
Edge.Cuts
6
CONTINUOUS
10
-38.0056599999999989
20
11.6974769999999992
11
-38.0624889999999994
21
11.9095659999999999
0
LINE
8
Edge.Cuts
6
CONTINUOUS
10
-38.0624889999999994
20
11.9095659999999999
11
-38.1465150000000008
21
12.1124229999999997
0
LINE
8
Edge.Cuts
6
CONTINUOUS
10
-38.1465150000000008
20
12.1124229999999997
11
-38.256299999999996
21
12.3025769999999994
0
LINE
8
Edge.Cuts
6
CONTINUOUS
10
-38.256299999999996
20
12.3025769999999994
11
-38.3899660000000011
21
12.4767739999999989
0
LINE
8
Edge.Cuts
6
CONTINUOUS
10
-38.3899660000000011
20
12.4767739999999989
11
-38.5452259999999995
21
12.6320339999999991
0
LINE
8
Edge.Cuts
6
CONTINUOUS
10
-38.5452259999999995
20
12.6320339999999991
11
-38.719422999999999
21
12.7656999999999989
0
LINE
8
Edge.Cuts
6
CONTINUOUS
10
-38.719422999999999
20
12.7656999999999989
11
-38.9095769999999987
21
12.8754849999999994
0
LINE
8
Edge.Cuts
6
CONTINUOUS
10
-38.9095769999999987
20
12.8754849999999994
11
-39.1124340000000004
21
12.9595109999999991
0
LINE
8
Edge.Cuts
6
CONTINUOUS
10
-39.1124340000000004
20
12.9595109999999991
11
-39.3245229999999992
21
13.0163399999999996
0
LINE
8
Edge.Cuts
6
CONTINUOUS
10
-39.3245229999999992
20
13.0163399999999996
11
-39.5422149999999988
21
13.0449999999999999
0
LINE
8
Edge.Cuts
6
CONTINUOUS
10
-39.5422149999999988
20
13.0449999999999999
11
-39.7617849999999962
21
13.0449999999999999
0
LINE
8
Edge.Cuts
6
CONTINUOUS
10
-39.7617849999999962
20
13.0449999999999999
11
-39.9794769999999957
21
13.0163399999999996
0
LINE
8
Edge.Cuts
6
CONTINUOUS
10
-39.9794769999999957
20
13.0163399999999996
11
-40.1915660000000017
21
12.9595109999999991
0
LINE
8
Edge.Cuts
6
CONTINUOUS
10
-40.1915660000000017
20
12.9595109999999991
11
-40.3944229999999962
21
12.8754849999999994
0
LINE
8
Edge.Cuts
6
CONTINUOUS
10
-40.3944229999999962
20
12.8754849999999994
11
-40.5845769999999959
21
12.7656999999999989
0
LINE
8
Edge.Cuts
6
CONTINUOUS
10
-40.5845769999999959
20
12.7656999999999989
11
-40.7587739999999954
21
12.6320339999999991
0
LINE
8
Edge.Cuts
6
CONTINUOUS
10
-40.7587739999999954
20
12.6320339999999991
11
-40.9140340000000009
21
12.4767739999999989
0
LINE
8
Edge.Cuts
6
CONTINUOUS
10
-40.9140340000000009
20
12.4767739999999989
11
-41.047699999999999
21
12.3025769999999994
0
LINE
8
Edge.Cuts
6
CONTINUOUS
10
-41.047699999999999
20
12.3025769999999994
11
-41.1574850000000012
21
12.1124229999999997
0
LINE
8
Edge.Cuts
6
CONTINUOUS
10
-41.1574850000000012
20
12.1124229999999997
11
-41.2415109999999956
21
11.9095659999999999
0
LINE
8
Edge.Cuts
6
CONTINUOUS
10
-41.2415109999999956
20
11.9095659999999999
11
-41.2983399999999961
21
11.6974769999999992
0
LINE
8
Edge.Cuts
6
CONTINUOUS
10
-41.2983399999999961
20
11.6974769999999992
11
-41.3269999999999982
21
11.4797849999999997
0
LINE
8
Edge.Cuts
6
CONTINUOUS
10
-41.3269999999999982
20
11.4797849999999997
11
-41.3269999999999982
21
11.2602149999999988
0
LINE
8
Edge.Cuts
6
CONTINUOUS
10
39.098830999999997
20
15.8001550000000002
11
39.3167830000000009
21
15.7417539999999985
0
LINE
8
Edge.Cuts
6
CONTINUOUS
10
39.3167830000000009
20
15.7417539999999985
11
39.5252479999999977
21
15.655405
0
LINE
8
Edge.Cuts
6
CONTINUOUS
10
39.5252479999999977
20
15.655405
11
39.7206589999999977
21
15.542584999999999
0
LINE
8
Edge.Cuts
6
CONTINUOUS
10
39.7206589999999977
20
15.542584999999999
11
39.8996719999999954
21
15.4052239999999987
0
LINE
8
Edge.Cuts
6
CONTINUOUS
10
39.8996719999999954
20
15.4052239999999987
11
40.0592240000000004
21
15.245671999999999
0
LINE
8
Edge.Cuts
6
CONTINUOUS
10
40.0592240000000004
20
15.245671999999999
11
40.1965849999999989
21
15.0666589999999996
0
LINE
8
Edge.Cuts
6
CONTINUOUS
10
40.1965849999999989
20
15.0666589999999996
11
40.3094049999999982
21
14.8712479999999996
0
LINE
8
Edge.Cuts
6
CONTINUOUS
10
40.3094049999999982
20
14.8712479999999996
11
40.3957539999999966
21
14.6627829999999992
0
LINE
8
Edge.Cuts
6
CONTINUOUS
10
40.3957539999999966
20
14.6627829999999992
11
40.4541550000000001
21
14.4448309999999989
0
LINE
8
Edge.Cuts
6
CONTINUOUS
10
40.4541550000000001
20
14.4448309999999989
11
40.4836069999999992
21
14.2211199999999991
0
LINE
8
Edge.Cuts
6
CONTINUOUS
10
40.4836069999999992
20
14.2211199999999991
11
40.4836069999999992
21
13.9954799999999988
0
LINE
8
Edge.Cuts
6
CONTINUOUS
10
40.4836069999999992
20
13.9954799999999988
11
40.4541550000000001
21
13.771768999999999
0
LINE
8
Edge.Cuts
6
CONTINUOUS
10
40.4541550000000001
20
13.771768999999999
11
40.3957539999999966
21
13.5538169999999987
0
LINE
8
Edge.Cuts
6
CONTINUOUS
10
40.3957539999999966
20
13.5538169999999987
11
40.3094049999999982
21
13.3453520000000001
0
LINE
8
Edge.Cuts
6
CONTINUOUS
10
40.3094049999999982
20
13.3453520000000001
11
40.1965849999999989
21
13.1499410000000001
0
LINE
8
Edge.Cuts
6
CONTINUOUS
10
40.1965849999999989
20
13.1499410000000001
11
40.0592240000000004
21
12.9709279999999989
0
LINE
8
Edge.Cuts
6
CONTINUOUS
10
40.0592240000000004
20
12.9709279999999989
11
39.8996719999999954
21
12.8113759999999992
0
LINE
8
Edge.Cuts
6
CONTINUOUS
10
39.8996719999999954
20
12.8113759999999992
11
39.7206589999999977
21
12.6740149999999989
0
LINE
8
Edge.Cuts
6
CONTINUOUS
10
39.7206589999999977
20
12.6740149999999989
11
39.5252479999999977
21
12.5611949999999997
0
LINE
8
Edge.Cuts
6
CONTINUOUS
10
39.5252479999999977
20
12.5611949999999997
11
39.3167830000000009
21
12.4748459999999994
0
LINE
8
Edge.Cuts
6
CONTINUOUS
10
39.3167830000000009
20
12.4748459999999994
11
39.098830999999997
21
12.4164449999999995
0
LINE
8
Edge.Cuts
6
CONTINUOUS
10
39.098830999999997
20
12.4164449999999995
11
38.8751199999999955
21
12.3869929999999986
0
LINE
8
Edge.Cuts
6
CONTINUOUS
10
38.8751199999999955
20
12.3869929999999986
11
38.6494799999999969
21
12.3869929999999986
0
LINE
8
Edge.Cuts
6
CONTINUOUS
10
38.6494799999999969
20
12.3869929999999986
11
38.4257689999999954
21
12.4164449999999995
0
LINE
8
Edge.Cuts
6
CONTINUOUS
10
38.4257689999999954
20
12.4164449999999995
11
38.2078169999999986
21
12.4748459999999994
0
LINE
8
Edge.Cuts
6
CONTINUOUS
10
38.2078169999999986
20
12.4748459999999994
11
37.9993520000000018
21
12.5611949999999997
0
LINE
8
Edge.Cuts
6
CONTINUOUS
10
37.9993520000000018
20
12.5611949999999997
11
37.8039410000000018
21
12.6740149999999989
0
LINE
8
Edge.Cuts
6
CONTINUOUS
10
37.8039410000000018
20
12.6740149999999989
11
37.624927999999997
21
12.8113759999999992
0
LINE
8
Edge.Cuts
6
CONTINUOUS
10
37.624927999999997
20
12.8113759999999992
11
37.4653759999999991
21
12.9709279999999989
0
LINE
8
Edge.Cuts
6
CONTINUOUS
10
37.4653759999999991
20
12.9709279999999989
11
37.3280150000000006
21
13.1499410000000001
0
LINE
8
Edge.Cuts
6
CONTINUOUS
10
37.3280150000000006
20
13.1499410000000001
11
37.2151950000000014
21
13.3453520000000001
0
LINE
8
Edge.Cuts
6
CONTINUOUS
10
37.2151950000000014
20
13.3453520000000001
11
37.1288459999999958
21
13.5538169999999987
0
LINE
8
Edge.Cuts
6
CONTINUOUS
10
37.1288459999999958
20
13.5538169999999987
11
37.0704449999999994
21
13.771768999999999
0
LINE
8
Edge.Cuts
6
CONTINUOUS
10
37.0704449999999994
20
13.771768999999999
11
37.0409930000000003
21
13.9954799999999988
0
LINE
8
Edge.Cuts
6
CONTINUOUS
10
37.0409930000000003
20
13.9954799999999988
11
37.0409930000000003
21
14.2180849999999985
0
LINE
8
Edge.Cuts
6
CONTINUOUS
10
37.0409930000000003
20
14.2180849999999985
11
37.0409930000000003
21
14.2211199999999991
0
LINE
8
Edge.Cuts
6
CONTINUOUS
10
37.0409930000000003
20
14.2211199999999991
11
37.0704449999999994
21
14.4448309999999989
0
LINE
8
Edge.Cuts
6
CONTINUOUS
10
37.0704449999999994
20
14.4448309999999989
11
37.1288459999999958
21
14.6627829999999992
0
LINE
8
Edge.Cuts
6
CONTINUOUS
10
37.1288459999999958
20
14.6627829999999992
11
37.2151950000000014
21
14.8712479999999996
0
LINE
8
Edge.Cuts
6
CONTINUOUS
10
37.2151950000000014
20
14.8712479999999996
11
37.3280150000000006
21
15.0666589999999996
0
LINE
8
Edge.Cuts
6
CONTINUOUS
10
37.3280150000000006
20
15.0666589999999996
11
37.4653759999999991
21
15.245671999999999
0
LINE
8
Edge.Cuts
6
CONTINUOUS
10
37.4653759999999991
20
15.245671999999999
11
37.624927999999997
21
15.4052239999999987
0
LINE
8
Edge.Cuts
6
CONTINUOUS
10
37.624927999999997
20
15.4052239999999987
11
37.8039410000000018
21
15.542584999999999
0
LINE
8
Edge.Cuts
6
CONTINUOUS
10
37.8039410000000018
20
15.542584999999999
11
37.9993520000000018
21
15.655405
0
LINE
8
Edge.Cuts
6
CONTINUOUS
10
37.9993520000000018
20
15.655405
11
38.2078169999999986
21
15.7417539999999985
0
LINE
8
Edge.Cuts
6
CONTINUOUS
10
38.2078169999999986
20
15.7417539999999985
11
38.4257689999999954
21
15.8001550000000002
0
LINE
8
Edge.Cuts
6
CONTINUOUS
10
38.4257689999999954
20
15.8001550000000002
11
38.6494799999999969
21
15.8296069999999993
0
LINE
8
Edge.Cuts
6
CONTINUOUS
10
38.6494799999999969
20
15.8296069999999993
11
38.8751199999999955
21
15.8296069999999993
0
LINE
8
Edge.Cuts
6
CONTINUOUS
10
38.8751199999999955
20
15.8296069999999993
11
39.098830999999997
21
15.8001550000000002
0
LINE
8
Edge.Cuts
6
CONTINUOUS
10
37.087299999999999
20
13.9985149999999994
11
37.1159600000000012
21
13.7808229999999998
0
LINE
8
Edge.Cuts
6
CONTINUOUS
10
37.1159600000000012
20
13.7808229999999998
11
37.1727890000000016
21
13.5687339999999992
0
LINE
8
Edge.Cuts
6
CONTINUOUS
10
37.1727890000000016
20
13.5687339999999992
11
37.256814999999996
21
13.3658769999999993
0
LINE
8
Edge.Cuts
6
CONTINUOUS
10
37.256814999999996
20
13.3658769999999993
11
37.3665999999999983
21
13.1757229999999996
0
LINE
8
Edge.Cuts
6
CONTINUOUS
10
37.3665999999999983
20
13.1757229999999996
11
37.5002659999999963
21
13.0015260000000001
0
LINE
8
Edge.Cuts
6
CONTINUOUS
10
37.5002659999999963
20
13.0015260000000001
11
37.6555260000000018
21
12.846266
0
LINE
8
Edge.Cuts
6
CONTINUOUS
10
37.6555260000000018
20
12.846266
11
37.8297230000000013
21
12.7126000000000001
0
LINE
8
Edge.Cuts
6
CONTINUOUS
10
37.8297230000000013
20
12.7126000000000001
11
38.019877000000001
21
12.6028149999999997
0
LINE
8
Edge.Cuts
6
CONTINUOUS
10
38.019877000000001
20
12.6028149999999997
11
38.2227339999999955
21
12.5187889999999999
0
LINE
8
Edge.Cuts
6
CONTINUOUS
10
38.2227339999999955
20
12.5187889999999999
11
38.4348230000000015
21
12.4619599999999995
0
LINE
8
Edge.Cuts
6
CONTINUOUS
10
38.4348230000000015
20
12.4619599999999995
11
38.6525150000000011
21
12.4332999999999991
0
LINE
8
Edge.Cuts
6
CONTINUOUS
10
38.6525150000000011
20
12.4332999999999991
11
38.8720849999999984
21
12.4332999999999991
0
LINE
8
Edge.Cuts
6
CONTINUOUS
10
38.8720849999999984
20
12.4332999999999991
11
39.089776999999998
21
12.4619599999999995
0
LINE
8
Edge.Cuts
6
CONTINUOUS
10
39.089776999999998
20
12.4619599999999995
11
39.3018659999999969
21
12.5187889999999999
0
LINE
8
Edge.Cuts
6
CONTINUOUS
10
39.3018659999999969
20
12.5187889999999999
11
39.5047229999999985
21
12.6028149999999997
0
LINE
8
Edge.Cuts
6
CONTINUOUS
10
39.5047229999999985
20
12.6028149999999997
11
39.6948769999999982
21
12.7126000000000001
0
LINE
8
Edge.Cuts
6
CONTINUOUS
10
39.6948769999999982
20
12.7126000000000001
11
39.8690739999999977
21
12.846266
0
LINE
8
Edge.Cuts
6
CONTINUOUS
10
39.8690739999999977
20
12.846266
11
40.0243339999999961
21
13.0015260000000001
0
LINE
8
Edge.Cuts
6
CONTINUOUS
10
40.0243339999999961
20
13.0015260000000001
11
40.1580000000000013
21
13.1757229999999996
0
LINE
8
Edge.Cuts
6
CONTINUOUS
10
40.1580000000000013
20
13.1757229999999996
11
40.2677849999999964
21
13.3658769999999993
0
LINE
8
Edge.Cuts
6
CONTINUOUS
10
40.2677849999999964
20
13.3658769999999993
11
40.3518109999999979
21
13.5687339999999992
0
LINE
8
Edge.Cuts
6
CONTINUOUS
10
40.3518109999999979
20
13.5687339999999992
11
40.4086399999999983
21
13.7808229999999998
0
LINE
8
Edge.Cuts
6
CONTINUOUS
10
40.4086399999999983
20
13.7808229999999998
11
40.4373000000000005
21
13.9985149999999994
0
LINE
8
Edge.Cuts
6
CONTINUOUS
10
40.4373000000000005
20
13.9985149999999994
11
40.4373000000000005
21
14.2180849999999985
0
LINE
8
Edge.Cuts
6
CONTINUOUS
10
40.4373000000000005
20
14.2180849999999985
11
40.4086399999999983
21
14.4357769999999999
0
LINE
8
Edge.Cuts
6
CONTINUOUS
10
40.4086399999999983
20
14.4357769999999999
11
40.3518109999999979
21
14.6478659999999987
0
LINE
8
Edge.Cuts
6
CONTINUOUS
10
40.3518109999999979
20
14.6478659999999987
11
40.2677849999999964
21
14.8507229999999986
0
LINE
8
Edge.Cuts
6
CONTINUOUS
10
40.2677849999999964
20
14.8507229999999986
11
40.1580000000000013
21
15.0408770000000001
0
LINE
8
Edge.Cuts
6
CONTINUOUS
10
40.1580000000000013
20
15.0408770000000001
11
40.0243339999999961
21
15.2150739999999995
0
LINE
8
Edge.Cuts
6
CONTINUOUS
10
40.0243339999999961
20
15.2150739999999995
11
39.8690739999999977
21
15.3703339999999997
0
LINE
8
Edge.Cuts
6
CONTINUOUS
10
39.8690739999999977
20
15.3703339999999997
11
39.6948769999999982
21
15.5039999999999996
0
LINE
8
Edge.Cuts
6
CONTINUOUS
10
39.6948769999999982
20
15.5039999999999996
11
39.5047229999999985
21
15.613785
0
LINE
8
Edge.Cuts
6
CONTINUOUS
10
39.5047229999999985
20
15.613785
11
39.3018659999999969
21
15.6978109999999997
0
LINE
8
Edge.Cuts
6
CONTINUOUS
10
39.3018659999999969
20
15.6978109999999997
11
39.089776999999998
21
15.7546399999999984
0
LINE
8
Edge.Cuts
6
CONTINUOUS
10
39.089776999999998
20
15.7546399999999984
11
38.8720849999999984
21
15.7832999999999988
0
LINE
8
Edge.Cuts
6
CONTINUOUS
10
38.8720849999999984
20
15.7832999999999988
11
38.6525150000000011
21
15.7832999999999988
0
LINE
8
Edge.Cuts
6
CONTINUOUS
10
38.6525150000000011
20
15.7832999999999988
11
38.4348230000000015
21
15.7546399999999984
0
LINE
8
Edge.Cuts
6
CONTINUOUS
10
38.4348230000000015
20
15.7546399999999984
11
38.2227339999999955
21
15.6978109999999997
0
LINE
8
Edge.Cuts
6
CONTINUOUS
10
38.2227339999999955
20
15.6978109999999997
11
38.019877000000001
21
15.613785
0
LINE
8
Edge.Cuts
6
CONTINUOUS
10
38.019877000000001
20
15.613785
11
37.8297230000000013
21
15.5039999999999996
0
LINE
8
Edge.Cuts
6
CONTINUOUS
10
37.8297230000000013
20
15.5039999999999996
11
37.6555260000000018
21
15.3703339999999997
0
LINE
8
Edge.Cuts
6
CONTINUOUS
10
37.6555260000000018
20
15.3703339999999997
11
37.5002659999999963
21
15.2150739999999995
0
LINE
8
Edge.Cuts
6
CONTINUOUS
10
37.5002659999999963
20
15.2150739999999995
11
37.3665999999999983
21
15.0408770000000001
0
LINE
8
Edge.Cuts
6
CONTINUOUS
10
37.3665999999999983
20
15.0408770000000001
11
37.256814999999996
21
14.8507229999999986
0
LINE
8
Edge.Cuts
6
CONTINUOUS
10
37.256814999999996
20
14.8507229999999986
11
37.1727890000000016
21
14.6478659999999987
0
LINE
8
Edge.Cuts
6
CONTINUOUS
10
37.1727890000000016
20
14.6478659999999987
11
37.1159600000000012
21
14.4357769999999999
0
LINE
8
Edge.Cuts
6
CONTINUOUS
10
37.1159600000000012
20
14.4357769999999999
11
37.087299999999999
21
14.2180849999999985
0
LINE
8
Edge.Cuts
6
CONTINUOUS
10
37.087299999999999
20
14.2180849999999985
11
37.087299999999999
21
13.9985149999999994
0
LINE
8
Edge.Cuts
6
CONTINUOUS
10
-15.9316579999999988
20
31.7247869999999992
11
-15.5749110000000002
21
31.6744059999999976
0
LINE
8
Edge.Cuts
6
CONTINUOUS
10
-15.5749110000000002
20
31.6744059999999976
11
-15.225090999999999
21
31.5881919999999994
0
LINE
8
Edge.Cuts
6
CONTINUOUS
10
-15.225090999999999
20
31.5881919999999994
11
-14.8857879999999998
21
31.4670290000000001
0
LINE
8
Edge.Cuts
6
CONTINUOUS
10
-14.8857879999999998
20
31.4670290000000001
11
-14.5604839999999989
21
31.3121619999999972
0
LINE
8
Edge.Cuts
6
CONTINUOUS
10
-14.5604839999999989
20
31.3121619999999972
11
-14.252516
21
31.1251779999999982
0
LINE
8
Edge.Cuts
6
CONTINUOUS
10
-14.252516
20
31.1251779999999982
11
-13.9650449999999999
21
30.9079979999999992
0
LINE
8
Edge.Cuts
6
CONTINUOUS
10
-13.9650449999999999
20
30.9079979999999992
11
-13.701020999999999
21
30.6628480000000003
0
LINE
8
Edge.Cuts
6
CONTINUOUS
10
-13.701020999999999
20
30.6628480000000003
11
-13.4631530000000001
21
30.3922460000000001
0
LINE
8
Edge.Cuts
6
CONTINUOUS
10
-13.4631530000000001
20
30.3922460000000001
11
-13.2538819999999991
21
30.0989669999999983
0
LINE
8
Edge.Cuts
6
CONTINUOUS
10
-13.2538819999999991
20
30.0989669999999983
11
-13.0753550000000001
21
29.7860209999999981
0
LINE
8
Edge.Cuts
6
CONTINUOUS
10
-13.0753550000000001
20
29.7860209999999981
11
-12.9294049999999991
21
29.4566199999999974
0
LINE
8
Edge.Cuts
6
CONTINUOUS
10
-12.9294049999999991
20
29.4566199999999974
11
-12.8175279999999994
21
29.1141429999999986
0
LINE
8
Edge.Cuts
6
CONTINUOUS
10
-12.8175279999999994
20
29.1141429999999986
11
-12.7408719999999995
21
28.7621049999999983
0
LINE
8
Edge.Cuts
6
CONTINUOUS
10
-12.7408719999999995
20
28.7621049999999983
11
-12.7002259999999989
21
28.4041180000000004
0
LINE
8
Edge.Cuts
6
CONTINUOUS
10
-12.7002259999999989
20
28.4041180000000004
11
-12.6960040000000003
21
28.0438559999999981
0
LINE
8
Edge.Cuts
6
CONTINUOUS
10
-12.6960040000000003
20
28.0438559999999981
11
-12.7282519999999995
21
27.6850149999999999
0
LINE
8
Edge.Cuts
6
CONTINUOUS
10
-12.7282519999999995
20
27.6850149999999999
11
-12.7966369999999987
21
27.331277
0
LINE
8
Edge.Cuts
6
CONTINUOUS
10
-12.7966369999999987
20
27.331277
11
-12.9004589999999997
21
26.9862729999999971
0
LINE
8
Edge.Cuts
6
CONTINUOUS
10
-12.9004589999999997
20
26.9862729999999971
11
-13.0386509999999998
21
26.6535419999999981
0
LINE
8
Edge.Cuts
6
CONTINUOUS
10
-13.0386509999999998
20
26.6535419999999981
11
-13.209795999999999
21
26.3364989999999999
0
LINE
8
Edge.Cuts
6
CONTINUOUS
10
-13.209795999999999
20
26.3364989999999999
11
-13.4121379999999988
21
26.0383969999999998
0
LINE
8
Edge.Cuts
6
CONTINUOUS
10
-13.4121379999999988
20
26.0383969999999998
11
-13.6435999999999993
21
25.7622959999999992
0
LINE
8
Edge.Cuts
6
CONTINUOUS
10
-13.6435999999999993
20
25.7622959999999992
11
-13.9018079999999991
21
25.5110269999999986
0
LINE
8
Edge.Cuts
6
CONTINUOUS
10
-13.9018079999999991
20
25.5110269999999986
11
-14.1841099999999987
21
25.2871699999999997
0
LINE
8
Edge.Cuts
6
CONTINUOUS
10
-14.1841099999999987
20
25.2871699999999997
11
-14.4874829999999992
21
25.0931040000000003
0
LINE
8
Edge.Cuts
6
CONTINUOUS
10
-14.4874829999999992
20
25.0931040000000003
11
-14.4874999999999989
21
25.0930859999999996
0
LINE
8
Edge.Cuts
6
CONTINUOUS
10
-14.4874999999999989
20
25.0930859999999996
11
-14.9255019999999998
21
24.8402059999999985
0
LINE
8
Edge.Cuts
6
CONTINUOUS
10
-14.9255019999999998
20
24.8402059999999985
11
-15.7833199999999998
21
24.3041819999999973
0
LINE
8
Edge.Cuts
6
CONTINUOUS
10
-15.7833199999999998
20
24.3041819999999973
11
-16.6219089999999987
21
23.7385470000000005
0
LINE
8
Edge.Cuts
6
CONTINUOUS
10
-16.6219089999999987
20
23.7385470000000005
11
-17.4402469999999994
21
23.1439889999999977
0
LINE
8
Edge.Cuts
6
CONTINUOUS
10
-17.4402469999999994
20
23.1439889999999977
11
-18.2373359999999991
21
22.5212349999999972
0
LINE
8
Edge.Cuts
6
CONTINUOUS
10
-18.2373359999999991
20
22.5212349999999972
11
-19.0122059999999991
21
21.8710419999999992
0
LINE
8
Edge.Cuts
6
CONTINUOUS
10
-19.0122059999999991
20
21.8710419999999992
11
-19.7639129999999987
21
21.1942020000000007
0
LINE
8
Edge.Cuts
6
CONTINUOUS
10
-19.7639129999999987
20
21.1942020000000007
11
-20.4915400000000005
21
20.4915400000000005
0
LINE
8
Edge.Cuts
6
CONTINUOUS
10
-20.4915400000000005
20
20.4915400000000005
11
-21.1942020000000007
21
19.7639129999999987
0
LINE
8
Edge.Cuts
6
CONTINUOUS
10
-21.1942020000000007
20
19.7639129999999987
11
-21.8710419999999992
21
19.0122059999999991
0
LINE
8
Edge.Cuts
6
CONTINUOUS
10
-21.8710419999999992
20
19.0122059999999991
11
-22.5212349999999972
21
18.2373359999999991
0
LINE
8
Edge.Cuts
6
CONTINUOUS
10
-22.5212349999999972
20
18.2373359999999991
11
-23.1439889999999977
21
17.4402469999999994
0
LINE
8
Edge.Cuts
6
CONTINUOUS
10
-23.1439889999999977
20
17.4402469999999994
11
-23.7385470000000005
21
16.6219089999999987
0
LINE
8
Edge.Cuts
6
CONTINUOUS
10
-23.7385470000000005
20
16.6219089999999987
11
-24.3041819999999973
21
15.7833199999999998
0
LINE
8
Edge.Cuts
6
CONTINUOUS
10
-24.3041819999999973
20
15.7833199999999998
11
-24.8402059999999985
21
14.9255019999999998
0
LINE
8
Edge.Cuts
6
CONTINUOUS
10
-24.8402059999999985
20
14.9255019999999998
11
-25.0930859999999996
21
14.4874999999999989
0
LINE
8
Edge.Cuts
6
CONTINUOUS
10
-25.0930859999999996
20
14.4874999999999989
11
-25.0931040000000003
21
14.4874829999999992
0
LINE
8
Edge.Cuts
6
CONTINUOUS
10
-25.0931040000000003
20
14.4874829999999992
11
-25.2871699999999997
21
14.1841099999999987
0
LINE
8
Edge.Cuts
6
CONTINUOUS
10
-25.2871699999999997
20
14.1841099999999987
11
-25.5110269999999986
21
13.9018069999999998
0
LINE
8
Edge.Cuts
6
CONTINUOUS
10
-25.5110269999999986
20
13.9018069999999998
11
-25.7622959999999992
21
13.6435999999999993
0
LINE
8
Edge.Cuts
6
CONTINUOUS
10
-25.7622959999999992
20
13.6435999999999993
11
-26.0383979999999973
21
13.4121379999999988
0
LINE
8
Edge.Cuts
6
CONTINUOUS
10
-26.0383979999999973
20
13.4121379999999988
11
-26.3364989999999999
21
13.209795999999999
0
LINE
8
Edge.Cuts
6
CONTINUOUS
10
-26.3364989999999999
20
13.209795999999999
11
-26.6535419999999981
21
13.0386509999999998
0
LINE
8
Edge.Cuts
6
CONTINUOUS
10
-26.6535419999999981
20
13.0386509999999998
11
-26.9862729999999971
21
12.9004579999999986
0
LINE
8
Edge.Cuts
6
CONTINUOUS
10
-26.9862729999999971
20
12.9004579999999986
11
-27.331277
21
12.7966369999999987
0
LINE
8
Edge.Cuts
6
CONTINUOUS
10
-27.331277
20
12.7966369999999987
11
-27.6850149999999999
21
12.7282510000000002
0
LINE
8
Edge.Cuts
6
CONTINUOUS
10
-27.6850149999999999
20
12.7282510000000002
11
-28.0438559999999981
21
12.6960040000000003
0
LINE
8
Edge.Cuts
6
CONTINUOUS
10
-28.0438559999999981
20
12.6960040000000003
11
-28.4041189999999979
21
12.7002249999999997
0
LINE
8
Edge.Cuts
6
CONTINUOUS
10
-28.4041189999999979
20
12.7002249999999997
11
-28.7621059999999993
21
12.7408719999999995
0
LINE
8
Edge.Cuts
6
CONTINUOUS
10
-28.7621059999999993
20
12.7408719999999995
11
-29.1141439999999996
21
12.8175270000000001
0
LINE
8
Edge.Cuts
6
CONTINUOUS
10
-29.1141439999999996
20
12.8175270000000001
11
-29.4566209999999984
21
12.9294039999999999
0
LINE
8
Edge.Cuts
6
CONTINUOUS
10
-29.4566209999999984
20
12.9294039999999999
11
-29.7860230000000001
21
13.0753550000000001
0
LINE
8
Edge.Cuts
6
CONTINUOUS
10
-29.7860230000000001
20
13.0753550000000001
11
-30.0989679999999993
21
13.2538819999999991
0
LINE
8
Edge.Cuts
6
CONTINUOUS
10
-30.0989679999999993
20
13.2538819999999991
11
-30.3922469999999976
21
13.4631530000000001
0
LINE
8
Edge.Cuts
6
CONTINUOUS
10
-30.3922469999999976
20
13.4631530000000001
11
-30.6628499999999988
21
13.701020999999999
0
LINE
8
Edge.Cuts
6
CONTINUOUS
10
-30.6628499999999988
20
13.701020999999999
11
-30.9079990000000002
21
13.9650449999999999
0
LINE
8
Edge.Cuts
6
CONTINUOUS
10
-30.9079990000000002
20
13.9650449999999999
11
-31.1251800000000003
21
14.252516
0
LINE
8
Edge.Cuts
6
CONTINUOUS
10
-31.1251800000000003
20
14.252516
11
-31.3121629999999982
21
14.5604839999999989
0
LINE
8
Edge.Cuts
6
CONTINUOUS
10
-31.3121629999999982
20
14.5604839999999989
11
-31.4670309999999986
21
14.8857879999999998
0
LINE
8
Edge.Cuts
6
CONTINUOUS
10
-31.4670309999999986
20
14.8857879999999998
11
-31.5881929999999969
21
15.225090999999999
0
LINE
8
Edge.Cuts
6
CONTINUOUS
10
-31.5881929999999969
20
15.225090999999999
11
-31.6744079999999997
21
15.5749110000000002
0
LINE
8
Edge.Cuts
6
CONTINUOUS
10
-31.6744079999999997
20
15.5749110000000002
11
-31.7247889999999977
21
15.9316589999999998
0
LINE
8
Edge.Cuts
6
CONTINUOUS
10
-31.7247889999999977
20
15.9316589999999998
11
-31.7388199999999969
21
16.2916729999999994
0
LINE
8
Edge.Cuts
6
CONTINUOUS
10
-31.7388199999999969
20
16.2916729999999994
11
-31.7163569999999986
21
16.6512589999999996
0
LINE
8
Edge.Cuts
6
CONTINUOUS
10
-31.7163569999999986
20
16.6512589999999996
11
-31.6576299999999975
21
17.006727999999999
0
LINE
8
Edge.Cuts
6
CONTINUOUS
10
-31.6576299999999975
20
17.006727999999999
11
-31.5632429999999999
21
17.3544319999999992
0
LINE
8
Edge.Cuts
6
CONTINUOUS
10
-31.5632429999999999
20
17.3544319999999992
11
-31.4341629999999981
21
17.6908029999999989
0
LINE
8
Edge.Cuts
6
CONTINUOUS
10
-31.4341629999999981
20
17.6908029999999989
11
-31.2717159999999978
21
18.0123889999999989
0
LINE
8
Edge.Cuts
6
CONTINUOUS
10
-31.2717159999999978
20
18.0123889999999989
11
-31.2716729999999998
21
18.0124269999999989
0
LINE
8
Edge.Cuts
6
CONTINUOUS
10
-31.2716729999999998
20
18.0124269999999989
11
-31.2716630000000002
21
18.012477999999998
0
LINE
8
Edge.Cuts
6
CONTINUOUS
10
-31.2716630000000002
20
18.012477999999998
11
-30.6998749999999987
21
18.9706079999999986
0
LINE
8
Edge.Cuts
6
CONTINUOUS
10
-30.6998749999999987
20
18.9706079999999986
11
-30.0987410000000004
21
19.9106029999999983
0
LINE
8
Edge.Cuts
6
CONTINUOUS
10
-30.0987410000000004
20
19.9106029999999983
11
-29.4688339999999975
21
20.8315659999999987
0
LINE
8
Edge.Cuts
6
CONTINUOUS
10
-29.4688339999999975
20
20.8315659999999987
11
-28.8107579999999999
21
21.7326149999999991
0
LINE
8
Edge.Cuts
6
CONTINUOUS
10
-28.8107579999999999
20
21.7326149999999991
11
-28.1251409999999993
21
22.6128889999999991
0
LINE
8
Edge.Cuts
6
CONTINUOUS
10
-28.1251409999999993
20
22.6128889999999991
11
-27.4126379999999976
21
23.4715479999999985
0
LINE
8
Edge.Cuts
6
CONTINUOUS
10
-27.4126379999999976
20
23.4715479999999985
11
-26.6739319999999971
21
24.3077699999999979
0
LINE
8
Edge.Cuts
6
CONTINUOUS
10
-26.6739319999999971
20
24.3077699999999979
11
-25.9097270000000002
21
25.1207549999999991
0
LINE
8
Edge.Cuts
6
CONTINUOUS
10
-25.9097270000000002
20
25.1207549999999991
11
-25.1207549999999991
21
25.9097270000000002
0
LINE
8
Edge.Cuts
6
CONTINUOUS
10
-25.1207549999999991
20
25.9097270000000002
11
-24.3077699999999979
21
26.6739319999999971
0
LINE
8
Edge.Cuts
6
CONTINUOUS
10
-24.3077699999999979
20
26.6739319999999971
11
-23.4715479999999985
21
27.4126379999999976
0
LINE
8
Edge.Cuts
6
CONTINUOUS
10
-23.4715479999999985
20
27.4126379999999976
11
-22.6128889999999991
21
28.1251409999999993
0
LINE
8
Edge.Cuts
6
CONTINUOUS
10
-22.6128889999999991
20
28.1251409999999993
11
-21.7326149999999991
21
28.8107579999999999
0
LINE
8
Edge.Cuts
6
CONTINUOUS
10
-21.7326149999999991
20
28.8107579999999999
11
-20.8315659999999987
21
29.4688339999999975
0
LINE
8
Edge.Cuts
6
CONTINUOUS
10
-20.8315659999999987
20
29.4688339999999975
11
-19.9106029999999983
21
30.0987410000000004
0
LINE
8
Edge.Cuts
6
CONTINUOUS
10
-19.9106029999999983
20
30.0987410000000004
11
-18.9706079999999986
21
30.6998749999999987
0
LINE
8
Edge.Cuts
6
CONTINUOUS
10
-18.9706079999999986
20
30.6998749999999987
11
-18.012477999999998
21
31.2716630000000002
0
LINE
8
Edge.Cuts
6
CONTINUOUS
10
-18.012477999999998
20
31.2716630000000002
11
-18.0124250000000004
21
31.2716739999999973
0
LINE
8
Edge.Cuts
6
CONTINUOUS
10
-18.0124250000000004
20
31.2716739999999973
11
-18.0123879999999978
21
31.2717149999999968
0
LINE
8
Edge.Cuts
6
CONTINUOUS
10
-18.0123879999999978
20
31.2717149999999968
11
-17.6908019999999979
21
31.4341619999999971
0
LINE
8
Edge.Cuts
6
CONTINUOUS
10
-17.6908019999999979
20
31.4341619999999971
11
-17.3544309999999982
21
31.5632419999999989
0
LINE
8
Edge.Cuts
6
CONTINUOUS
10
-17.3544309999999982
20
31.5632419999999989
11
-17.0067269999999979
21
31.657629
0
LINE
8
Edge.Cuts
6
CONTINUOUS
10
-17.0067269999999979
20
31.657629
11
-16.6512579999999986
21
31.7163550000000001
0
LINE
8
Edge.Cuts
6
CONTINUOUS
10
-16.6512579999999986
20
31.7163550000000001
11
-16.2916719999999984
21
31.7388179999999984
0
LINE
8
Edge.Cuts
6
CONTINUOUS
10
-16.2916719999999984
20
31.7388179999999984
11
-15.9316579999999988
21
31.7247869999999992
0
LINE
8
Edge.Cuts
6
CONTINUOUS
10
-16.781369999999999
20
31.6534379999999977
11
-17.1412849999999999
21
31.578878999999997
0
LINE
8
Edge.Cuts
6
CONTINUOUS
10
-17.1412849999999999
20
31.578878999999997
11
-17.4914339999999982
21
31.4671079999999996
0
LINE
8
Edge.Cuts
6
CONTINUOUS
10
-17.4914339999999982
20
31.4671079999999996
11
-17.8279819999999987
21
31.319348999999999
0
LINE
8
Edge.Cuts
6
CONTINUOUS
10
-17.8279819999999987
20
31.319348999999999
11
-17.9876119999999986
21
31.2282849999999996
0
LINE
8
Edge.Cuts
6
CONTINUOUS
10
-17.9876119999999986
20
31.2282849999999996
11
-18.4703419999999987
21
30.9502429999999968
0
LINE
8
Edge.Cuts
6
CONTINUOUS
10
-18.4703419999999987
20
30.9502429999999968
11
-19.4183160000000008
21
30.3644539999999985
0
LINE
8
Edge.Cuts
6
CONTINUOUS
10
-19.4183160000000008
20
30.3644539999999985
11
-20.347728
21
29.7496389999999984
0
LINE
8
Edge.Cuts
6
CONTINUOUS
10
-20.347728
20
29.7496389999999984
11
-21.2576900000000002
21
29.106385999999997
0
LINE
8
Edge.Cuts
6
CONTINUOUS
10
-21.2576900000000002
20
29.106385999999997
11
-22.1473300000000002
21
28.4353099999999976
0
LINE
8
Edge.Cuts
6
CONTINUOUS
10
-22.1473300000000002
20
28.4353099999999976
11
-23.0157999999999987
21
27.7370519999999985
0
LINE
8
Edge.Cuts
6
CONTINUOUS
10
-23.0157999999999987
20
27.7370519999999985
11
-23.8622689999999977
21
27.0122789999999995
0
LINE
8
Edge.Cuts
6
CONTINUOUS
10
-23.8622689999999977
20
27.0122789999999995
11
-24.6859269999999995
21
26.2616849999999999
0
LINE
8
Edge.Cuts
6
CONTINUOUS
10
-24.6859269999999995
20
26.2616849999999999
11
-25.4859869999999979
21
25.4859869999999979
0
LINE
8
Edge.Cuts
6
CONTINUOUS
10
-25.4859869999999979
20
25.4859869999999979
11
-26.2616849999999999
21
24.6859269999999995
0
LINE
8
Edge.Cuts
6
CONTINUOUS
10
-26.2616849999999999
20
24.6859269999999995
11
-27.0122789999999995
21
23.8622689999999977
0
LINE
8
Edge.Cuts
6
CONTINUOUS
10
-27.0122789999999995
20
23.8622689999999977
11
-27.7370519999999985
21
23.0157999999999987
0
LINE
8
Edge.Cuts
6
CONTINUOUS
10
-27.7370519999999985
20
23.0157999999999987
11
-28.4353099999999976
21
22.1473300000000002
0
LINE
8
Edge.Cuts
6
CONTINUOUS
10
-28.4353099999999976
20
22.1473300000000002
11
-29.106385999999997
21
21.2576900000000002
0
LINE
8
Edge.Cuts
6
CONTINUOUS
10
-29.106385999999997
20
21.2576900000000002
11
-29.7496389999999984
21
20.347728
0
LINE
8
Edge.Cuts
6
CONTINUOUS
10
-29.7496389999999984
20
20.347728
11
-30.3644539999999985
21
19.4183160000000008
0
LINE
8
Edge.Cuts
6
CONTINUOUS
10
-30.3644539999999985
20
19.4183160000000008
11
-30.9502429999999968
21
18.4703419999999987
0
LINE
8
Edge.Cuts
6
CONTINUOUS
10
-30.9502429999999968
20
18.4703419999999987
11
-31.2283369999999998
21
17.9875219999999985
0
LINE
8
Edge.Cuts
6
CONTINUOUS
10
-31.2283369999999998
20
17.9875219999999985
11
-31.2283379999999973
21
17.98752
0
LINE
8
Edge.Cuts
6
CONTINUOUS
10
-31.2283379999999973
20
17.98752
11
-31.31935
21
17.8279829999999997
0
LINE
8
Edge.Cuts
6
CONTINUOUS
10
-31.31935
20
17.8279829999999997
11
-31.4671089999999971
21
17.4914349999999992
0
LINE
8
Edge.Cuts
6
CONTINUOUS
10
-31.4671089999999971
20
17.4914349999999992
11
-31.5788809999999991
21
17.1412849999999999
0
LINE
8
Edge.Cuts
6
CONTINUOUS
10
-31.5788809999999991
20
17.1412849999999999
11
-31.6534389999999988
21
16.781371
0
LINE
8
Edge.Cuts
6
CONTINUOUS
10
-31.6534389999999988
20
16.781371
11
-31.6899669999999993
21
16.4156340000000007
0
LINE
8
Edge.Cuts
6
CONTINUOUS
10
-31.6899669999999993
20
16.4156340000000007
11
-31.6880659999999992
21
16.0480829999999983
0
LINE
8
Edge.Cuts
6
CONTINUOUS
10
-31.6880659999999992
20
16.0480829999999983
11
-31.6477550000000001
21
15.6827439999999996
0
LINE
8
Edge.Cuts
6
CONTINUOUS
10
-31.6477550000000001
20
15.6827439999999996
11
-31.5694769999999991
21
15.32362
0
LINE
8
Edge.Cuts
6
CONTINUOUS
10
-31.5694769999999991
20
15.32362
11
-31.4540889999999997
21
14.9746459999999999
0
LINE
8
Edge.Cuts
6
CONTINUOUS
10
-31.4540889999999997
20
14.9746459999999999
11
-31.3028549999999974
21
14.6396439999999988
0
LINE
8
Edge.Cuts
6
CONTINUOUS
10
-31.3028549999999974
20
14.6396439999999988
11
-31.1174329999999983
21
14.3222860000000001
0
LINE
8
Edge.Cuts
6
CONTINUOUS
10
-31.1174329999999983
20
14.3222860000000001
11
-30.8998530000000002
21
14.0260489999999987
0
LINE
8
Edge.Cuts
6
CONTINUOUS
10
-30.8998530000000002
20
14.0260489999999987
11
-30.6524999999999999
21
13.7541779999999996
0
LINE
8
Edge.Cuts
6
CONTINUOUS
10
-30.6524999999999999
20
13.7541779999999996
11
-30.3780839999999976
21
13.5096509999999999
0
LINE
8
Edge.Cuts
6
CONTINUOUS
10
-30.3780839999999976
20
13.5096509999999999
11
-30.0796109999999999
21
13.2951479999999993
0
LINE
8
Edge.Cuts
6
CONTINUOUS
10
-30.0796109999999999
20
13.2951479999999993
11
-29.7603519999999975
21
13.1130189999999995
0
LINE
8
Edge.Cuts
6
CONTINUOUS
10
-29.7603519999999975
20
13.1130189999999995
11
-29.423803999999997
21
12.9652599999999989
0
LINE
8
Edge.Cuts
6
CONTINUOUS
10
-29.423803999999997
20
12.9652599999999989
11
-29.0736539999999977
21
12.8534889999999997
0
LINE
8
Edge.Cuts
6
CONTINUOUS
10
-29.0736539999999977
20
12.8534889999999997
11
-28.7137390000000003
21
12.778931
0
LINE
8
Edge.Cuts
6
CONTINUOUS
10
-28.7137390000000003
20
12.778931
11
-28.3480029999999985
21
12.7424020000000002
0
LINE
8
Edge.Cuts
6
CONTINUOUS
10
-28.3480029999999985
20
12.7424020000000002
11
-27.9804519999999997
21
12.7443039999999996
0
LINE
8
Edge.Cuts
6
CONTINUOUS
10
-27.9804519999999997
20
12.7443039999999996
11
-27.6151129999999974
21
12.7846139999999995
0
LINE
8
Edge.Cuts
6
CONTINUOUS
10
-27.6151129999999974
20
12.7846139999999995
11
-27.2559889999999996
21
12.8628929999999997
0
LINE
8
Edge.Cuts
6
CONTINUOUS
10
-27.2559889999999996
20
12.8628929999999997
11
-26.9070140000000002
21
12.9782809999999991
0
LINE
8
Edge.Cuts
6
CONTINUOUS
10
-26.9070140000000002
20
12.9782809999999991
11
-26.5720129999999983
21
13.1295139999999986
0
LINE
8
Edge.Cuts
6
CONTINUOUS
10
-26.5720129999999983
20
13.1295139999999986
11
-26.2546549999999996
21
13.3149369999999987
0
LINE
8
Edge.Cuts
6
CONTINUOUS
10
-26.2546549999999996
20
13.3149369999999987
11
-25.9584179999999982
21
13.5325159999999993
0
LINE
8
Edge.Cuts
6
CONTINUOUS
10
-25.9584179999999982
20
13.5325159999999993
11
-25.6865459999999999
21
13.7798689999999997
0
LINE
8
Edge.Cuts
6
CONTINUOUS
10
-25.6865459999999999
20
13.7798689999999997
11
-25.4420199999999994
21
14.0542850000000001
0
LINE
8
Edge.Cuts
6
CONTINUOUS
10
-25.4420199999999994
20
14.0542850000000001
11
-25.2275169999999989
21
14.3527579999999997
0
LINE
8
Edge.Cuts
6
CONTINUOUS
10
-25.2275169999999989
20
14.3527579999999997
11
-25.1364519999999985
21
14.5123879999999996
0
LINE
8
Edge.Cuts
6
CONTINUOUS
10
-25.1364519999999985
20
14.5123879999999996
11
-25.1364020000000004
21
14.5124329999999997
0
LINE
8
Edge.Cuts
6
CONTINUOUS
10
-25.1364020000000004
20
14.5124329999999997
11
-25.1363880000000002
21
14.5124999999999993
0
LINE
8
Edge.Cuts
6
CONTINUOUS
10
-25.1363880000000002
20
14.5124999999999993
11
-24.6145959999999988
21
15.3809069999999988
0
LINE
8
Edge.Cuts
6
CONTINUOUS
10
-24.6145959999999988
20
15.3809069999999988
11
-24.062815999999998
21
16.2305740000000007
0
LINE
8
Edge.Cuts
6
CONTINUOUS
10
-24.062815999999998
20
16.2305740000000007
11
-23.4817189999999982
21
17.0604669999999992
0
LINE
8
Edge.Cuts
6
CONTINUOUS
10
-23.4817189999999982
20
17.0604669999999992
11
-22.872012999999999
21
17.8695749999999975
0
LINE
8
Edge.Cuts
6
CONTINUOUS
10
-22.872012999999999
20
17.8695749999999975
11
-22.2344399999999993
21
18.6569110000000009
0
LINE
8
Edge.Cuts
6
CONTINUOUS
10
-22.2344399999999993
20
18.6569110000000009
11
-21.5697790000000005
21
19.4215160000000004
0
LINE
8
Edge.Cuts
6
CONTINUOUS
10
-21.5697790000000005
20
19.4215160000000004
11
-20.8788379999999982
21
20.1624599999999994
0
LINE
8
Edge.Cuts
6
CONTINUOUS
10
-20.8788379999999982
20
20.1624599999999994
11
-20.1624599999999994
21
20.8788379999999982
0
LINE
8
Edge.Cuts
6
CONTINUOUS
10
-20.1624599999999994
20
20.8788379999999982
11
-19.4215160000000004
21
21.5697790000000005
0
LINE
8
Edge.Cuts
6
CONTINUOUS
10
-19.4215160000000004
20
21.5697790000000005
11
-18.6569110000000009
21
22.2344399999999993
0
LINE
8
Edge.Cuts
6
CONTINUOUS
10
-18.6569110000000009
20
22.2344399999999993
11
-17.8695749999999975
21
22.872012999999999
0
LINE
8
Edge.Cuts
6
CONTINUOUS
10
-17.8695749999999975
20
22.872012999999999
11
-17.0604669999999992
21
23.4817189999999982
0
LINE
8
Edge.Cuts
6
CONTINUOUS
10
-17.0604669999999992
20
23.4817189999999982
11
-16.2305740000000007
21
24.062815999999998
0
LINE
8
Edge.Cuts
6
CONTINUOUS
10
-16.2305740000000007
20
24.062815999999998
11
-15.3809069999999988
21
24.6145959999999988
0
LINE
8
Edge.Cuts
6
CONTINUOUS
10
-15.3809069999999988
20
24.6145959999999988
11
-14.5124999999999993
21
25.1363880000000002
0
LINE
8
Edge.Cuts
6
CONTINUOUS
10
-14.5124999999999993
20
25.1363880000000002
11
-14.5124329999999997
21
25.1364020000000004
0
LINE
8
Edge.Cuts
6
CONTINUOUS
10
-14.5124329999999997
20
25.1364020000000004
11
-14.5123879999999996
21
25.1364519999999985
0
LINE
8
Edge.Cuts
6
CONTINUOUS
10
-14.5123879999999996
20
25.1364519999999985
11
-14.3527579999999997
21
25.2275169999999989
0
LINE
8
Edge.Cuts
6
CONTINUOUS
10
-14.3527579999999997
20
25.2275169999999989
11
-14.0542859999999994
21
25.4420199999999994
0
LINE
8
Edge.Cuts
6
CONTINUOUS
10
-14.0542859999999994
20
25.4420199999999994
11
-13.7798689999999997
21
25.6865459999999999
0
LINE
8
Edge.Cuts
6
CONTINUOUS
10
-13.7798689999999997
20
25.6865459999999999
11
-13.5325169999999986
21
25.9584169999999972
0
LINE
8
Edge.Cuts
6
CONTINUOUS
10
-13.5325169999999986
20
25.9584169999999972
11
-13.3149369999999987
21
26.2546549999999996
0
LINE
8
Edge.Cuts
6
CONTINUOUS
10
-13.3149369999999987
20
26.2546549999999996
11
-13.1295149999999996
21
26.5720129999999983
0
LINE
8
Edge.Cuts
6
CONTINUOUS
10
-13.1295149999999996
20
26.5720129999999983
11
-12.9782809999999991
21
26.9070140000000002
0
LINE
8
Edge.Cuts
6
CONTINUOUS
10
-12.9782809999999991
20
26.9070140000000002
11
-12.8628929999999997
21
27.2559879999999986
0
LINE
8
Edge.Cuts
6
CONTINUOUS
10
-12.8628929999999997
20
27.2559879999999986
11
-12.7846149999999987
21
27.6151119999999999
0
LINE
8
Edge.Cuts
6
CONTINUOUS
10
-12.7846149999999987
20
27.6151119999999999
11
-12.7443039999999996
21
27.9804509999999986
0
LINE
8
Edge.Cuts
6
CONTINUOUS
10
-12.7443039999999996
20
27.9804509999999986
11
-12.7424029999999995
21
28.3480019999999975
0
LINE
8
Edge.Cuts
6
CONTINUOUS
10
-12.7424029999999995
20
28.3480019999999975
11
-12.778931
21
28.7137379999999993
0
LINE
8
Edge.Cuts
6
CONTINUOUS
10
-12.778931
20
28.7137379999999993
11
-12.8534889999999997
21
29.0736530000000002
0
LINE
8
Edge.Cuts
6
CONTINUOUS
10
-12.8534889999999997
20
29.0736530000000002
11
-12.9652599999999989
21
29.4238029999999995
0
LINE
8
Edge.Cuts
6
CONTINUOUS
10
-12.9652599999999989
20
29.4238029999999995
11
-13.1130199999999988
21
29.760351
0
LINE
8
Edge.Cuts
6
CONTINUOUS
10
-13.1130199999999988
20
29.760351
11
-13.2951479999999993
21
30.0796099999999988
0
LINE
8
Edge.Cuts
6
CONTINUOUS
10
-13.2951479999999993
20
30.0796099999999988
11
-13.5096509999999999
21
30.3780830000000002
0
LINE
8
Edge.Cuts
6
CONTINUOUS
10
-13.5096509999999999
20
30.3780830000000002
11
-13.7541779999999996
21
30.6524989999999988
0
LINE
8
Edge.Cuts
6
CONTINUOUS
10
-13.7541779999999996
20
30.6524989999999988
11
-14.0260489999999987
21
30.8998519999999992
0
LINE
8
Edge.Cuts
6
CONTINUOUS
10
-14.0260489999999987
20
30.8998519999999992
11
-14.3222860000000001
21
31.1174309999999998
0
LINE
8
Edge.Cuts
6
CONTINUOUS
10
-14.3222860000000001
20
31.1174309999999998
11
-14.6396439999999988
21
31.302854
0
LINE
8
Edge.Cuts
6
CONTINUOUS
10
-14.6396439999999988
20
31.302854
11
-14.9746449999999989
21
31.4540869999999977
0
LINE
8
Edge.Cuts
6
CONTINUOUS
10
-14.9746449999999989
20
31.4540869999999977
11
-15.32362
21
31.5694749999999971
0
LINE
8
Edge.Cuts
6
CONTINUOUS
10
-15.32362
20
31.5694749999999971
11
-15.6827439999999996
21
31.6477539999999991
0
LINE
8
Edge.Cuts
6
CONTINUOUS
10
-15.6827439999999996
20
31.6477539999999991
11
-16.0480829999999983
21
31.6880639999999971
0
LINE
8
Edge.Cuts
6
CONTINUOUS
10
-16.0480829999999983
20
31.6880639999999971
11
-16.4156340000000007
21
31.6899659999999983
0
LINE
8
Edge.Cuts
6
CONTINUOUS
10
-16.4156340000000007
20
31.6899659999999983
11
-16.781369999999999
21
31.6534379999999977
0
LINE
8
Edge.Cuts
6
CONTINUOUS
10
16.6512589999999996
20
31.7163569999999986
11
17.006727999999999
21
31.6576299999999975
0
LINE
8
Edge.Cuts
6
CONTINUOUS
10
17.006727999999999
20
31.6576299999999975
11
17.3544319999999992
21
31.5632429999999999
0
LINE
8
Edge.Cuts
6
CONTINUOUS
10
17.3544319999999992
20
31.5632429999999999
11
17.6908029999999989
21
31.4341629999999981
0
LINE
8
Edge.Cuts
6
CONTINUOUS
10
17.6908029999999989
20
31.4341629999999981
11
18.0123889999999989
21
31.2717159999999978
0
LINE
8
Edge.Cuts
6
CONTINUOUS
10
18.0123889999999989
20
31.2717159999999978
11
18.0124269999999989
21
31.2716729999999998
0
LINE
8
Edge.Cuts
6
CONTINUOUS
10
18.0124269999999989
20
31.2716729999999998
11
18.012477999999998
21
31.2716630000000002
0
LINE
8
Edge.Cuts
6
CONTINUOUS
10
18.012477999999998
20
31.2716630000000002
11
18.9706079999999986
21
30.6998749999999987
0
LINE
8
Edge.Cuts
6
CONTINUOUS
10
18.9706079999999986
20
30.6998749999999987
11
19.9106029999999983
21
30.0987410000000004
0
LINE
8
Edge.Cuts
6
CONTINUOUS
10
19.9106029999999983
20
30.0987410000000004
11
20.8315659999999987
21
29.4688339999999975
0
LINE
8
Edge.Cuts
6
CONTINUOUS
10
20.8315659999999987
20
29.4688339999999975
11
21.7326149999999991
21
28.8107579999999999
0
LINE
8
Edge.Cuts
6
CONTINUOUS
10
21.7326149999999991
20
28.8107579999999999
11
22.6128889999999991
21
28.1251409999999993
0
LINE
8
Edge.Cuts
6
CONTINUOUS
10
22.6128889999999991
20
28.1251409999999993
11
23.4715479999999985
21
27.4126379999999976
0
LINE
8
Edge.Cuts
6
CONTINUOUS
10
23.4715479999999985
20
27.4126379999999976
11
24.3077699999999979
21
26.6739319999999971
0
LINE
8
Edge.Cuts
6
CONTINUOUS
10
24.3077699999999979
20
26.6739319999999971
11
25.1207549999999991
21
25.9097270000000002
0
LINE
8
Edge.Cuts
6
CONTINUOUS
10
25.1207549999999991
20
25.9097270000000002
11
25.9097270000000002
21
25.1207549999999991
0
LINE
8
Edge.Cuts
6
CONTINUOUS
10
25.9097270000000002
20
25.1207549999999991
11
26.6739319999999971
21
24.3077699999999979
0
LINE
8
Edge.Cuts
6
CONTINUOUS
10
26.6739319999999971
20
24.3077699999999979
11
27.4126379999999976
21
23.4715479999999985
0
LINE
8
Edge.Cuts
6
CONTINUOUS
10
27.4126379999999976
20
23.4715479999999985
11
28.1251409999999993
21
22.6128889999999991
0
LINE
8
Edge.Cuts
6
CONTINUOUS
10
28.1251409999999993
20
22.6128889999999991
11
28.8107579999999999
21
21.7326149999999991
0
LINE
8
Edge.Cuts
6
CONTINUOUS
10
28.8107579999999999
20
21.7326149999999991
11
29.4688339999999975
21
20.8315659999999987
0
LINE
8
Edge.Cuts
6
CONTINUOUS
10
29.4688339999999975
20
20.8315659999999987
11
30.0987410000000004
21
19.9106029999999983
0
LINE
8
Edge.Cuts
6
CONTINUOUS
10
30.0987410000000004
20
19.9106029999999983
11
30.6998749999999987
21
18.9706079999999986
0
LINE
8
Edge.Cuts
6
CONTINUOUS
10
30.6998749999999987
20
18.9706079999999986
11
31.2716630000000002
21
18.012477999999998
0
LINE
8
Edge.Cuts
6
CONTINUOUS
10
31.2716630000000002
20
18.012477999999998
11
31.2716739999999973
21
18.0124250000000004
0
LINE
8
Edge.Cuts
6
CONTINUOUS
10
31.2716739999999973
20
18.0124250000000004
11
31.2717149999999968
21
18.0123879999999978
0
LINE
8
Edge.Cuts
6
CONTINUOUS
10
31.2717149999999968
20
18.0123879999999978
11
31.4341619999999971
21
17.6908019999999979
0
LINE
8
Edge.Cuts
6
CONTINUOUS
10
31.4341619999999971
20
17.6908019999999979
11
31.5632419999999989
21
17.3544309999999982
0
LINE
8
Edge.Cuts
6
CONTINUOUS
10
31.5632419999999989
20
17.3544309999999982
11
31.657629
21
17.0067269999999979
0
LINE
8
Edge.Cuts
6
CONTINUOUS
10
31.657629
20
17.0067269999999979
11
31.7163550000000001
21
16.6512579999999986
0
LINE
8
Edge.Cuts
6
CONTINUOUS
10
31.7163550000000001
20
16.6512579999999986
11
31.7388179999999984
21
16.2916719999999984
0
LINE
8
Edge.Cuts
6
CONTINUOUS
10
31.7388179999999984
20
16.2916719999999984
11
31.7247869999999992
21
15.9316579999999988
0
LINE
8
Edge.Cuts
6
CONTINUOUS
10
31.7247869999999992
20
15.9316579999999988
11
31.6744059999999976
21
15.5749110000000002
0
LINE
8
Edge.Cuts
6
CONTINUOUS
10
31.6744059999999976
20
15.5749110000000002
11
31.5881919999999994
21
15.225090999999999
0
LINE
8
Edge.Cuts
6
CONTINUOUS
10
31.5881919999999994
20
15.225090999999999
11
31.4670290000000001
21
14.8857879999999998
0
LINE
8
Edge.Cuts
6
CONTINUOUS
10
31.4670290000000001
20
14.8857879999999998
11
31.3121619999999972
21
14.5604839999999989
0
LINE
8
Edge.Cuts
6
CONTINUOUS
10
31.3121619999999972
20
14.5604839999999989
11
31.1251779999999982
21
14.252516
0
LINE
8
Edge.Cuts
6
CONTINUOUS
10
31.1251779999999982
20
14.252516
11
30.9079969999999982
21
13.9650459999999992
0
LINE
8
Edge.Cuts
6
CONTINUOUS
10
30.9079969999999982
20
13.9650459999999992
11
30.6628480000000003
21
13.701022
0
LINE
8
Edge.Cuts
6
CONTINUOUS
10
30.6628480000000003
20
13.701022
11
30.3922449999999991
21
13.4631539999999994
0
LINE
8
Edge.Cuts
6
CONTINUOUS
10
30.3922449999999991
20
13.4631539999999994
11
30.0989669999999983
21
13.2538830000000001
0
LINE
8
Edge.Cuts
6
CONTINUOUS
10
30.0989669999999983
20
13.2538830000000001
11
29.7860209999999981
21
13.0753559999999993
0
LINE
8
Edge.Cuts
6
CONTINUOUS
10
29.7860209999999981
20
13.0753559999999993
11
29.4566199999999974
21
12.9294049999999991
0
LINE
8
Edge.Cuts
6
CONTINUOUS
10
29.4566199999999974
20
12.9294049999999991
11
29.1141429999999986
21
12.8175279999999994
0
LINE
8
Edge.Cuts
6
CONTINUOUS
10
29.1141429999999986
20
12.8175279999999994
11
28.7621049999999983
21
12.7408729999999988
0
LINE
8
Edge.Cuts
6
CONTINUOUS
10
28.7621049999999983
20
12.7408729999999988
11
28.4041180000000004
21
12.7002259999999989
0
LINE
8
Edge.Cuts
6
CONTINUOUS
10
28.4041180000000004
20
12.7002259999999989
11
28.0438549999999971
21
12.6960049999999995
0
LINE
8
Edge.Cuts
6
CONTINUOUS
10
28.0438549999999971
20
12.6960049999999995
11
27.6850139999999989
21
12.7282519999999995
0
LINE
8
Edge.Cuts
6
CONTINUOUS
10
27.6850139999999989
20
12.7282519999999995
11
27.331277
21
12.7966379999999997
0
LINE
8
Edge.Cuts
6
CONTINUOUS
10
27.331277
20
12.7966379999999997
11
26.9862719999999996
21
12.9004589999999997
0
LINE
8
Edge.Cuts
6
CONTINUOUS
10
26.9862719999999996
20
12.9004589999999997
11
26.6535419999999981
21
13.038651999999999
0
LINE
8
Edge.Cuts
6
CONTINUOUS
10
26.6535419999999981
20
13.038651999999999
11
26.3364989999999999
21
13.209797
0
LINE
8
Edge.Cuts
6
CONTINUOUS
10
26.3364989999999999
20
13.209797
11
26.0383969999999998
21
13.4121389999999998
0
LINE
8
Edge.Cuts
6
CONTINUOUS
10
26.0383969999999998
20
13.4121389999999998
11
25.7622949999999982
21
13.6436009999999985
0
LINE
8
Edge.Cuts
6
CONTINUOUS
10
25.7622949999999982
20
13.6436009999999985
11
25.5110269999999986
21
13.9018079999999991
0
LINE
8
Edge.Cuts
6
CONTINUOUS
10
25.5110269999999986
20
13.9018079999999991
11
25.2871699999999997
21
14.1841109999999997
0
LINE
8
Edge.Cuts
6
CONTINUOUS
10
25.2871699999999997
20
14.1841109999999997
11
25.0931049999999978
21
14.487482
0
LINE
8
Edge.Cuts
6
CONTINUOUS
10
25.0931049999999978
20
14.487482
11
25.0930859999999996
21
14.4874999999999989
0
LINE
8
Edge.Cuts
6
CONTINUOUS
10
25.0930859999999996
20
14.4874999999999989
11
24.8402059999999985
21
14.9255019999999998
0
LINE
8
Edge.Cuts
6
CONTINUOUS
10
24.8402059999999985
20
14.9255019999999998
11
24.3041819999999973
21
15.7833199999999998
0
LINE
8
Edge.Cuts
6
CONTINUOUS
10
24.3041819999999973
20
15.7833199999999998
11
23.7385470000000005
21
16.6219089999999987
0
LINE
8
Edge.Cuts
6
CONTINUOUS
10
23.7385470000000005
20
16.6219089999999987
11
23.1439889999999977
21
17.4402469999999994
0
LINE
8
Edge.Cuts
6
CONTINUOUS
10
23.1439889999999977
20
17.4402469999999994
11
22.5212349999999972
21
18.2373359999999991
0
LINE
8
Edge.Cuts
6
CONTINUOUS
10
22.5212349999999972
20
18.2373359999999991
11
21.8710419999999992
21
19.0122059999999991
0
LINE
8
Edge.Cuts
6
CONTINUOUS
10
21.8710419999999992
20
19.0122059999999991
11
21.1942020000000007
21
19.7639129999999987
0
LINE
8
Edge.Cuts
6
CONTINUOUS
10
21.1942020000000007
20
19.7639129999999987
11
20.4915400000000005
21
20.4915400000000005
0
LINE
8
Edge.Cuts
6
CONTINUOUS
10
20.4915400000000005
20
20.4915400000000005
11
19.7639129999999987
21
21.1942020000000007
0
LINE
8
Edge.Cuts
6
CONTINUOUS
10
19.7639129999999987
20
21.1942020000000007
11
19.0122059999999991
21
21.8710419999999992
0
LINE
8
Edge.Cuts
6
CONTINUOUS
10
19.0122059999999991
20
21.8710419999999992
11
18.2373359999999991
21
22.5212349999999972
0
LINE
8
Edge.Cuts
6
CONTINUOUS
10
18.2373359999999991
20
22.5212349999999972
11
17.4402469999999994
21
23.1439889999999977
0
LINE
8
Edge.Cuts
6
CONTINUOUS
10
17.4402469999999994
20
23.1439889999999977
11
16.6219089999999987
21
23.7385470000000005
0
LINE
8
Edge.Cuts
6
CONTINUOUS
10
16.6219089999999987
20
23.7385470000000005
11
15.7833199999999998
21
24.3041819999999973
0
LINE
8
Edge.Cuts
6
CONTINUOUS
10
15.7833199999999998
20
24.3041819999999973
11
14.9255019999999998
21
24.8402059999999985
0
LINE
8
Edge.Cuts
6
CONTINUOUS
10
14.9255019999999998
20
24.8402059999999985
11
14.4874999999999989
21
25.0930859999999996
0
LINE
8
Edge.Cuts
6
CONTINUOUS
10
14.4874999999999989
20
25.0930859999999996
11
14.4874829999999992
21
25.0931040000000003
0
LINE
8
Edge.Cuts
6
CONTINUOUS
10
14.4874829999999992
20
25.0931040000000003
11
14.1841099999999987
21
25.2871699999999997
0
LINE
8
Edge.Cuts
6
CONTINUOUS
10
14.1841099999999987
20
25.2871699999999997
11
13.9018069999999998
21
25.5110269999999986
0
LINE
8
Edge.Cuts
6
CONTINUOUS
10
13.9018069999999998
20
25.5110269999999986
11
13.6435999999999993
21
25.7622959999999992
0
LINE
8
Edge.Cuts
6
CONTINUOUS
10
13.6435999999999993
20
25.7622959999999992
11
13.4121379999999988
21
26.0383979999999973
0
LINE
8
Edge.Cuts
6
CONTINUOUS
10
13.4121379999999988
20
26.0383979999999973
11
13.209795999999999
21
26.3364989999999999
0
LINE
8
Edge.Cuts
6
CONTINUOUS
10
13.209795999999999
20
26.3364989999999999
11
13.0386509999999998
21
26.6535419999999981
0
LINE
8
Edge.Cuts
6
CONTINUOUS
10
13.0386509999999998
20
26.6535419999999981
11
12.9004579999999986
21
26.9862729999999971
0
LINE
8
Edge.Cuts
6
CONTINUOUS
10
12.9004579999999986
20
26.9862729999999971
11
12.7966369999999987
21
27.331277
0
LINE
8
Edge.Cuts
6
CONTINUOUS
10
12.7966369999999987
20
27.331277
11
12.7282510000000002
21
27.6850149999999999
0
LINE
8
Edge.Cuts
6
CONTINUOUS
10
12.7282510000000002
20
27.6850149999999999
11
12.6960040000000003
21
28.0438559999999981
0
LINE
8
Edge.Cuts
6
CONTINUOUS
10
12.6960040000000003
20
28.0438559999999981
11
12.7002249999999997
21
28.4041189999999979
0
LINE
8
Edge.Cuts
6
CONTINUOUS
10
12.7002249999999997
20
28.4041189999999979
11
12.7408719999999995
21
28.7621059999999993
0
LINE
8
Edge.Cuts
6
CONTINUOUS
10
12.7408719999999995
20
28.7621059999999993
11
12.8175270000000001
21
29.1141439999999996
0
LINE
8
Edge.Cuts
6
CONTINUOUS
10
12.8175270000000001
20
29.1141439999999996
11
12.9294039999999999
21
29.4566209999999984
0
LINE
8
Edge.Cuts
6
CONTINUOUS
10
12.9294039999999999
20
29.4566209999999984
11
13.0753550000000001
21
29.7860230000000001
0
LINE
8
Edge.Cuts
6
CONTINUOUS
10
13.0753550000000001
20
29.7860230000000001
11
13.2538819999999991
21
30.0989679999999993
0
LINE
8
Edge.Cuts
6
CONTINUOUS
10
13.2538819999999991
20
30.0989679999999993
11
13.4631530000000001
21
30.3922469999999976
0
LINE
8
Edge.Cuts
6
CONTINUOUS
10
13.4631530000000001
20
30.3922469999999976
11
13.701020999999999
21
30.6628499999999988
0
LINE
8
Edge.Cuts
6
CONTINUOUS
10
13.701020999999999
20
30.6628499999999988
11
13.9650449999999999
21
30.9079990000000002
0
LINE
8
Edge.Cuts
6
CONTINUOUS
10
13.9650449999999999
20
30.9079990000000002
11
14.252516
21
31.1251800000000003
0
LINE
8
Edge.Cuts
6
CONTINUOUS
10
14.252516
20
31.1251800000000003
11
14.5604839999999989
21
31.3121629999999982
0
LINE
8
Edge.Cuts
6
CONTINUOUS
10
14.5604839999999989
20
31.3121629999999982
11
14.8857879999999998
21
31.4670309999999986
0
LINE
8
Edge.Cuts
6
CONTINUOUS
10
14.8857879999999998
20
31.4670309999999986
11
15.225090999999999
21
31.5881929999999969
0
LINE
8
Edge.Cuts
6
CONTINUOUS
10
15.225090999999999
20
31.5881929999999969
11
15.5749110000000002
21
31.6744079999999997
0
LINE
8
Edge.Cuts
6
CONTINUOUS
10
15.5749110000000002
20
31.6744079999999997
11
15.9316589999999998
21
31.7247889999999977
0
LINE
8
Edge.Cuts
6
CONTINUOUS
10
15.9316589999999998
20
31.7247889999999977
11
16.2916729999999994
21
31.7388199999999969
0
LINE
8
Edge.Cuts
6
CONTINUOUS
10
16.2916729999999994
20
31.7388199999999969
11
16.6512589999999996
21
31.7163569999999986
0
LINE
8
Edge.Cuts
6
CONTINUOUS
10
16.0480829999999983
20
31.6880659999999992
11
15.6827439999999996
21
31.6477550000000001
0
LINE
8
Edge.Cuts
6
CONTINUOUS
10
15.6827439999999996
20
31.6477550000000001
11
15.32362
21
31.5694769999999991
0
LINE
8
Edge.Cuts
6
CONTINUOUS
10
15.32362
20
31.5694769999999991
11
14.9746459999999999
21
31.4540889999999997
0
LINE
8
Edge.Cuts
6
CONTINUOUS
10
14.9746459999999999
20
31.4540889999999997
11
14.6396439999999988
21
31.3028549999999974
0
LINE
8
Edge.Cuts
6
CONTINUOUS
10
14.6396439999999988
20
31.3028549999999974
11
14.3222860000000001
21
31.1174329999999983
0
LINE
8
Edge.Cuts
6
CONTINUOUS
10
14.3222860000000001
20
31.1174329999999983
11
14.0260489999999987
21
30.8998530000000002
0
LINE
8
Edge.Cuts
6
CONTINUOUS
10
14.0260489999999987
20
30.8998530000000002
11
13.7541779999999996
21
30.6524999999999999
0
LINE
8
Edge.Cuts
6
CONTINUOUS
10
13.7541779999999996
20
30.6524999999999999
11
13.5096509999999999
21
30.3780839999999976
0
LINE
8
Edge.Cuts
6
CONTINUOUS
10
13.5096509999999999
20
30.3780839999999976
11
13.2951479999999993
21
30.0796109999999999
0
LINE
8
Edge.Cuts
6
CONTINUOUS
10
13.2951479999999993
20
30.0796109999999999
11
13.1130189999999995
21
29.7603519999999975
0
LINE
8
Edge.Cuts
6
CONTINUOUS
10
13.1130189999999995
20
29.7603519999999975
11
12.9652599999999989
21
29.423803999999997
0
LINE
8
Edge.Cuts
6
CONTINUOUS
10
12.9652599999999989
20
29.423803999999997
11
12.8534889999999997
21
29.0736539999999977
0
LINE
8
Edge.Cuts
6
CONTINUOUS
10
12.8534889999999997
20
29.0736539999999977
11
12.778931
21
28.7137390000000003
0
LINE
8
Edge.Cuts
6
CONTINUOUS
10
12.778931
20
28.7137390000000003
11
12.7424020000000002
21
28.3480029999999985
0
LINE
8
Edge.Cuts
6
CONTINUOUS
10
12.7424020000000002
20
28.3480029999999985
11
12.7443039999999996
21
27.9804519999999997
0
LINE
8
Edge.Cuts
6
CONTINUOUS
10
12.7443039999999996
20
27.9804519999999997
11
12.7846139999999995
21
27.6151129999999974
0
LINE
8
Edge.Cuts
6
CONTINUOUS
10
12.7846139999999995
20
27.6151129999999974
11
12.8628929999999997
21
27.2559889999999996
0
LINE
8
Edge.Cuts
6
CONTINUOUS
10
12.8628929999999997
20
27.2559889999999996
11
12.9782809999999991
21
26.9070140000000002
0
LINE
8
Edge.Cuts
6
CONTINUOUS
10
12.9782809999999991
20
26.9070140000000002
11
13.1295139999999986
21
26.5720129999999983
0
LINE
8
Edge.Cuts
6
CONTINUOUS
10
13.1295139999999986
20
26.5720129999999983
11
13.3149369999999987
21
26.2546549999999996
0
LINE
8
Edge.Cuts
6
CONTINUOUS
10
13.3149369999999987
20
26.2546549999999996
11
13.5325159999999993
21
25.9584179999999982
0
LINE
8
Edge.Cuts
6
CONTINUOUS
10
13.5325159999999993
20
25.9584179999999982
11
13.7798689999999997
21
25.6865459999999999
0
LINE
8
Edge.Cuts
6
CONTINUOUS
10
13.7798689999999997
20
25.6865459999999999
11
14.0542850000000001
21
25.4420199999999994
0
LINE
8
Edge.Cuts
6
CONTINUOUS
10
14.0542850000000001
20
25.4420199999999994
11
14.3527579999999997
21
25.2275169999999989
0
LINE
8
Edge.Cuts
6
CONTINUOUS
10
14.3527579999999997
20
25.2275169999999989
11
14.5123879999999996
21
25.1364519999999985
0
LINE
8
Edge.Cuts
6
CONTINUOUS
10
14.5123879999999996
20
25.1364519999999985
11
14.5124329999999997
21
25.1364020000000004
0
LINE
8
Edge.Cuts
6
CONTINUOUS
10
14.5124329999999997
20
25.1364020000000004
11
14.5124999999999993
21
25.1363880000000002
0
LINE
8
Edge.Cuts
6
CONTINUOUS
10
14.5124999999999993
20
25.1363880000000002
11
15.3809069999999988
21
24.6145959999999988
0
LINE
8
Edge.Cuts
6
CONTINUOUS
10
15.3809069999999988
20
24.6145959999999988
11
16.2305740000000007
21
24.062815999999998
0
LINE
8
Edge.Cuts
6
CONTINUOUS
10
16.2305740000000007
20
24.062815999999998
11
17.0604669999999992
21
23.4817189999999982
0
LINE
8
Edge.Cuts
6
CONTINUOUS
10
17.0604669999999992
20
23.4817189999999982
11
17.8695749999999975
21
22.872012999999999
0
LINE
8
Edge.Cuts
6
CONTINUOUS
10
17.8695749999999975
20
22.872012999999999
11
18.6569110000000009
21
22.2344399999999993
0
LINE
8
Edge.Cuts
6
CONTINUOUS
10
18.6569110000000009
20
22.2344399999999993
11
19.4215160000000004
21
21.5697790000000005
0
LINE
8
Edge.Cuts
6
CONTINUOUS
10
19.4215160000000004
20
21.5697790000000005
11
20.1624599999999994
21
20.8788379999999982
0
LINE
8
Edge.Cuts
6
CONTINUOUS
10
20.1624599999999994
20
20.8788379999999982
11
20.8788379999999982
21
20.1624599999999994
0
LINE
8
Edge.Cuts
6
CONTINUOUS
10
20.8788379999999982
20
20.1624599999999994
11
21.5697790000000005
21
19.4215160000000004
0
LINE
8
Edge.Cuts
6
CONTINUOUS
10
21.5697790000000005
20
19.4215160000000004
11
22.2344399999999993
21
18.6569110000000009
0
LINE
8
Edge.Cuts
6
CONTINUOUS
10
22.2344399999999993
20
18.6569110000000009
11
22.872012999999999
21
17.8695749999999975
0
LINE
8
Edge.Cuts
6
CONTINUOUS
10
22.872012999999999
20
17.8695749999999975
11
23.4817189999999982
21
17.0604669999999992
0
LINE
8
Edge.Cuts
6
CONTINUOUS
10
23.4817189999999982
20
17.0604669999999992
11
24.062815999999998
21
16.2305740000000007
0
LINE
8
Edge.Cuts
6
CONTINUOUS
10
24.062815999999998
20
16.2305740000000007
11
24.6145959999999988
21
15.3809069999999988
0
LINE
8
Edge.Cuts
6
CONTINUOUS
10
24.6145959999999988
20
15.3809069999999988
11
25.1363880000000002
21
14.5124999999999993
0
LINE
8
Edge.Cuts
6
CONTINUOUS
10
25.1363880000000002
20
14.5124999999999993
11
25.1364009999999993
21
14.5124339999999989
0
LINE
8
Edge.Cuts
6
CONTINUOUS
10
25.1364009999999993
20
14.5124339999999989
11
25.1364519999999985
21
14.5123889999999989
0
LINE
8
Edge.Cuts
6
CONTINUOUS
10
25.1364519999999985
20
14.5123889999999989
11
25.2275169999999989
21
14.3527589999999989
0
LINE
8
Edge.Cuts
6
CONTINUOUS
10
25.2275169999999989
20
14.3527589999999989
11
25.4420189999999984
21
14.0542859999999994
0
LINE
8
Edge.Cuts
6
CONTINUOUS
10
25.4420189999999984
20
14.0542859999999994
11
25.6865459999999999
21
13.779869999999999
0
LINE
8
Edge.Cuts
6
CONTINUOUS
10
25.6865459999999999
20
13.779869999999999
11
25.9584169999999972
21
13.5325169999999986
0
LINE
8
Edge.Cuts
6
CONTINUOUS
10
25.9584169999999972
20
13.5325169999999986
11
26.2546549999999996
21
13.3149379999999997
0
LINE
8
Edge.Cuts
6
CONTINUOUS
10
26.2546549999999996
20
13.3149379999999997
11
26.5720119999999973
21
13.1295159999999989
0
LINE
8
Edge.Cuts
6
CONTINUOUS
10
26.5720119999999973
20
13.1295159999999989
11
26.9070140000000002
21
12.9782820000000001
0
LINE
8
Edge.Cuts
6
CONTINUOUS
10
26.9070140000000002
20
12.9782820000000001
11
27.2559879999999986
21
12.8628939999999989
0
LINE
8
Edge.Cuts
6
CONTINUOUS
10
27.2559879999999986
20
12.8628939999999989
11
27.6151119999999999
21
12.7846159999999998
0
LINE
8
Edge.Cuts
6
CONTINUOUS
10
27.6151119999999999
20
12.7846159999999998
11
27.9804509999999986
21
12.7443049999999989
0
LINE
8
Edge.Cuts
6
CONTINUOUS
10
27.9804509999999986
20
12.7443049999999989
11
28.3480019999999975
21
12.7424029999999995
0
LINE
8
Edge.Cuts
6
CONTINUOUS
10
28.3480019999999975
20
12.7424029999999995
11
28.7137379999999993
21
12.7789319999999993
0
LINE
8
Edge.Cuts
6
CONTINUOUS
10
28.7137379999999993
20
12.7789319999999993
11
29.0736530000000002
21
12.853489999999999
0
LINE
8
Edge.Cuts
6
CONTINUOUS
10
29.0736530000000002
20
12.853489999999999
11
29.4238019999999985
21
12.9652609999999999
0
LINE
8
Edge.Cuts
6
CONTINUOUS
10
29.4238019999999985
20
12.9652609999999999
11
29.760349999999999
21
13.1130199999999988
0
LINE
8
Edge.Cuts
6
CONTINUOUS
10
29.760349999999999
20
13.1130199999999988
11
30.0796099999999988
21
13.2951489999999986
0
LINE
8
Edge.Cuts
6
CONTINUOUS
10
30.0796099999999988
20
13.2951489999999986
11
30.3780830000000002
21
13.5096509999999999
0
LINE
8
Edge.Cuts
6
CONTINUOUS
10
30.3780830000000002
20
13.5096509999999999
11
30.6524989999999988
21
13.7541779999999996
0
LINE
8
Edge.Cuts
6
CONTINUOUS
10
30.6524989999999988
20
13.7541779999999996
11
30.8998519999999992
21
14.0260489999999987
0
LINE
8
Edge.Cuts
6
CONTINUOUS
10
30.8998519999999992
20
14.0260489999999987
11
31.1174309999999998
21
14.3222869999999993
0
LINE
8
Edge.Cuts
6
CONTINUOUS
10
31.1174309999999998
20
14.3222869999999993
11
31.3028529999999989
21
14.6396439999999988
0
LINE
8
Edge.Cuts
6
CONTINUOUS
10
31.3028529999999989
20
14.6396439999999988
11
31.4540869999999977
21
14.9746459999999999
0
LINE
8
Edge.Cuts
6
CONTINUOUS
10
31.4540869999999977
20
14.9746459999999999
11
31.5694749999999971
21
15.32362
0
LINE
8
Edge.Cuts
6
CONTINUOUS
10
31.5694749999999971
20
15.32362
11
31.647752999999998
21
15.6827439999999996
0
LINE
8
Edge.Cuts
6
CONTINUOUS
10
31.647752999999998
20
15.6827439999999996
11
31.6880639999999971
21
16.0480829999999983
0
LINE
8
Edge.Cuts
6
CONTINUOUS
10
31.6880639999999971
20
16.0480829999999983
11
31.6899659999999983
21
16.4156340000000007
0
LINE
8
Edge.Cuts
6
CONTINUOUS
10
31.6899659999999983
20
16.4156340000000007
11
31.6534370000000003
21
16.781369999999999
0
LINE
8
Edge.Cuts
6
CONTINUOUS
10
31.6534370000000003
20
16.781369999999999
11
31.578878999999997
21
17.1412849999999999
0
LINE
8
Edge.Cuts
6
CONTINUOUS
10
31.578878999999997
20
17.1412849999999999
11
31.4671079999999996
21
17.4914339999999982
0
LINE
8
Edge.Cuts
6
CONTINUOUS
10
31.4671079999999996
20
17.4914339999999982
11
31.319348999999999
21
17.8279819999999987
0
LINE
8
Edge.Cuts
6
CONTINUOUS
10
31.319348999999999
20
17.8279819999999987
11
31.2282849999999996
21
17.9876119999999986
0
LINE
8
Edge.Cuts
6
CONTINUOUS
10
31.2282849999999996
20
17.9876119999999986
11
31.2282849999999996
21
17.9876129999999996
0
LINE
8
Edge.Cuts
6
CONTINUOUS
10
31.2282849999999996
20
17.9876129999999996
11
30.9502429999999968
21
18.4703419999999987
0
LINE
8
Edge.Cuts
6
CONTINUOUS
10
30.9502429999999968
20
18.4703419999999987
11
30.3644539999999985
21
19.4183160000000008
0
LINE
8
Edge.Cuts
6
CONTINUOUS
10
30.3644539999999985
20
19.4183160000000008
11
29.7496389999999984
21
20.347728
0
LINE
8
Edge.Cuts
6
CONTINUOUS
10
29.7496389999999984
20
20.347728
11
29.106385999999997
21
21.2576900000000002
0
LINE
8
Edge.Cuts
6
CONTINUOUS
10
29.106385999999997
20
21.2576900000000002
11
28.4353099999999976
21
22.1473300000000002
0
LINE
8
Edge.Cuts
6
CONTINUOUS
10
28.4353099999999976
20
22.1473300000000002
11
27.7370519999999985
21
23.0157999999999987
0
LINE
8
Edge.Cuts
6
CONTINUOUS
10
27.7370519999999985
20
23.0157999999999987
11
27.0122789999999995
21
23.8622689999999977
0
LINE
8
Edge.Cuts
6
CONTINUOUS
10
27.0122789999999995
20
23.8622689999999977
11
26.2616849999999999
21
24.6859269999999995
0
LINE
8
Edge.Cuts
6
CONTINUOUS
10
26.2616849999999999
20
24.6859269999999995
11
25.4859869999999979
21
25.4859869999999979
0
LINE
8
Edge.Cuts
6
CONTINUOUS
10
25.4859869999999979
20
25.4859869999999979
11
24.6859269999999995
21
26.2616849999999999
0
LINE
8
Edge.Cuts
6
CONTINUOUS
10
24.6859269999999995
20
26.2616849999999999
11
23.8622689999999977
21
27.0122789999999995
0
LINE
8
Edge.Cuts
6
CONTINUOUS
10
23.8622689999999977
20
27.0122789999999995
11
23.0157999999999987
21
27.7370519999999985
0
LINE
8
Edge.Cuts
6
CONTINUOUS
10
23.0157999999999987
20
27.7370519999999985
11
22.1473300000000002
21
28.4353099999999976
0
LINE
8
Edge.Cuts
6
CONTINUOUS
10
22.1473300000000002
20
28.4353099999999976
11
21.2576900000000002
21
29.106385999999997
0
LINE
8
Edge.Cuts
6
CONTINUOUS
10
21.2576900000000002
20
29.106385999999997
11
20.347728
21
29.7496389999999984
0
LINE
8
Edge.Cuts
6
CONTINUOUS
10
20.347728
20
29.7496389999999984
11
19.4183160000000008
21
30.3644539999999985
0
LINE
8
Edge.Cuts
6
CONTINUOUS
10
19.4183160000000008
20
30.3644539999999985
11
18.4703419999999987
21
30.9502429999999968
0
LINE
8
Edge.Cuts
6
CONTINUOUS
10
18.4703419999999987
20
30.9502429999999968
11
17.9875219999999985
21
31.2283369999999998
0
LINE
8
Edge.Cuts
6
CONTINUOUS
10
17.9875219999999985
20
31.2283369999999998
11
17.98752
21
31.2283379999999973
0
LINE
8
Edge.Cuts
6
CONTINUOUS
10
17.98752
20
31.2283379999999973
11
17.8279829999999997
21
31.31935
0
LINE
8
Edge.Cuts
6
CONTINUOUS
10
17.8279829999999997
20
31.31935
11
17.4914349999999992
21
31.4671089999999971
0
LINE
8
Edge.Cuts
6
CONTINUOUS
10
17.4914349999999992
20
31.4671089999999971
11
17.1412849999999999
21
31.5788809999999991
0
LINE
8
Edge.Cuts
6
CONTINUOUS
10
17.1412849999999999
20
31.5788809999999991
11
16.781371
21
31.6534389999999988
0
LINE
8
Edge.Cuts
6
CONTINUOUS
10
16.781371
20
31.6534389999999988
11
16.4156340000000007
21
31.6899669999999993
0
LINE
8
Edge.Cuts
6
CONTINUOUS
10
16.4156340000000007
20
31.6899669999999993
11
16.0480829999999983
21
31.6880659999999992
0
LINE
8
Edge.Cuts
6
CONTINUOUS
10
0.33266
20
28.3856269999999995
11
0.5453239999999999
21
28.3165279999999981
0
LINE
8
Edge.Cuts
6
CONTINUOUS
10
0.5453239999999999
20
28.3165279999999981
11
0.74456
21
28.215011999999998
0
LINE
8
Edge.Cuts
6
CONTINUOUS
10
0.74456
20
28.215011999999998
11
0.9254629999999999
21
28.0835790000000003
0
LINE
8
Edge.Cuts
6
CONTINUOUS
10
0.9254629999999999
20
28.0835790000000003
11
1.0835789999999998
21
27.925462999999997
0
LINE
8
Edge.Cuts
6
CONTINUOUS
10
1.0835789999999998
20
27.925462999999997
11
1.215012
21
27.7445599999999999
0
LINE
8
Edge.Cuts
6
CONTINUOUS
10
1.215012
20
27.7445599999999999
11
1.3165279999999999
21
27.5453239999999973
0
LINE
8
Edge.Cuts
6
CONTINUOUS
10
1.3165279999999999
20
27.5453239999999973
11
1.3856269999999999
21
27.3326599999999971
0
LINE
8
Edge.Cuts
6
CONTINUOUS
10
1.3856269999999999
20
27.3326599999999971
11
1.420607
21
27.1118039999999993
0
LINE
8
Edge.Cuts
6
CONTINUOUS
10
1.420607
20
27.1118039999999993
11
1.420607
21
26.8881959999999971
0
LINE
8
Edge.Cuts
6
CONTINUOUS
10
1.420607
20
26.8881959999999971
11
1.3856269999999999
21
26.6673399999999994
0
LINE
8
Edge.Cuts
6
CONTINUOUS
10
1.3856269999999999
20
26.6673399999999994
11
1.3165279999999999
21
26.4546759999999992
0
LINE
8
Edge.Cuts
6
CONTINUOUS
10
1.3165279999999999
20
26.4546759999999992
11
1.215012
21
26.2554400000000001
0
LINE
8
Edge.Cuts
6
CONTINUOUS
10
1.215012
20
26.2554400000000001
11
1.0835789999999998
21
26.0745369999999994
0
LINE
8
Edge.Cuts
6
CONTINUOUS
10
1.0835789999999998
20
26.0745369999999994
11
0.9254629999999999
21
25.9164209999999997
0
LINE
8
Edge.Cuts
6
CONTINUOUS
10
0.9254629999999999
20
25.9164209999999997
11
0.74456
21
25.7849879999999985
0
LINE
8
Edge.Cuts
6
CONTINUOUS
10
0.74456
20
25.7849879999999985
11
0.5453239999999999
21
25.6834719999999983
0
LINE
8
Edge.Cuts
6
CONTINUOUS
10
0.5453239999999999
20
25.6834719999999983
11
0.33266
21
25.6143730000000005
0
LINE
8
Edge.Cuts
6
CONTINUOUS
10
0.33266
20
25.6143730000000005
11
0.111804
21
25.5793929999999996
0
LINE
8
Edge.Cuts
6
CONTINUOUS
10
0.111804
20
25.5793929999999996
11
-0.111804
21
25.5793929999999996
0
LINE
8
Edge.Cuts
6
CONTINUOUS
10
-0.111804
20
25.5793929999999996
11
-0.33266
21
25.6143730000000005
0
LINE
8
Edge.Cuts
6
CONTINUOUS
10
-0.33266
20
25.6143730000000005
11
-0.5453239999999999
21
25.6834719999999983
0
LINE
8
Edge.Cuts
6
CONTINUOUS
10
-0.5453239999999999
20
25.6834719999999983
11
-0.74456
21
25.7849879999999985
0
LINE
8
Edge.Cuts
6
CONTINUOUS
10
-0.74456
20
25.7849879999999985
11
-0.9254629999999999
21
25.9164209999999997
0
LINE
8
Edge.Cuts
6
CONTINUOUS
10
-0.9254629999999999
20
25.9164209999999997
11
-1.0835789999999998
21
26.0745369999999994
0
LINE
8
Edge.Cuts
6
CONTINUOUS
10
-1.0835789999999998
20
26.0745369999999994
11
-1.215012
21
26.2554400000000001
0
LINE
8
Edge.Cuts
6
CONTINUOUS
10
-1.215012
20
26.2554400000000001
11
-1.3165279999999999
21
26.4546759999999992
0
LINE
8
Edge.Cuts
6
CONTINUOUS
10
-1.3165279999999999
20
26.4546759999999992
11
-1.3856269999999999
21
26.6673399999999994
0
LINE
8
Edge.Cuts
6
CONTINUOUS
10
-1.3856269999999999
20
26.6673399999999994
11
-1.420607
21
26.8881959999999971
0
LINE
8
Edge.Cuts
6
CONTINUOUS
10
-1.420607
20
26.8881959999999971
11
-1.420607
21
27.1082149999999977
0
LINE
8
Edge.Cuts
6
CONTINUOUS
10
-1.420607
20
27.1082149999999977
11
-1.420607
21
27.1118039999999993
0
LINE
8
Edge.Cuts
6
CONTINUOUS
10
-1.420607
20
27.1118039999999993
11
-1.3856269999999999
21
27.3326599999999971
0
LINE
8
Edge.Cuts
6
CONTINUOUS
10
-1.3856269999999999
20
27.3326599999999971
11
-1.3165279999999999
21
27.5453239999999973
0
LINE
8
Edge.Cuts
6
CONTINUOUS
10
-1.3165279999999999
20
27.5453239999999973
11
-1.215012
21
27.7445599999999999
0
LINE
8
Edge.Cuts
6
CONTINUOUS
10
-1.215012
20
27.7445599999999999
11
-1.0835789999999998
21
27.925462999999997
0
LINE
8
Edge.Cuts
6
CONTINUOUS
10
-1.0835789999999998
20
27.925462999999997
11
-0.9254629999999999
21
28.0835790000000003
0
LINE
8
Edge.Cuts
6
CONTINUOUS
10
-0.9254629999999999
20
28.0835790000000003
11
-0.74456
21
28.215011999999998
0
LINE
8
Edge.Cuts
6
CONTINUOUS
10
-0.74456
20
28.215011999999998
11
-0.5453239999999999
21
28.3165279999999981
0
LINE
8
Edge.Cuts
6
CONTINUOUS
10
-0.5453239999999999
20
28.3165279999999981
11
-0.33266
21
28.3856269999999995
0
LINE
8
Edge.Cuts
6
CONTINUOUS
10
-0.33266
20
28.3856269999999995
11
-0.111804
21
28.4206070000000004
0
LINE
8
Edge.Cuts
6
CONTINUOUS
10
-0.111804
20
28.4206070000000004
11
0.111804
21
28.4206070000000004
0
LINE
8
Edge.Cuts
6
CONTINUOUS
10
0.111804
20
28.4206070000000004
11
0.33266
21
28.3856269999999995
0
LINE
8
Edge.Cuts
6
CONTINUOUS
10
-1.375
20
26.8917849999999987
11
-1.341143
21
26.6780200000000001
0
LINE
8
Edge.Cuts
6
CONTINUOUS
10
-1.341143
20
26.6780200000000001
11
-1.2742629999999999
21
26.4721829999999976
0
LINE
8
Edge.Cuts
6
CONTINUOUS
10
-1.2742629999999999
20
26.4721829999999976
11
-1.1760059999999999
21
26.2793429999999972
0
LINE
8
Edge.Cuts
6
CONTINUOUS
10
-1.1760059999999999
20
26.2793429999999972
11
-1.048791
21
26.1042469999999973
0
LINE
8
Edge.Cuts
6
CONTINUOUS
10
-1.048791
20
26.1042469999999973
11
-0.8957529999999999
21
25.9512089999999986
0
LINE
8
Edge.Cuts
6
CONTINUOUS
10
-0.8957529999999999
20
25.9512089999999986
11
-0.720657
21
25.823993999999999
0
LINE
8
Edge.Cuts
6
CONTINUOUS
10
-0.720657
20
25.823993999999999
11
-0.527817
21
25.7257369999999987
0
LINE
8
Edge.Cuts
6
CONTINUOUS
10
-0.527817
20
25.7257369999999987
11
-0.32198
21
25.6588569999999976
0
LINE
8
Edge.Cuts
6
CONTINUOUS
10
-0.32198
20
25.6588569999999976
11
-0.108215
21
25.625
0
LINE
8
Edge.Cuts
6
CONTINUOUS
10
-0.108215
20
25.625
11
0.108215
21
25.625
0
LINE
8
Edge.Cuts
6
CONTINUOUS
10
0.108215
20
25.625
11
0.32198
21
25.6588569999999976
0
LINE
8
Edge.Cuts
6
CONTINUOUS
10
0.32198
20
25.6588569999999976
11
0.527817
21
25.7257369999999987
0
LINE
8
Edge.Cuts
6
CONTINUOUS
10
0.527817
20
25.7257369999999987
11
0.720657
21
25.823993999999999
0
LINE
8
Edge.Cuts
6
CONTINUOUS
10
0.720657
20
25.823993999999999
11
0.8957529999999999
21
25.9512089999999986
0
LINE
8
Edge.Cuts
6
CONTINUOUS
10
0.8957529999999999
20
25.9512089999999986
11
1.048791
21
26.1042469999999973
0
LINE
8
Edge.Cuts
6
CONTINUOUS
10
1.048791
20
26.1042469999999973
11
1.1760059999999999
21
26.2793429999999972
0
LINE
8
Edge.Cuts
6
CONTINUOUS
10
1.1760059999999999
20
26.2793429999999972
11
1.2742629999999999
21
26.4721829999999976
0
LINE
8
Edge.Cuts
6
CONTINUOUS
10
1.2742629999999999
20
26.4721829999999976
11
1.341143
21
26.6780200000000001
0
LINE
8
Edge.Cuts
6
CONTINUOUS
10
1.341143
20
26.6780200000000001
11
1.375
21
26.8917849999999987
0
LINE
8
Edge.Cuts
6
CONTINUOUS
10
1.375
20
26.8917849999999987
11
1.375
21
27.1082149999999977
0
LINE
8
Edge.Cuts
6
CONTINUOUS
10
1.375
20
27.1082149999999977
11
1.341143
21
27.3219799999999999
0
LINE
8
Edge.Cuts
6
CONTINUOUS
10
1.341143
20
27.3219799999999999
11
1.2742629999999999
21
27.5278169999999989
0
LINE
8
Edge.Cuts
6
CONTINUOUS
10
1.2742629999999999
20
27.5278169999999989
11
1.1760059999999999
21
27.7206569999999992
0
LINE
8
Edge.Cuts
6
CONTINUOUS
10
1.1760059999999999
20
27.7206569999999992
11
1.048791
21
27.8957529999999991
0
LINE
8
Edge.Cuts
6
CONTINUOUS
10
1.048791
20
27.8957529999999991
11
0.8957529999999999
21
28.0487909999999978
0
LINE
8
Edge.Cuts
6
CONTINUOUS
10
0.8957529999999999
20
28.0487909999999978
11
0.720657
21
28.1760059999999974
0
LINE
8
Edge.Cuts
6
CONTINUOUS
10
0.720657
20
28.1760059999999974
11
0.527817
21
28.2742629999999977
0
LINE
8
Edge.Cuts
6
CONTINUOUS
10
0.527817
20
28.2742629999999977
11
0.32198
21
28.3411429999999989
0
LINE
8
Edge.Cuts
6
CONTINUOUS
10
0.32198
20
28.3411429999999989
11
0.108215
21
28.375
0
LINE
8
Edge.Cuts
6
CONTINUOUS
10
0.108215
20
28.375
11
-0.108215
21
28.375
0
LINE
8
Edge.Cuts
6
CONTINUOUS
10
-0.108215
20
28.375
11
-0.32198
21
28.3411429999999989
0
LINE
8
Edge.Cuts
6
CONTINUOUS
10
-0.32198
20
28.3411429999999989
11
-0.527817
21
28.2742629999999977
0
LINE
8
Edge.Cuts
6
CONTINUOUS
10
-0.527817
20
28.2742629999999977
11
-0.720657
21
28.1760059999999974
0
LINE
8
Edge.Cuts
6
CONTINUOUS
10
-0.720657
20
28.1760059999999974
11
-0.8957529999999999
21
28.0487909999999978
0
LINE
8
Edge.Cuts
6
CONTINUOUS
10
-0.8957529999999999
20
28.0487909999999978
11
-1.048791
21
27.8957529999999991
0
LINE
8
Edge.Cuts
6
CONTINUOUS
10
-1.048791
20
27.8957529999999991
11
-1.1760059999999999
21
27.7206569999999992
0
LINE
8
Edge.Cuts
6
CONTINUOUS
10
-1.1760059999999999
20
27.7206569999999992
11
-1.2742629999999999
21
27.5278169999999989
0
LINE
8
Edge.Cuts
6
CONTINUOUS
10
-1.2742629999999999
20
27.5278169999999989
11
-1.341143
21
27.3219799999999999
0
LINE
8
Edge.Cuts
6
CONTINUOUS
10
-1.341143
20
27.3219799999999999
11
-1.375
21
27.1082149999999977
0
LINE
8
Edge.Cuts
6
CONTINUOUS
10
-1.375
20
27.1082149999999977
11
-1.375
21
26.8917849999999987
0
LINE
8
Edge.Cuts
6
CONTINUOUS
10
25.732530999999998
20
34.1972549999999984
11
25.9504829999999984
21
34.1388539999999949
0
LINE
8
Edge.Cuts
6
CONTINUOUS
10
25.9504829999999984
20
34.1388539999999949
11
26.1589479999999988
21
34.0525049999999965
0
LINE
8
Edge.Cuts
6
CONTINUOUS
10
26.1589479999999988
20
34.0525049999999965
11
26.3543589999999988
21
33.9396849999999972
0
LINE
8
Edge.Cuts
6
CONTINUOUS
10
26.3543589999999988
20
33.9396849999999972
11
26.533372
21
33.8023239999999987
0
LINE
8
Edge.Cuts
6
CONTINUOUS
10
26.533372
20
33.8023239999999987
11
26.6929239999999979
21
33.6427720000000008
0
LINE
8
Edge.Cuts
6
CONTINUOUS
10
26.6929239999999979
20
33.6427720000000008
11
26.8302849999999999
21
33.463758999999996
0
LINE
8
Edge.Cuts
6
CONTINUOUS
10
26.8302849999999999
20
33.463758999999996
11
26.9431049999999992
21
33.268347999999996
0
LINE
8
Edge.Cuts
6
CONTINUOUS
10
26.9431049999999992
20
33.268347999999996
11
27.0294539999999976
21
33.0598829999999992
0
LINE
8
Edge.Cuts
6
CONTINUOUS
10
27.0294539999999976
20
33.0598829999999992
11
27.0878549999999976
21
32.8419309999999953
0
LINE
8
Edge.Cuts
6
CONTINUOUS
10
27.0878549999999976
20
32.8419309999999953
11
27.1173070000000003
21
32.6182200000000009
0
LINE
8
Edge.Cuts
6
CONTINUOUS
10
27.1173070000000003
20
32.6182200000000009
11
27.1173070000000003
21
32.3925799999999953
0
LINE
8
Edge.Cuts
6
CONTINUOUS
10
27.1173070000000003
20
32.3925799999999953
11
27.0878549999999976
21
32.1688690000000008
0
LINE
8
Edge.Cuts
6
CONTINUOUS
10
27.0878549999999976
20
32.1688690000000008
11
27.0294539999999976
21
31.9509169999999969
0
LINE
8
Edge.Cuts
6
CONTINUOUS
10
27.0294539999999976
20
31.9509169999999969
11
26.9431049999999992
21
31.7424520000000001
0
LINE
8
Edge.Cuts
6
CONTINUOUS
10
26.9431049999999992
20
31.7424520000000001
11
26.8302849999999999
21
31.5470410000000001
0
LINE
8
Edge.Cuts
6
CONTINUOUS
10
26.8302849999999999
20
31.5470410000000001
11
26.6929239999999979
21
31.3680279999999989
0
LINE
8
Edge.Cuts
6
CONTINUOUS
10
26.6929239999999979
20
31.3680279999999989
11
26.533372
21
31.2084759999999974
0
LINE
8
Edge.Cuts
6
CONTINUOUS
10
26.533372
20
31.2084759999999974
11
26.3543589999999988
21
31.0711149999999989
0
LINE
8
Edge.Cuts
6
CONTINUOUS
10
26.3543589999999988
20
31.0711149999999989
11
26.1589479999999988
21
30.9582949999999997
0
LINE
8
Edge.Cuts
6
CONTINUOUS
10
26.1589479999999988
20
30.9582949999999997
11
25.9504829999999984
21
30.8719459999999977
0
LINE
8
Edge.Cuts
6
CONTINUOUS
10
25.9504829999999984
20
30.8719459999999977
11
25.732530999999998
21
30.8135449999999977
0
LINE
8
Edge.Cuts
6
CONTINUOUS
10
25.732530999999998
20
30.8135449999999977
11
25.5088200000000001
21
30.7840929999999986
0
LINE
8
Edge.Cuts
6
CONTINUOUS
10
25.5088200000000001
20
30.7840929999999986
11
25.283179999999998
21
30.7840929999999986
0
LINE
8
Edge.Cuts
6
CONTINUOUS
10
25.283179999999998
20
30.7840929999999986
11
25.059469
21
30.8135449999999977
0
LINE
8
Edge.Cuts
6
CONTINUOUS
10
25.059469
20
30.8135449999999977
11
24.8415169999999996
21
30.8719459999999977
0
LINE
8
Edge.Cuts
6
CONTINUOUS
10
24.8415169999999996
20
30.8719459999999977
11
24.6330519999999993
21
30.9582949999999997
0
LINE
8
Edge.Cuts
6
CONTINUOUS
10
24.6330519999999993
20
30.9582949999999997
11
24.4376409999999993
21
31.0711149999999989
0
LINE
8
Edge.Cuts
6
CONTINUOUS
10
24.4376409999999993
20
31.0711149999999989
11
24.2586279999999981
21
31.2084759999999974
0
LINE
8
Edge.Cuts
6
CONTINUOUS
10
24.2586279999999981
20
31.2084759999999974
11
24.0990760000000002
21
31.3680279999999989
0
LINE
8
Edge.Cuts
6
CONTINUOUS
10
24.0990760000000002
20
31.3680279999999989
11
23.9617149999999981
21
31.5470410000000001
0
LINE
8
Edge.Cuts
6
CONTINUOUS
10
23.9617149999999981
20
31.5470410000000001
11
23.8488949999999988
21
31.7424520000000001
0
LINE
8
Edge.Cuts
6
CONTINUOUS
10
23.8488949999999988
20
31.7424520000000001
11
23.7625460000000004
21
31.9509169999999969
0
LINE
8
Edge.Cuts
6
CONTINUOUS
10
23.7625460000000004
20
31.9509169999999969
11
23.7041450000000005
21
32.1688690000000008
0
LINE
8
Edge.Cuts
6
CONTINUOUS
10
23.7041450000000005
20
32.1688690000000008
11
23.6746929999999978
21
32.3925799999999953
0
LINE
8
Edge.Cuts
6
CONTINUOUS
10
23.6746929999999978
20
32.3925799999999953
11
23.6746929999999978
21
32.6151849999999968
0
LINE
8
Edge.Cuts
6
CONTINUOUS
10
23.6746929999999978
20
32.6151849999999968
11
23.6746929999999978
21
32.6182200000000009
0
LINE
8
Edge.Cuts
6
CONTINUOUS
10
23.6746929999999978
20
32.6182200000000009
11
23.7041450000000005
21
32.8419309999999953
0
LINE
8
Edge.Cuts
6
CONTINUOUS
10
23.7041450000000005
20
32.8419309999999953
11
23.7625460000000004
21
33.0598829999999992
0
LINE
8
Edge.Cuts
6
CONTINUOUS
10
23.7625460000000004
20
33.0598829999999992
11
23.8488949999999988
21
33.268347999999996
0
LINE
8
Edge.Cuts
6
CONTINUOUS
10
23.8488949999999988
20
33.268347999999996
11
23.9617149999999981
21
33.463758999999996
0
LINE
8
Edge.Cuts
6
CONTINUOUS
10
23.9617149999999981
20
33.463758999999996
11
24.0990760000000002
21
33.6427720000000008
0
LINE
8
Edge.Cuts
6
CONTINUOUS
10
24.0990760000000002
20
33.6427720000000008
11
24.2586279999999981
21
33.8023239999999987
0
LINE
8
Edge.Cuts
6
CONTINUOUS
10
24.2586279999999981
20
33.8023239999999987
11
24.4376409999999993
21
33.9396849999999972
0
LINE
8
Edge.Cuts
6
CONTINUOUS
10
24.4376409999999993
20
33.9396849999999972
11
24.6330519999999993
21
34.0525049999999965
0
LINE
8
Edge.Cuts
6
CONTINUOUS
10
24.6330519999999993
20
34.0525049999999965
11
24.8415169999999996
21
34.1388539999999949
0
LINE
8
Edge.Cuts
6
CONTINUOUS
10
24.8415169999999996
20
34.1388539999999949
11
25.059469
21
34.1972549999999984
0
LINE
8
Edge.Cuts
6
CONTINUOUS
10
25.059469
20
34.1972549999999984
11
25.283179999999998
21
34.2267069999999975
0
LINE
8
Edge.Cuts
6
CONTINUOUS
10
25.283179999999998
20
34.2267069999999975
11
25.5088200000000001
21
34.2267069999999975
0
LINE
8
Edge.Cuts
6
CONTINUOUS
10
25.5088200000000001
20
34.2267069999999975
11
25.732530999999998
21
34.1972549999999984
0
LINE
8
Edge.Cuts
6
CONTINUOUS
10
23.7210000000000001
20
32.3956149999999994
11
23.7496599999999987
21
32.1779229999999998
0
LINE
8
Edge.Cuts
6
CONTINUOUS
10
23.7496599999999987
20
32.1779229999999998
11
23.8064889999999991
21
31.9658339999999974
0
LINE
8
Edge.Cuts
6
CONTINUOUS
10
23.8064889999999991
20
31.9658339999999974
11
23.8905150000000006
21
31.7629769999999994
0
LINE
8
Edge.Cuts
6
CONTINUOUS
10
23.8905150000000006
20
31.7629769999999994
11
24.0002999999999993
21
31.5728229999999996
0
LINE
8
Edge.Cuts
6
CONTINUOUS
10
24.0002999999999993
20
31.5728229999999996
11
24.1339659999999974
21
31.3986260000000001
0
LINE
8
Edge.Cuts
6
CONTINUOUS
10
24.1339659999999974
20
31.3986260000000001
11
24.2892259999999993
21
31.2433659999999982
0
LINE
8
Edge.Cuts
6
CONTINUOUS
10
24.2892259999999993
20
31.2433659999999982
11
24.4634229999999988
21
31.1097000000000001
0
LINE
8
Edge.Cuts
6
CONTINUOUS
10
24.4634229999999988
20
31.1097000000000001
11
24.6535769999999985
21
30.9999149999999979
0
LINE
8
Edge.Cuts
6
CONTINUOUS
10
24.6535769999999985
20
30.9999149999999979
11
24.8564340000000001
21
30.915889
0
LINE
8
Edge.Cuts
6
CONTINUOUS
10
24.8564340000000001
20
30.915889
11
25.068522999999999
21
30.8590599999999995
0
LINE
8
Edge.Cuts
6
CONTINUOUS
10
25.068522999999999
20
30.8590599999999995
11
25.2862149999999986
21
30.8303999999999974
0
LINE
8
Edge.Cuts
6
CONTINUOUS
10
25.2862149999999986
20
30.8303999999999974
11
25.5057849999999995
21
30.8303999999999974
0
LINE
8
Edge.Cuts
6
CONTINUOUS
10
25.5057849999999995
20
30.8303999999999974
11
25.723476999999999
21
30.8590599999999995
0
LINE
8
Edge.Cuts
6
CONTINUOUS
10
25.723476999999999
20
30.8590599999999995
11
25.9355659999999979
21
30.915889
0
LINE
8
Edge.Cuts
6
CONTINUOUS
10
25.9355659999999979
20
30.915889
11
26.1384229999999995
21
30.9999149999999979
0
LINE
8
Edge.Cuts
6
CONTINUOUS
10
26.1384229999999995
20
30.9999149999999979
11
26.3285769999999992
21
31.1097000000000001
0
LINE
8
Edge.Cuts
6
CONTINUOUS
10
26.3285769999999992
20
31.1097000000000001
11
26.5027739999999987
21
31.2433659999999982
0
LINE
8
Edge.Cuts
6
CONTINUOUS
10
26.5027739999999987
20
31.2433659999999982
11
26.6580339999999971
21
31.3986260000000001
0
LINE
8
Edge.Cuts
6
CONTINUOUS
10
26.6580339999999971
20
31.3986260000000001
11
26.7916999999999987
21
31.5728229999999996
0
LINE
8
Edge.Cuts
6
CONTINUOUS
10
26.7916999999999987
20
31.5728229999999996
11
26.9014849999999974
21
31.7629769999999994
0
LINE
8
Edge.Cuts
6
CONTINUOUS
10
26.9014849999999974
20
31.7629769999999994
11
26.9855109999999989
21
31.9658339999999974
0
LINE
8
Edge.Cuts
6
CONTINUOUS
10
26.9855109999999989
20
31.9658339999999974
11
27.0423399999999994
21
32.1779229999999998
0
LINE
8
Edge.Cuts
6
CONTINUOUS
10
27.0423399999999994
20
32.1779229999999998
11
27.070999999999998
21
32.3956149999999994
0
LINE
8
Edge.Cuts
6
CONTINUOUS
10
27.070999999999998
20
32.3956149999999994
11
27.070999999999998
21
32.6151849999999968
0
LINE
8
Edge.Cuts
6
CONTINUOUS
10
27.070999999999998
20
32.6151849999999968
11
27.0423399999999994
21
32.8328769999999963
0
LINE
8
Edge.Cuts
6
CONTINUOUS
10
27.0423399999999994
20
32.8328769999999963
11
26.9855109999999989
21
33.0449659999999952
0
LINE
8
Edge.Cuts
6
CONTINUOUS
10
26.9855109999999989
20
33.0449659999999952
11
26.9014849999999974
21
33.2478229999999968
0
LINE
8
Edge.Cuts
6
CONTINUOUS
10
26.9014849999999974
20
33.2478229999999968
11
26.7916999999999987
21
33.4379769999999965
0
LINE
8
Edge.Cuts
6
CONTINUOUS
10
26.7916999999999987
20
33.4379769999999965
11
26.6580339999999971
21
33.612173999999996
0
LINE
8
Edge.Cuts
6
CONTINUOUS
10
26.6580339999999971
20
33.612173999999996
11
26.5027739999999987
21
33.7674340000000015
0
LINE
8
Edge.Cuts
6
CONTINUOUS
10
26.5027739999999987
20
33.7674340000000015
11
26.3285769999999992
21
33.9010999999999996
0
LINE
8
Edge.Cuts
6
CONTINUOUS
10
26.3285769999999992
20
33.9010999999999996
11
26.1384229999999995
21
34.0108850000000018
0
LINE
8
Edge.Cuts
6
CONTINUOUS
10
26.1384229999999995
20
34.0108850000000018
11
25.9355659999999979
21
34.0949109999999962
0
LINE
8
Edge.Cuts
6
CONTINUOUS
10
25.9355659999999979
20
34.0949109999999962
11
25.723476999999999
21
34.1517399999999967
0
LINE
8
Edge.Cuts
6
CONTINUOUS
10
25.723476999999999
20
34.1517399999999967
11
25.5057849999999995
21
34.1803999999999988
0
LINE
8
Edge.Cuts
6
CONTINUOUS
10
25.5057849999999995
20
34.1803999999999988
11
25.2862149999999986
21
34.1803999999999988
0
LINE
8
Edge.Cuts
6
CONTINUOUS
10
25.2862149999999986
20
34.1803999999999988
11
25.068522999999999
21
34.1517399999999967
0
LINE
8
Edge.Cuts
6
CONTINUOUS
10
25.068522999999999
20
34.1517399999999967
11
24.8564340000000001
21
34.0949109999999962
0
LINE
8
Edge.Cuts
6
CONTINUOUS
10
24.8564340000000001
20
34.0949109999999962
11
24.6535769999999985
21
34.0108850000000018
0
LINE
8
Edge.Cuts
6
CONTINUOUS
10
24.6535769999999985
20
34.0108850000000018
11
24.4634229999999988
21
33.9010999999999996
0
LINE
8
Edge.Cuts
6
CONTINUOUS
10
24.4634229999999988
20
33.9010999999999996
11
24.2892259999999993
21
33.7674340000000015
0
LINE
8
Edge.Cuts
6
CONTINUOUS
10
24.2892259999999993
20
33.7674340000000015
11
24.1339659999999974
21
33.612173999999996
0
LINE
8
Edge.Cuts
6
CONTINUOUS
10
24.1339659999999974
20
33.612173999999996
11
24.0002999999999993
21
33.4379769999999965
0
LINE
8
Edge.Cuts
6
CONTINUOUS
10
24.0002999999999993
20
33.4379769999999965
11
23.8905150000000006
21
33.2478229999999968
0
LINE
8
Edge.Cuts
6
CONTINUOUS
10
23.8905150000000006
20
33.2478229999999968
11
23.8064889999999991
21
33.0449659999999952
0
LINE
8
Edge.Cuts
6
CONTINUOUS
10
23.8064889999999991
20
33.0449659999999952
11
23.7496599999999987
21
32.8328769999999963
0
LINE
8
Edge.Cuts
6
CONTINUOUS
10
23.7496599999999987
20
32.8328769999999963
11
23.7210000000000001
21
32.6151849999999968
0
LINE
8
Edge.Cuts
6
CONTINUOUS
10
23.7210000000000001
20
32.6151849999999968
11
23.7210000000000001
21
32.3956149999999994
0
LINE
8
Edge.Cuts
6
CONTINUOUS
10
-22.7301690000000001
20
35.8896549999999976
11
-22.5122169999999997
21
35.8312540000000013
0
LINE
8
Edge.Cuts
6
CONTINUOUS
10
-22.5122169999999997
20
35.8312540000000013
11
-22.3037519999999994
21
35.7449049999999957
0
LINE
8
Edge.Cuts
6
CONTINUOUS
10
-22.3037519999999994
20
35.7449049999999957
11
-22.1083409999999994
21
35.6320849999999965
0
LINE
8
Edge.Cuts
6
CONTINUOUS
10
-22.1083409999999994
20
35.6320849999999965
11
-21.9293279999999982
21
35.4947239999999979
0
LINE
8
Edge.Cuts
6
CONTINUOUS
10
-21.9293279999999982
20
35.4947239999999979
11
-21.7697760000000002
21
35.335172
0
LINE
8
Edge.Cuts
6
CONTINUOUS
10
-21.7697760000000002
20
35.335172
11
-21.6324149999999982
21
35.1561589999999953
0
LINE
8
Edge.Cuts
6
CONTINUOUS
10
-21.6324149999999982
20
35.1561589999999953
11
-21.5195949999999989
21
34.9607479999999953
0
LINE
8
Edge.Cuts
6
CONTINUOUS
10
-21.5195949999999989
20
34.9607479999999953
11
-21.4332460000000005
21
34.7522829999999985
0
LINE
8
Edge.Cuts
6
CONTINUOUS
10
-21.4332460000000005
20
34.7522829999999985
11
-21.3748450000000005
21
34.5343310000000017
0
LINE
8
Edge.Cuts
6
CONTINUOUS
10
-21.3748450000000005
20
34.5343310000000017
11
-21.3453929999999978
21
34.3106200000000001
0
LINE
8
Edge.Cuts
6
CONTINUOUS
10
-21.3453929999999978
20
34.3106200000000001
11
-21.3453929999999978
21
34.0849800000000016
0
LINE
8
Edge.Cuts
6
CONTINUOUS
10
-21.3453929999999978
20
34.0849800000000016
11
-21.3748450000000005
21
33.8612690000000001
0
LINE
8
Edge.Cuts
6
CONTINUOUS
10
-21.3748450000000005
20
33.8612690000000001
11
-21.4332460000000005
21
33.6433169999999961
0
LINE
8
Edge.Cuts
6
CONTINUOUS
10
-21.4332460000000005
20
33.6433169999999961
11
-21.5195949999999989
21
33.4348519999999994
0
LINE
8
Edge.Cuts
6
CONTINUOUS
10
-21.5195949999999989
20
33.4348519999999994
11
-21.6324149999999982
21
33.2394409999999993
0
LINE
8
Edge.Cuts
6
CONTINUOUS
10
-21.6324149999999982
20
33.2394409999999993
11
-21.7697760000000002
21
33.0604280000000017
0
LINE
8
Edge.Cuts
6
CONTINUOUS
10
-21.7697760000000002
20
33.0604280000000017
11
-21.9293279999999982
21
32.9008759999999967
0
LINE
8
Edge.Cuts
6
CONTINUOUS
10
-21.9293279999999982
20
32.9008759999999967
11
-22.1083409999999994
21
32.7635149999999982
0
LINE
8
Edge.Cuts
6
CONTINUOUS
10
-22.1083409999999994
20
32.7635149999999982
11
-22.3037519999999994
21
32.6506949999999989
0
LINE
8
Edge.Cuts
6
CONTINUOUS
10
-22.3037519999999994
20
32.6506949999999989
11
-22.5122169999999997
21
32.5643460000000005
0
LINE
8
Edge.Cuts
6
CONTINUOUS
10
-22.5122169999999997
20
32.5643460000000005
11
-22.7301690000000001
21
32.505944999999997
0
LINE
8
Edge.Cuts
6
CONTINUOUS
10
-22.7301690000000001
20
32.505944999999997
11
-22.9538799999999981
21
32.4764929999999978
0
LINE
8
Edge.Cuts
6
CONTINUOUS
10
-22.9538799999999981
20
32.4764929999999978
11
-23.1795200000000001
21
32.4764929999999978
0
LINE
8
Edge.Cuts
6
CONTINUOUS
10
-23.1795200000000001
20
32.4764929999999978
11
-23.4032309999999981
21
32.505944999999997
0
LINE
8
Edge.Cuts
6
CONTINUOUS
10
-23.4032309999999981
20
32.505944999999997
11
-23.6211829999999985
21
32.5643460000000005
0
LINE
8
Edge.Cuts
6
CONTINUOUS
10
-23.6211829999999985
20
32.5643460000000005
11
-23.8296479999999988
21
32.6506949999999989
0
LINE
8
Edge.Cuts
6
CONTINUOUS
10
-23.8296479999999988
20
32.6506949999999989
11
-24.0250589999999988
21
32.7635149999999982
0
LINE
8
Edge.Cuts
6
CONTINUOUS
10
-24.0250589999999988
20
32.7635149999999982
11
-24.204072
21
32.9008759999999967
0
LINE
8
Edge.Cuts
6
CONTINUOUS
10
-24.204072
20
32.9008759999999967
11
-24.3636239999999979
21
33.0604280000000017
0
LINE
8
Edge.Cuts
6
CONTINUOUS
10
-24.3636239999999979
20
33.0604280000000017
11
-24.500985
21
33.2394409999999993
0
LINE
8
Edge.Cuts
6
CONTINUOUS
10
-24.500985
20
33.2394409999999993
11
-24.6138049999999993
21
33.4348519999999994
0
LINE
8
Edge.Cuts
6
CONTINUOUS
10
-24.6138049999999993
20
33.4348519999999994
11
-24.7001539999999977
21
33.6433169999999961
0
LINE
8
Edge.Cuts
6
CONTINUOUS
10
-24.7001539999999977
20
33.6433169999999961
11
-24.7585549999999976
21
33.8612690000000001
0
LINE
8
Edge.Cuts
6
CONTINUOUS
10
-24.7585549999999976
20
33.8612690000000001
11
-24.7880070000000003
21
34.0849800000000016
0
LINE
8
Edge.Cuts
6
CONTINUOUS
10
-24.7880070000000003
20
34.0849800000000016
11
-24.7880070000000003
21
34.307584999999996
0
LINE
8
Edge.Cuts
6
CONTINUOUS
10
-24.7880070000000003
20
34.307584999999996
11
-24.7880070000000003
21
34.3106200000000001
0
LINE
8
Edge.Cuts
6
CONTINUOUS
10
-24.7880070000000003
20
34.3106200000000001
11
-24.7585549999999976
21
34.5343310000000017
0
LINE
8
Edge.Cuts
6
CONTINUOUS
10
-24.7585549999999976
20
34.5343310000000017
11
-24.7001539999999977
21
34.7522829999999985
0
LINE
8
Edge.Cuts
6
CONTINUOUS
10
-24.7001539999999977
20
34.7522829999999985
11
-24.6138049999999993
21
34.9607479999999953
0
LINE
8
Edge.Cuts
6
CONTINUOUS
10
-24.6138049999999993
20
34.9607479999999953
11
-24.500985
21
35.1561589999999953
0
LINE
8
Edge.Cuts
6
CONTINUOUS
10
-24.500985
20
35.1561589999999953
11
-24.3636239999999979
21
35.335172
0
LINE
8
Edge.Cuts
6
CONTINUOUS
10
-24.3636239999999979
20
35.335172
11
-24.204072
21
35.4947239999999979
0
LINE
8
Edge.Cuts
6
CONTINUOUS
10
-24.204072
20
35.4947239999999979
11
-24.0250589999999988
21
35.6320849999999965
0
LINE
8
Edge.Cuts
6
CONTINUOUS
10
-24.0250589999999988
20
35.6320849999999965
11
-23.8296479999999988
21
35.7449049999999957
0
LINE
8
Edge.Cuts
6
CONTINUOUS
10
-23.8296479999999988
20
35.7449049999999957
11
-23.6211829999999985
21
35.8312540000000013
0
LINE
8
Edge.Cuts
6
CONTINUOUS
10
-23.6211829999999985
20
35.8312540000000013
11
-23.4032309999999981
21
35.8896549999999976
0
LINE
8
Edge.Cuts
6
CONTINUOUS
10
-23.4032309999999981
20
35.8896549999999976
11
-23.1795200000000001
21
35.9191069999999968
0
LINE
8
Edge.Cuts
6
CONTINUOUS
10
-23.1795200000000001
20
35.9191069999999968
11
-22.9538799999999981
21
35.9191069999999968
0
LINE
8
Edge.Cuts
6
CONTINUOUS
10
-22.9538799999999981
20
35.9191069999999968
11
-22.7301690000000001
21
35.8896549999999976
0
LINE
8
Edge.Cuts
6
CONTINUOUS
10
-24.741699999999998
20
34.0880149999999986
11
-24.7130399999999995
21
33.8703229999999991
0
LINE
8
Edge.Cuts
6
CONTINUOUS
10
-24.7130399999999995
20
33.8703229999999991
11
-24.656210999999999
21
33.6582340000000002
0
LINE
8
Edge.Cuts
6
CONTINUOUS
10
-24.656210999999999
20
33.6582340000000002
11
-24.5721849999999975
21
33.4553769999999986
0
LINE
8
Edge.Cuts
6
CONTINUOUS
10
-24.5721849999999975
20
33.4553769999999986
11
-24.4623999999999988
21
33.2652229999999989
0
LINE
8
Edge.Cuts
6
CONTINUOUS
10
-24.4623999999999988
20
33.2652229999999989
11
-24.3287339999999972
21
33.0910259999999994
0
LINE
8
Edge.Cuts
6
CONTINUOUS
10
-24.3287339999999972
20
33.0910259999999994
11
-24.1734739999999988
21
32.935766000000001
0
LINE
8
Edge.Cuts
6
CONTINUOUS
10
-24.1734739999999988
20
32.935766000000001
11
-23.9992769999999993
21
32.8020999999999958
0
LINE
8
Edge.Cuts
6
CONTINUOUS
10
-23.9992769999999993
20
32.8020999999999958
11
-23.8091229999999996
21
32.6923150000000007
0
LINE
8
Edge.Cuts
6
CONTINUOUS
10
-23.8091229999999996
20
32.6923150000000007
11
-23.606265999999998
21
32.6082889999999992
0
LINE
8
Edge.Cuts
6
CONTINUOUS
10
-23.606265999999998
20
32.6082889999999992
11
-23.3941769999999991
21
32.5514599999999987
0
LINE
8
Edge.Cuts
6
CONTINUOUS
10
-23.3941769999999991
20
32.5514599999999987
11
-23.1764849999999996
21
32.5227999999999966
0
LINE
8
Edge.Cuts
6
CONTINUOUS
10
-23.1764849999999996
20
32.5227999999999966
11
-22.9569149999999986
21
32.5227999999999966
0
LINE
8
Edge.Cuts
6
CONTINUOUS
10
-22.9569149999999986
20
32.5227999999999966
11
-22.7392229999999991
21
32.5514599999999987
0
LINE
8
Edge.Cuts
6
CONTINUOUS
10
-22.7392229999999991
20
32.5514599999999987
11
-22.5271340000000002
21
32.6082889999999992
0
LINE
8
Edge.Cuts
6
CONTINUOUS
10
-22.5271340000000002
20
32.6082889999999992
11
-22.3242769999999986
21
32.6923150000000007
0
LINE
8
Edge.Cuts
6
CONTINUOUS
10
-22.3242769999999986
20
32.6923150000000007
11
-22.1341229999999989
21
32.8020999999999958
0
LINE
8
Edge.Cuts
6
CONTINUOUS
10
-22.1341229999999989
20
32.8020999999999958
11
-21.9599259999999994
21
32.935766000000001
0
LINE
8
Edge.Cuts
6
CONTINUOUS
10
-21.9599259999999994
20
32.935766000000001
11
-21.8046659999999974
21
33.0910259999999994
0
LINE
8
Edge.Cuts
6
CONTINUOUS
10
-21.8046659999999974
20
33.0910259999999994
11
-21.6709999999999994
21
33.2652229999999989
0
LINE
8
Edge.Cuts
6
CONTINUOUS
10
-21.6709999999999994
20
33.2652229999999989
11
-21.5612150000000007
21
33.4553769999999986
0
LINE
8
Edge.Cuts
6
CONTINUOUS
10
-21.5612150000000007
20
33.4553769999999986
11
-21.4771889999999992
21
33.6582340000000002
0
LINE
8
Edge.Cuts
6
CONTINUOUS
10
-21.4771889999999992
20
33.6582340000000002
11
-21.4203599999999987
21
33.8703229999999991
0
LINE
8
Edge.Cuts
6
CONTINUOUS
10
-21.4203599999999987
20
33.8703229999999991
11
-21.3917000000000002
21
34.0880149999999986
0
LINE
8
Edge.Cuts
6
CONTINUOUS
10
-21.3917000000000002
20
34.0880149999999986
11
-21.3917000000000002
21
34.307584999999996
0
LINE
8
Edge.Cuts
6
CONTINUOUS
10
-21.3917000000000002
20
34.307584999999996
11
-21.4203599999999987
21
34.5252769999999956
0
LINE
8
Edge.Cuts
6
CONTINUOUS
10
-21.4203599999999987
20
34.5252769999999956
11
-21.4771889999999992
21
34.7373660000000015
0
LINE
8
Edge.Cuts
6
CONTINUOUS
10
-21.4771889999999992
20
34.7373660000000015
11
-21.5612150000000007
21
34.940222999999996
0
LINE
8
Edge.Cuts
6
CONTINUOUS
10
-21.5612150000000007
20
34.940222999999996
11
-21.6709999999999994
21
35.1303769999999957
0
LINE
8
Edge.Cuts
6
CONTINUOUS
10
-21.6709999999999994
20
35.1303769999999957
11
-21.8046659999999974
21
35.3045739999999952
0
LINE
8
Edge.Cuts
6
CONTINUOUS
10
-21.8046659999999974
20
35.3045739999999952
11
-21.9599259999999994
21
35.4598340000000007
0
LINE
8
Edge.Cuts
6
CONTINUOUS
10
-21.9599259999999994
20
35.4598340000000007
11
-22.1341229999999989
21
35.5934999999999988
0
LINE
8
Edge.Cuts
6
CONTINUOUS
10
-22.1341229999999989
20
35.5934999999999988
11
-22.3242769999999986
21
35.703285000000001
0
LINE
8
Edge.Cuts
6
CONTINUOUS
10
-22.3242769999999986
20
35.703285000000001
11
-22.5271340000000002
21
35.7873109999999954
0
LINE
8
Edge.Cuts
6
CONTINUOUS
10
-22.5271340000000002
20
35.7873109999999954
11
-22.7392229999999991
21
35.8441399999999959
0
LINE
8
Edge.Cuts
6
CONTINUOUS
10
-22.7392229999999991
20
35.8441399999999959
11
-22.9569149999999986
21
35.872799999999998
0
LINE
8
Edge.Cuts
6
CONTINUOUS
10
-22.9569149999999986
20
35.872799999999998
11
-23.1764849999999996
21
35.872799999999998
0
LINE
8
Edge.Cuts
6
CONTINUOUS
10
-23.1764849999999996
20
35.872799999999998
11
-23.3941769999999991
21
35.8441399999999959
0
LINE
8
Edge.Cuts
6
CONTINUOUS
10
-23.3941769999999991
20
35.8441399999999959
11
-23.606265999999998
21
35.7873109999999954
0
LINE
8
Edge.Cuts
6
CONTINUOUS
10
-23.606265999999998
20
35.7873109999999954
11
-23.8091229999999996
21
35.703285000000001
0
LINE
8
Edge.Cuts
6
CONTINUOUS
10
-23.8091229999999996
20
35.703285000000001
11
-23.9992769999999993
21
35.5934999999999988
0
LINE
8
Edge.Cuts
6
CONTINUOUS
10
-23.9992769999999993
20
35.5934999999999988
11
-24.1734739999999988
21
35.4598340000000007
0
LINE
8
Edge.Cuts
6
CONTINUOUS
10
-24.1734739999999988
20
35.4598340000000007
11
-24.3287339999999972
21
35.3045739999999952
0
LINE
8
Edge.Cuts
6
CONTINUOUS
10
-24.3287339999999972
20
35.3045739999999952
11
-24.4623999999999988
21
35.1303769999999957
0
LINE
8
Edge.Cuts
6
CONTINUOUS
10
-24.4623999999999988
20
35.1303769999999957
11
-24.5721849999999975
21
34.940222999999996
0
LINE
8
Edge.Cuts
6
CONTINUOUS
10
-24.5721849999999975
20
34.940222999999996
11
-24.656210999999999
21
34.7373660000000015
0
LINE
8
Edge.Cuts
6
CONTINUOUS
10
-24.656210999999999
20
34.7373660000000015
11
-24.7130399999999995
21
34.5252769999999956
0
LINE
8
Edge.Cuts
6
CONTINUOUS
10
-24.7130399999999995
20
34.5252769999999956
11
-24.741699999999998
21
34.307584999999996
0
LINE
8
Edge.Cuts
6
CONTINUOUS
10
-24.741699999999998
20
34.307584999999996
11
-24.741699999999998
21
34.0880149999999986
0
LINE
8
Edge.Cuts
6
CONTINUOUS
10
-1.1030689999999999
20
42.9167549999999949
11
-0.8851169999999999
21
42.8583539999999985
0
LINE
8
Edge.Cuts
6
CONTINUOUS
10
-0.8851169999999999
20
42.8583539999999985
11
-0.6766519999999999
21
42.7720050000000001
0
LINE
8
Edge.Cuts
6
CONTINUOUS
10
-0.6766519999999999
20
42.7720050000000001
11
-0.481241
21
42.6591850000000008
0
LINE
8
Edge.Cuts
6
CONTINUOUS
10
-0.481241
20
42.6591850000000008
11
-0.302228
21
42.5218239999999952
0
LINE
8
Edge.Cuts
6
CONTINUOUS
10
-0.302228
20
42.5218239999999952
11
-0.142676
21
42.3622719999999973
0
LINE
8
Edge.Cuts
6
CONTINUOUS
10
-0.142676
20
42.3622719999999973
11
-0.005315
21
42.1832589999999996
0
LINE
8
Edge.Cuts
6
CONTINUOUS
10
-0.005315
20
42.1832589999999996
11
0.107505
21
41.9878479999999996
0
LINE
8
Edge.Cuts
6
CONTINUOUS
10
0.107505
20
41.9878479999999996
11
0.193854
21
41.7793829999999957
0
LINE
8
Edge.Cuts
6
CONTINUOUS
10
0.193854
20
41.7793829999999957
11
0.252255
21
41.5614309999999989
0
LINE
8
Edge.Cuts
6
CONTINUOUS
10
0.252255
20
41.5614309999999989
11
0.281707
21
41.3377199999999974
0
LINE
8
Edge.Cuts
6
CONTINUOUS
10
0.281707
20
41.3377199999999974
11
0.281707
21
41.1120799999999988
0
LINE
8
Edge.Cuts
6
CONTINUOUS
10
0.281707
20
41.1120799999999988
11
0.252255
21
40.8883689999999973
0
LINE
8
Edge.Cuts
6
CONTINUOUS
10
0.252255
20
40.8883689999999973
11
0.193854
21
40.6704170000000005
0
LINE
8
Edge.Cuts
6
CONTINUOUS
10
0.193854
20
40.6704170000000005
11
0.107505
21
40.4619519999999966
0
LINE
8
Edge.Cuts
6
CONTINUOUS
10
0.107505
20
40.4619519999999966
11
-0.005315
21
40.2665409999999966
0
LINE
8
Edge.Cuts
6
CONTINUOUS
10
-0.005315
20
40.2665409999999966
11
-0.142676
21
40.0875279999999989
0
LINE
8
Edge.Cuts
6
CONTINUOUS
10
-0.142676
20
40.0875279999999989
11
-0.302228
21
39.927976000000001
0
LINE
8
Edge.Cuts
6
CONTINUOUS
10
-0.302228
20
39.927976000000001
11
-0.481241
21
39.7906149999999954
0
LINE
8
Edge.Cuts
6
CONTINUOUS
10
-0.481241
20
39.7906149999999954
11
-0.6766519999999999
21
39.6777949999999962
0
LINE
8
Edge.Cuts
6
CONTINUOUS
10
-0.6766519999999999
20
39.6777949999999962
11
-0.8851169999999999
21
39.5914459999999977
0
LINE
8
Edge.Cuts
6
CONTINUOUS
10
-0.8851169999999999
20
39.5914459999999977
11
-1.1030689999999999
21
39.5330450000000013
0
LINE
8
Edge.Cuts
6
CONTINUOUS
10
-1.1030689999999999
20
39.5330450000000013
11
-1.3267799999999998
21
39.5035929999999951
0
LINE
8
Edge.Cuts
6
CONTINUOUS
10
-1.3267799999999998
20
39.5035929999999951
11
-1.5524199999999999
21
39.5035929999999951
0
LINE
8
Edge.Cuts
6
CONTINUOUS
10
-1.5524199999999999
20
39.5035929999999951
11
-1.7761309999999999
21
39.5330450000000013
0
LINE
8
Edge.Cuts
6
CONTINUOUS
10
-1.7761309999999999
20
39.5330450000000013
11
-1.9940829999999998
21
39.5914459999999977
0
LINE
8
Edge.Cuts
6
CONTINUOUS
10
-1.9940829999999998
20
39.5914459999999977
11
-2.2025479999999997
21
39.6777949999999962
0
LINE
8
Edge.Cuts
6
CONTINUOUS
10
-2.2025479999999997
20
39.6777949999999962
11
-2.3979589999999997
21
39.7906149999999954
0
LINE
8
Edge.Cuts
6
CONTINUOUS
10
-2.3979589999999997
20
39.7906149999999954
11
-2.576972
21
39.927976000000001
0
LINE
8
Edge.Cuts
6
CONTINUOUS
10
-2.576972
20
39.927976000000001
11
-2.7365239999999997
21
40.0875279999999989
0
LINE
8
Edge.Cuts
6
CONTINUOUS
10
-2.7365239999999997
20
40.0875279999999989
11
-2.873885
21
40.2665409999999966
0
LINE
8
Edge.Cuts
6
CONTINUOUS
10
-2.873885
20
40.2665409999999966
11
-2.9867049999999997
21
40.4619519999999966
0
LINE
8
Edge.Cuts
6
CONTINUOUS
10
-2.9867049999999997
20
40.4619519999999966
11
-3.073054
21
40.6704170000000005
0
LINE
8
Edge.Cuts
6
CONTINUOUS
10
-3.073054
20
40.6704170000000005
11
-3.1314549999999999
21
40.8883689999999973
0
LINE
8
Edge.Cuts
6
CONTINUOUS
10
-3.1314549999999999
20
40.8883689999999973
11
-3.1609069999999999
21
41.1120799999999988
0
LINE
8
Edge.Cuts
6
CONTINUOUS
10
-3.1609069999999999
20
41.1120799999999988
11
-3.1609069999999999
21
41.3346850000000003
0
LINE
8
Edge.Cuts
6
CONTINUOUS
10
-3.1609069999999999
20
41.3346850000000003
11
-3.1609069999999999
21
41.3377199999999974
0
LINE
8
Edge.Cuts
6
CONTINUOUS
10
-3.1609069999999999
20
41.3377199999999974
11
-3.1314549999999999
21
41.5614309999999989
0
LINE
8
Edge.Cuts
6
CONTINUOUS
10
-3.1314549999999999
20
41.5614309999999989
11
-3.073054
21
41.7793829999999957
0
LINE
8
Edge.Cuts
6
CONTINUOUS
10
-3.073054
20
41.7793829999999957
11
-2.9867049999999997
21
41.9878479999999996
0
LINE
8
Edge.Cuts
6
CONTINUOUS
10
-2.9867049999999997
20
41.9878479999999996
11
-2.873885
21
42.1832589999999996
0
LINE
8
Edge.Cuts
6
CONTINUOUS
10
-2.873885
20
42.1832589999999996
11
-2.7365239999999997
21
42.3622719999999973
0
LINE
8
Edge.Cuts
6
CONTINUOUS
10
-2.7365239999999997
20
42.3622719999999973
11
-2.576972
21
42.5218239999999952
0
LINE
8
Edge.Cuts
6
CONTINUOUS
10
-2.576972
20
42.5218239999999952
11
-2.3979589999999997
21
42.6591850000000008
0
LINE
8
Edge.Cuts
6
CONTINUOUS
10
-2.3979589999999997
20
42.6591850000000008
11
-2.2025479999999997
21
42.7720050000000001
0
LINE
8
Edge.Cuts
6
CONTINUOUS
10
-2.2025479999999997
20
42.7720050000000001
11
-1.9940829999999998
21
42.8583539999999985
0
LINE
8
Edge.Cuts
6
CONTINUOUS
10
-1.9940829999999998
20
42.8583539999999985
11
-1.7761309999999999
21
42.9167549999999949
0
LINE
8
Edge.Cuts
6
CONTINUOUS
10
-1.7761309999999999
20
42.9167549999999949
11
-1.5524199999999999
21
42.9462070000000011
0
LINE
8
Edge.Cuts
6
CONTINUOUS
10
-1.5524199999999999
20
42.9462070000000011
11
-1.3267799999999998
21
42.9462070000000011
0
LINE
8
Edge.Cuts
6
CONTINUOUS
10
-1.3267799999999998
20
42.9462070000000011
11
-1.1030689999999999
21
42.9167549999999949
0
LINE
8
Edge.Cuts
6
CONTINUOUS
10
-3.1145999999999998
20
41.1151149999999959
11
-3.0859399999999999
21
40.8974229999999963
0
LINE
8
Edge.Cuts
6
CONTINUOUS
10
-3.0859399999999999
20
40.8974229999999963
11
-3.0291109999999999
21
40.6853339999999974
0
LINE
8
Edge.Cuts
6
CONTINUOUS
10
-3.0291109999999999
20
40.6853339999999974
11
-2.9450849999999997
21
40.4824769999999958
0
LINE
8
Edge.Cuts
6
CONTINUOUS
10
-2.9450849999999997
20
40.4824769999999958
11
-2.8352999999999997
21
40.2923229999999961
0
LINE
8
Edge.Cuts
6
CONTINUOUS
10
-2.8352999999999997
20
40.2923229999999961
11
-2.7016339999999999
21
40.1181259999999966
0
LINE
8
Edge.Cuts
6
CONTINUOUS
10
-2.7016339999999999
20
40.1181259999999966
11
-2.5463739999999997
21
39.9628659999999982
0
LINE
8
Edge.Cuts
6
CONTINUOUS
10
-2.5463739999999997
20
39.9628659999999982
11
-2.3721769999999998
21
39.8292000000000002
0
LINE
8
Edge.Cuts
6
CONTINUOUS
10
-2.3721769999999998
20
39.8292000000000002
11
-2.182023
21
39.7194149999999979
0
LINE
8
Edge.Cuts
6
CONTINUOUS
10
-2.182023
20
39.7194149999999979
11
-1.979166
21
39.6353889999999964
0
LINE
8
Edge.Cuts
6
CONTINUOUS
10
-1.979166
20
39.6353889999999964
11
-1.767077
21
39.578559999999996
0
LINE
8
Edge.Cuts
6
CONTINUOUS
10
-1.767077
20
39.578559999999996
11
-1.549385
21
39.5499000000000009
0
LINE
8
Edge.Cuts
6
CONTINUOUS
10
-1.549385
20
39.5499000000000009
11
-1.329815
21
39.5499000000000009
0
LINE
8
Edge.Cuts
6
CONTINUOUS
10
-1.329815
20
39.5499000000000009
11
-1.112123
21
39.578559999999996
0
LINE
8
Edge.Cuts
6
CONTINUOUS
10
-1.112123
20
39.578559999999996
11
-0.900034
21
39.6353889999999964
0
LINE
8
Edge.Cuts
6
CONTINUOUS
10
-0.900034
20
39.6353889999999964
11
-0.6971769999999999
21
39.7194149999999979
0
LINE
8
Edge.Cuts
6
CONTINUOUS
10
-0.6971769999999999
20
39.7194149999999979
11
-0.507023
21
39.8292000000000002
0
LINE
8
Edge.Cuts
6
CONTINUOUS
10
-0.507023
20
39.8292000000000002
11
-0.332826
21
39.9628659999999982
0
LINE
8
Edge.Cuts
6
CONTINUOUS
10
-0.332826
20
39.9628659999999982
11
-0.177566
21
40.1181259999999966
0
LINE
8
Edge.Cuts
6
CONTINUOUS
10
-0.177566
20
40.1181259999999966
11
-0.0439
21
40.2923229999999961
0
LINE
8
Edge.Cuts
6
CONTINUOUS
10
-0.0439
20
40.2923229999999961
11
0.065885
21
40.4824769999999958
0
LINE
8
Edge.Cuts
6
CONTINUOUS
10
0.065885
20
40.4824769999999958
11
0.149911
21
40.6853339999999974
0
LINE
8
Edge.Cuts
6
CONTINUOUS
10
0.149911
20
40.6853339999999974
11
0.20674
21
40.8974229999999963
0
LINE
8
Edge.Cuts
6
CONTINUOUS
10
0.20674
20
40.8974229999999963
11
0.2354
21
41.1151149999999959
0
LINE
8
Edge.Cuts
6
CONTINUOUS
10
0.2354
20
41.1151149999999959
11
0.2354
21
41.3346850000000003
0
LINE
8
Edge.Cuts
6
CONTINUOUS
10
0.2354
20
41.3346850000000003
11
0.20674
21
41.5523769999999999
0
LINE
8
Edge.Cuts
6
CONTINUOUS
10
0.20674
20
41.5523769999999999
11
0.149911
21
41.7644659999999988
0
LINE
8
Edge.Cuts
6
CONTINUOUS
10
0.149911
20
41.7644659999999988
11
0.065885
21
41.9673230000000004
0
LINE
8
Edge.Cuts
6
CONTINUOUS
10
0.065885
20
41.9673230000000004
11
-0.0439
21
42.1574770000000001
0
LINE
8
Edge.Cuts
6
CONTINUOUS
10
-0.0439
20
42.1574770000000001
11
-0.177566
21
42.3316739999999996
0
LINE
8
Edge.Cuts
6
CONTINUOUS
10
-0.177566
20
42.3316739999999996
11
-0.332826
21
42.486933999999998
0
LINE
8
Edge.Cuts
6
CONTINUOUS
10
-0.332826
20
42.486933999999998
11
-0.507023
21
42.620599999999996
0
LINE
8
Edge.Cuts
6
CONTINUOUS
10
-0.507023
20
42.620599999999996
11
-0.6971769999999999
21
42.7303849999999983
0
LINE
8
Edge.Cuts
6
CONTINUOUS
10
-0.6971769999999999
20
42.7303849999999983
11
-0.900034
21
42.8144109999999998
0
LINE
8
Edge.Cuts
6
CONTINUOUS
10
-0.900034
20
42.8144109999999998
11
-1.112123
21
42.8712400000000002
0
LINE
8
Edge.Cuts
6
CONTINUOUS
10
-1.112123
20
42.8712400000000002
11
-1.329815
21
42.8998999999999953
0
LINE
8
Edge.Cuts
6
CONTINUOUS
10
-1.329815
20
42.8998999999999953
11
-1.549385
21
42.8998999999999953
0
LINE
8
Edge.Cuts
6
CONTINUOUS
10
-1.549385
20
42.8998999999999953
11
-1.767077
21
42.8712400000000002
0
LINE
8
Edge.Cuts
6
CONTINUOUS
10
-1.767077
20
42.8712400000000002
11
-1.979166
21
42.8144109999999998
0
LINE
8
Edge.Cuts
6
CONTINUOUS
10
-1.979166
20
42.8144109999999998
11
-2.182023
21
42.7303849999999983
0
LINE
8
Edge.Cuts
6
CONTINUOUS
10
-2.182023
20
42.7303849999999983
11
-2.3721769999999998
21
42.620599999999996
0
LINE
8
Edge.Cuts
6
CONTINUOUS
10
-2.3721769999999998
20
42.620599999999996
11
-2.5463739999999997
21
42.486933999999998
0
LINE
8
Edge.Cuts
6
CONTINUOUS
10
-2.5463739999999997
20
42.486933999999998
11
-2.7016339999999999
21
42.3316739999999996
0
LINE
8
Edge.Cuts
6
CONTINUOUS
10
-2.7016339999999999
20
42.3316739999999996
11
-2.8352999999999997
21
42.1574770000000001
0
LINE
8
Edge.Cuts
6
CONTINUOUS
10
-2.8352999999999997
20
42.1574770000000001
11
-2.9450849999999997
21
41.9673230000000004
0
LINE
8
Edge.Cuts
6
CONTINUOUS
10
-2.9450849999999997
20
41.9673230000000004
11
-3.0291109999999999
21
41.7644659999999988
0
LINE
8
Edge.Cuts
6
CONTINUOUS
10
-3.0291109999999999
20
41.7644659999999988
11
-3.0859399999999999
21
41.5523769999999999
0
LINE
8
Edge.Cuts
6
CONTINUOUS
10
-3.0859399999999999
20
41.5523769999999999
11
-3.1145999999999998
21
41.3346850000000003
0
LINE
8
Edge.Cuts
6
CONTINUOUS
10
-3.1145999999999998
20
41.3346850000000003
11
-3.1145999999999998
21
41.1151149999999959
0
LINE
8
Edge.Cuts
6
CONTINUOUS
10
1.9214339999999999
20
44.0080740000000006
11
3.2005839999999997
21
43.9335719999999981
0
LINE
8
Edge.Cuts
6
CONTINUOUS
10
3.2005839999999997
20
43.9335719999999981
11
4.4770249999999994
21
43.8218979999999974
0
LINE
8
Edge.Cuts
6
CONTINUOUS
10
4.4770249999999994
20
43.8218979999999974
11
5.7496789999999995
21
43.6731459999999956
0
LINE
8
Edge.Cuts
6
CONTINUOUS
10
5.7496789999999995
20
43.6731459999999956
11
7.017468
21
43.4874420000000015
0
LINE
8
Edge.Cuts
6
CONTINUOUS
10
7.017468
20
43.4874420000000015
11
8.2793189999999992
21
43.2649439999999998
0
LINE
8
Edge.Cuts
6
CONTINUOUS
10
8.2793189999999992
20
43.2649439999999998
11
9.5341649999999998
21
43.0058389999999946
0
LINE
8
Edge.Cuts
6
CONTINUOUS
10
9.5341649999999998
20
43.0058389999999946
11
10.7809439999999999
21
42.7103469999999987
0
LINE
8
Edge.Cuts
6
CONTINUOUS
10
10.7809439999999999
20
42.7103469999999987
11
12.0186019999999996
21
42.3787179999999992
0
LINE
8
Edge.Cuts
6
CONTINUOUS
10
12.0186019999999996
20
42.3787179999999992
11
13.2460899999999988
21
42.0112319999999997
0
LINE
8
Edge.Cuts
6
CONTINUOUS
10
13.2460899999999988
20
42.0112319999999997
11
14.4623720000000002
21
41.6081999999999965
0
LINE
8
Edge.Cuts
6
CONTINUOUS
10
14.4623720000000002
20
41.6081999999999965
11
15.6664159999999999
21
41.1699640000000002
0
LINE
8
Edge.Cuts
6
CONTINUOUS
10
15.6664159999999999
20
41.1699640000000002
11
16.8572050000000004
21
40.6968929999999958
0
LINE
8
Edge.Cuts
6
CONTINUOUS
10
16.8572050000000004
20
40.6968929999999958
11
18.0337309999999995
21
40.189389999999996
0
LINE
8
Edge.Cuts
6
CONTINUOUS
10
18.0337309999999995
20
40.189389999999996
11
19.1949989999999993
21
39.6478809999999982
0
LINE
8
Edge.Cuts
6
CONTINUOUS
10
19.1949989999999993
20
39.6478809999999982
11
20.3400259999999982
21
39.0728269999999966
0
LINE
8
Edge.Cuts
6
CONTINUOUS
10
20.3400259999999982
20
39.0728269999999966
11
21.4678439999999995
21
38.4647129999999962
0
LINE
8
Edge.Cuts
6
CONTINUOUS
10
21.4678439999999995
20
38.4647129999999962
11
22.5774969999999975
21
37.8240550000000013
0
LINE
8
Edge.Cuts
6
CONTINUOUS
10
22.5774969999999975
20
37.8240550000000013
11
23.6680479999999989
21
37.1513929999999988
0
LINE
8
Edge.Cuts
6
CONTINUOUS
10
23.6680479999999989
20
37.1513929999999988
11
24.7385729999999988
21
36.4472979999999964
0
LINE
8
Edge.Cuts
6
CONTINUOUS
10
24.7385729999999988
20
36.4472979999999964
11
25.7881669999999978
21
35.7123640000000009
0
LINE
8
Edge.Cuts
6
CONTINUOUS
10
25.7881669999999978
20
35.7123640000000009
11
26.8159409999999987
21
34.9472149999999999
0
LINE
8
Edge.Cuts
6
CONTINUOUS
10
26.8159409999999987
20
34.9472149999999999
11
27.8210259999999998
21
34.1524959999999993
0
LINE
8
Edge.Cuts
6
CONTINUOUS
10
27.8210259999999998
20
34.1524959999999993
11
28.8025719999999978
21
33.3288809999999955
0
LINE
8
Edge.Cuts
6
CONTINUOUS
10
28.8025719999999978
20
33.3288809999999955
11
29.7597489999999993
21
32.4770669999999981
0
LINE
8
Edge.Cuts
6
CONTINUOUS
10
29.7597489999999993
20
32.4770669999999981
11
30.6917449999999974
21
31.5977730000000001
0
LINE
8
Edge.Cuts
6
CONTINUOUS
10
30.6917449999999974
20
31.5977730000000001
11
31.5977730000000001
21
30.6917449999999974
0
LINE
8
Edge.Cuts
6
CONTINUOUS
10
31.5977730000000001
20
30.6917449999999974
11
32.4770669999999981
21
29.7597489999999993
0
LINE
8
Edge.Cuts
6
CONTINUOUS
10
32.4770669999999981
20
29.7597489999999993
11
33.3288809999999955
21
28.8025719999999978
0
LINE
8
Edge.Cuts
6
CONTINUOUS
10
33.3288809999999955
20
28.8025719999999978
11
34.1524959999999993
21
27.8210259999999998
0
LINE
8
Edge.Cuts
6
CONTINUOUS
10
34.1524959999999993
20
27.8210259999999998
11
34.9472149999999999
21
26.8159409999999987
0
LINE
8
Edge.Cuts
6
CONTINUOUS
10
34.9472149999999999
20
26.8159409999999987
11
35.7123640000000009
21
25.7881669999999978
0
LINE
8
Edge.Cuts
6
CONTINUOUS
10
35.7123640000000009
20
25.7881669999999978
11
36.4472979999999964
21
24.7385729999999988
0
LINE
8
Edge.Cuts
6
CONTINUOUS
10
36.4472979999999964
20
24.7385729999999988
11
37.1513929999999988
21
23.6680479999999989
0
LINE
8
Edge.Cuts
6
CONTINUOUS
10
37.1513929999999988
20
23.6680479999999989
11
37.8240550000000013
21
22.5774969999999975
0
LINE
8
Edge.Cuts
6
CONTINUOUS
10
37.8240550000000013
20
22.5774969999999975
11
38.4647129999999962
21
21.4678439999999995
0
LINE
8
Edge.Cuts
6
CONTINUOUS
10
38.4647129999999962
20
21.4678439999999995
11
39.0728269999999966
21
20.3400259999999982
0
LINE
8
Edge.Cuts
6
CONTINUOUS
10
39.0728269999999966
20
20.3400259999999982
11
39.6478809999999982
21
19.1949989999999993
0
LINE
8
Edge.Cuts
6
CONTINUOUS
10
39.6478809999999982
20
19.1949989999999993
11
40.189389999999996
21
18.0337309999999995
0
LINE
8
Edge.Cuts
6
CONTINUOUS
10
40.189389999999996
20
18.0337309999999995
11
40.6968929999999958
21
16.8572050000000004
0
LINE
8
Edge.Cuts
6
CONTINUOUS
10
40.6968929999999958
20
16.8572050000000004
11
41.1699640000000002
21
15.6664159999999999
0
LINE
8
Edge.Cuts
6
CONTINUOUS
10
41.1699640000000002
20
15.6664159999999999
11
41.6081999999999965
21
14.4623720000000002
0
LINE
8
Edge.Cuts
6
CONTINUOUS
10
41.6081999999999965
20
14.4623720000000002
11
42.0112319999999997
21
13.2460899999999988
0
LINE
8
Edge.Cuts
6
CONTINUOUS
10
42.0112319999999997
20
13.2460899999999988
11
42.3787179999999992
21
12.0186019999999996
0
LINE
8
Edge.Cuts
6
CONTINUOUS
10
42.3787179999999992
20
12.0186019999999996
11
42.7103469999999987
21
10.7809439999999999
0
LINE
8
Edge.Cuts
6
CONTINUOUS
10
42.7103469999999987
20
10.7809439999999999
11
43.0058389999999946
21
9.5341649999999998
0
LINE
8
Edge.Cuts
6
CONTINUOUS
10
43.0058389999999946
20
9.5341649999999998
11
43.2649439999999998
21
8.2793189999999992
0
LINE
8
Edge.Cuts
6
CONTINUOUS
10
43.2649439999999998
20
8.2793189999999992
11
43.4874420000000015
21
7.017468
0
LINE
8
Edge.Cuts
6
CONTINUOUS
10
43.4874420000000015
20
7.017468
11
43.6731459999999956
21
5.7496789999999995
0
LINE
8
Edge.Cuts
6
CONTINUOUS
10
43.6731459999999956
20
5.7496789999999995
11
43.8218979999999974
21
4.4770249999999994
0
LINE
8
Edge.Cuts
6
CONTINUOUS
10
43.8218979999999974
20
4.4770249999999994
11
43.9335719999999981
21
3.2005839999999997
0
LINE
8
Edge.Cuts
6
CONTINUOUS
10
43.9335719999999981
20
3.2005839999999997
11
44.0080740000000006
21
1.9214339999999999
0
LINE
8
Edge.Cuts
6
CONTINUOUS
10
44.0080740000000006
20
1.9214339999999999
11
44.0453410000000005
21
0.640659
0
LINE
8
Edge.Cuts
6
CONTINUOUS
10
44.0453410000000005
20
0.640659
11
44.0453410000000005
21
-0.640659
0
LINE
8
Edge.Cuts
6
CONTINUOUS
10
44.0453410000000005
20
-0.640659
11
44.0080740000000006
21
-1.9214339999999999
0
LINE
8
Edge.Cuts
6
CONTINUOUS
10
44.0080740000000006
20
-1.9214339999999999
11
43.9335719999999981
21
-3.2005839999999997
0
LINE
8
Edge.Cuts
6
CONTINUOUS
10
43.9335719999999981
20
-3.2005839999999997
11
43.8218979999999974
21
-4.4770249999999994
0
LINE
8
Edge.Cuts
6
CONTINUOUS
10
43.8218979999999974
20
-4.4770249999999994
11
43.6731459999999956
21
-5.7496789999999995
0
LINE
8
Edge.Cuts
6
CONTINUOUS
10
43.6731459999999956
20
-5.7496789999999995
11
43.4874420000000015
21
-7.017468
0
LINE
8
Edge.Cuts
6
CONTINUOUS
10
43.4874420000000015
20
-7.017468
11
43.2649439999999998
21
-8.2793189999999992
0
LINE
8
Edge.Cuts
6
CONTINUOUS
10
43.2649439999999998
20
-8.2793189999999992
11
43.0058389999999946
21
-9.5341649999999998
0
LINE
8
Edge.Cuts
6
CONTINUOUS
10
43.0058389999999946
20
-9.5341649999999998
11
42.7103469999999987
21
-10.7809439999999999
0
LINE
8
Edge.Cuts
6
CONTINUOUS
10
42.7103469999999987
20
-10.7809439999999999
11
42.3787179999999992
21
-12.0186019999999996
0
LINE
8
Edge.Cuts
6
CONTINUOUS
10
42.3787179999999992
20
-12.0186019999999996
11
42.0112319999999997
21
-13.2460899999999988
0
LINE
8
Edge.Cuts
6
CONTINUOUS
10
42.0112319999999997
20
-13.2460899999999988
11
41.6081999999999965
21
-14.4623720000000002
0
LINE
8
Edge.Cuts
6
CONTINUOUS
10
41.6081999999999965
20
-14.4623720000000002
11
41.1699640000000002
21
-15.6664159999999999
0
LINE
8
Edge.Cuts
6
CONTINUOUS
10
41.1699640000000002
20
-15.6664159999999999
11
40.6968929999999958
21
-16.8572050000000004
0
LINE
8
Edge.Cuts
6
CONTINUOUS
10
40.6968929999999958
20
-16.8572050000000004
11
40.189389999999996
21
-18.0337309999999995
0
LINE
8
Edge.Cuts
6
CONTINUOUS
10
40.189389999999996
20
-18.0337309999999995
11
39.6478809999999982
21
-19.1949989999999993
0
LINE
8
Edge.Cuts
6
CONTINUOUS
10
39.6478809999999982
20
-19.1949989999999993
11
39.0728269999999966
21
-20.3400259999999982
0
LINE
8
Edge.Cuts
6
CONTINUOUS
10
39.0728269999999966
20
-20.3400259999999982
11
38.4647129999999962
21
-21.4678439999999995
0
LINE
8
Edge.Cuts
6
CONTINUOUS
10
38.4647129999999962
20
-21.4678439999999995
11
37.8240550000000013
21
-22.5774969999999975
0
LINE
8
Edge.Cuts
6
CONTINUOUS
10
37.8240550000000013
20
-22.5774969999999975
11
37.1513929999999988
21
-23.6680479999999989
0
LINE
8
Edge.Cuts
6
CONTINUOUS
10
37.1513929999999988
20
-23.6680479999999989
11
36.4472979999999964
21
-24.7385729999999988
0
LINE
8
Edge.Cuts
6
CONTINUOUS
10
36.4472979999999964
20
-24.7385729999999988
11
35.7123640000000009
21
-25.7881669999999978
0
LINE
8
Edge.Cuts
6
CONTINUOUS
10
35.7123640000000009
20
-25.7881669999999978
11
34.9472149999999999
21
-26.8159409999999987
0
LINE
8
Edge.Cuts
6
CONTINUOUS
10
34.9472149999999999
20
-26.8159409999999987
11
34.1524959999999993
21
-27.8210259999999998
0
LINE
8
Edge.Cuts
6
CONTINUOUS
10
34.1524959999999993
20
-27.8210259999999998
11
33.3288809999999955
21
-28.8025719999999978
0
LINE
8
Edge.Cuts
6
CONTINUOUS
10
33.3288809999999955
20
-28.8025719999999978
11
32.4770669999999981
21
-29.7597489999999993
0
LINE
8
Edge.Cuts
6
CONTINUOUS
10
32.4770669999999981
20
-29.7597489999999993
11
31.5977730000000001
21
-30.6917449999999974
0
LINE
8
Edge.Cuts
6
CONTINUOUS
10
31.5977730000000001
20
-30.6917449999999974
11
30.6917449999999974
21
-31.5977730000000001
0
LINE
8
Edge.Cuts
6
CONTINUOUS
10
30.6917449999999974
20
-31.5977730000000001
11
29.7597489999999993
21
-32.4770669999999981
0
LINE
8
Edge.Cuts
6
CONTINUOUS
10
29.7597489999999993
20
-32.4770669999999981
11
28.8025719999999978
21
-33.3288809999999955
0
LINE
8
Edge.Cuts
6
CONTINUOUS
10
28.8025719999999978
20
-33.3288809999999955
11
27.8210259999999998
21
-34.1524959999999993
0
LINE
8
Edge.Cuts
6
CONTINUOUS
10
27.8210259999999998
20
-34.1524959999999993
11
26.8159409999999987
21
-34.9472149999999999
0
LINE
8
Edge.Cuts
6
CONTINUOUS
10
26.8159409999999987
20
-34.9472149999999999
11
25.7881669999999978
21
-35.7123640000000009
0
LINE
8
Edge.Cuts
6
CONTINUOUS
10
25.7881669999999978
20
-35.7123640000000009
11
24.7385729999999988
21
-36.4472979999999964
0
LINE
8
Edge.Cuts
6
CONTINUOUS
10
24.7385729999999988
20
-36.4472979999999964
11
23.6680479999999989
21
-37.1513929999999988
0
LINE
8
Edge.Cuts
6
CONTINUOUS
10
23.6680479999999989
20
-37.1513929999999988
11
22.5774969999999975
21
-37.8240550000000013
0
LINE
8
Edge.Cuts
6
CONTINUOUS
10
22.5774969999999975
20
-37.8240550000000013
11
21.4678439999999995
21
-38.4647129999999962
0
LINE
8
Edge.Cuts
6
CONTINUOUS
10
21.4678439999999995
20
-38.4647129999999962
11
20.3400259999999982
21
-39.0728269999999966
0
LINE
8
Edge.Cuts
6
CONTINUOUS
10
20.3400259999999982
20
-39.0728269999999966
11
19.1949989999999993
21
-39.6478809999999982
0
LINE
8
Edge.Cuts
6
CONTINUOUS
10
19.1949989999999993
20
-39.6478809999999982
11
18.0337309999999995
21
-40.189389999999996
0
LINE
8
Edge.Cuts
6
CONTINUOUS
10
18.0337309999999995
20
-40.189389999999996
11
16.8572050000000004
21
-40.6968929999999958
0
LINE
8
Edge.Cuts
6
CONTINUOUS
10
16.8572050000000004
20
-40.6968929999999958
11
15.6664159999999999
21
-41.1699640000000002
0
LINE
8
Edge.Cuts
6
CONTINUOUS
10
15.6664159999999999
20
-41.1699640000000002
11
14.4623720000000002
21
-41.6081999999999965
0
LINE
8
Edge.Cuts
6
CONTINUOUS
10
14.4623720000000002
20
-41.6081999999999965
11
13.2460899999999988
21
-42.0112319999999997
0
LINE
8
Edge.Cuts
6
CONTINUOUS
10
13.2460899999999988
20
-42.0112319999999997
11
12.0186019999999996
21
-42.3787179999999992
0
LINE
8
Edge.Cuts
6
CONTINUOUS
10
12.0186019999999996
20
-42.3787179999999992
11
10.7809439999999999
21
-42.7103469999999987
0
LINE
8
Edge.Cuts
6
CONTINUOUS
10
10.7809439999999999
20
-42.7103469999999987
11
9.5341649999999998
21
-43.0058389999999946
0
LINE
8
Edge.Cuts
6
CONTINUOUS
10
9.5341649999999998
20
-43.0058389999999946
11
8.2793189999999992
21
-43.2649439999999998
0
LINE
8
Edge.Cuts
6
CONTINUOUS
10
8.2793189999999992
20
-43.2649439999999998
11
7.017468
21
-43.4874420000000015
0
LINE
8
Edge.Cuts
6
CONTINUOUS
10
7.017468
20
-43.4874420000000015
11
5.7496789999999995
21
-43.6731459999999956
0
LINE
8
Edge.Cuts
6
CONTINUOUS
10
5.7496789999999995
20
-43.6731459999999956
11
4.4770249999999994
21
-43.8218979999999974
0
LINE
8
Edge.Cuts
6
CONTINUOUS
10
4.4770249999999994
20
-43.8218979999999974
11
3.2005839999999997
21
-43.9335719999999981
0
LINE
8
Edge.Cuts
6
CONTINUOUS
10
3.2005839999999997
20
-43.9335719999999981
11
1.9214339999999999
21
-44.0080740000000006
0
LINE
8
Edge.Cuts
6
CONTINUOUS
10
1.9214339999999999
20
-44.0080740000000006
11
0.640659
21
-44.0453410000000005
0
LINE
8
Edge.Cuts
6
CONTINUOUS
10
0.640659
20
-44.0453410000000005
11
-0.640659
21
-44.0453410000000005
0
LINE
8
Edge.Cuts
6
CONTINUOUS
10
-0.640659
20
-44.0453410000000005
11
-1.9214339999999999
21
-44.0080740000000006
0
LINE
8
Edge.Cuts
6
CONTINUOUS
10
-1.9214339999999999
20
-44.0080740000000006
11
-3.2005839999999997
21
-43.9335719999999981
0
LINE
8
Edge.Cuts
6
CONTINUOUS
10
-3.2005839999999997
20
-43.9335719999999981
11
-4.4770249999999994
21
-43.8218979999999974
0
LINE
8
Edge.Cuts
6
CONTINUOUS
10
-4.4770249999999994
20
-43.8218979999999974
11
-5.7496789999999995
21
-43.6731459999999956
0
LINE
8
Edge.Cuts
6
CONTINUOUS
10
-5.7496789999999995
20
-43.6731459999999956
11
-7.017468
21
-43.4874420000000015
0
LINE
8
Edge.Cuts
6
CONTINUOUS
10
-7.017468
20
-43.4874420000000015
11
-8.2793189999999992
21
-43.2649439999999998
0
LINE
8
Edge.Cuts
6
CONTINUOUS
10
-8.2793189999999992
20
-43.2649439999999998
11
-9.5341649999999998
21
-43.0058389999999946
0
LINE
8
Edge.Cuts
6
CONTINUOUS
10
-9.5341649999999998
20
-43.0058389999999946
11
-10.7809439999999999
21
-42.7103469999999987
0
LINE
8
Edge.Cuts
6
CONTINUOUS
10
-10.7809439999999999
20
-42.7103469999999987
11
-12.0186019999999996
21
-42.3787179999999992
0
LINE
8
Edge.Cuts
6
CONTINUOUS
10
-12.0186019999999996
20
-42.3787179999999992
11
-13.2460899999999988
21
-42.0112319999999997
0
LINE
8
Edge.Cuts
6
CONTINUOUS
10
-13.2460899999999988
20
-42.0112319999999997
11
-14.4623720000000002
21
-41.6081999999999965
0
LINE
8
Edge.Cuts
6
CONTINUOUS
10
-14.4623720000000002
20
-41.6081999999999965
11
-15.6664159999999999
21
-41.1699640000000002
0
LINE
8
Edge.Cuts
6
CONTINUOUS
10
-15.6664159999999999
20
-41.1699640000000002
11
-16.8572050000000004
21
-40.6968929999999958
0
LINE
8
Edge.Cuts
6
CONTINUOUS
10
-16.8572050000000004
20
-40.6968929999999958
11
-18.0337309999999995
21
-40.189389999999996
0
LINE
8
Edge.Cuts
6
CONTINUOUS
10
-18.0337309999999995
20
-40.189389999999996
11
-19.1949989999999993
21
-39.6478809999999982
0
LINE
8
Edge.Cuts
6
CONTINUOUS
10
-19.1949989999999993
20
-39.6478809999999982
11
-20.3400259999999982
21
-39.0728269999999966
0
LINE
8
Edge.Cuts
6
CONTINUOUS
10
-20.3400259999999982
20
-39.0728269999999966
11
-21.4678439999999995
21
-38.4647129999999962
0
LINE
8
Edge.Cuts
6
CONTINUOUS
10
-21.4678439999999995
20
-38.4647129999999962
11
-22.5774969999999975
21
-37.8240550000000013
0
LINE
8
Edge.Cuts
6
CONTINUOUS
10
-22.5774969999999975
20
-37.8240550000000013
11
-23.6680479999999989
21
-37.1513929999999988
0
LINE
8
Edge.Cuts
6
CONTINUOUS
10
-23.6680479999999989
20
-37.1513929999999988
11
-24.7385729999999988
21
-36.4472979999999964
0
LINE
8
Edge.Cuts
6
CONTINUOUS
10
-24.7385729999999988
20
-36.4472979999999964
11
-25.7881669999999978
21
-35.7123640000000009
0
LINE
8
Edge.Cuts
6
CONTINUOUS
10
-25.7881669999999978
20
-35.7123640000000009
11
-26.8159409999999987
21
-34.9472149999999999
0
LINE
8
Edge.Cuts
6
CONTINUOUS
10
-26.8159409999999987
20
-34.9472149999999999
11
-27.8210259999999998
21
-34.1524959999999993
0
LINE
8
Edge.Cuts
6
CONTINUOUS
10
-27.8210259999999998
20
-34.1524959999999993
11
-28.8025719999999978
21
-33.3288809999999955
0
LINE
8
Edge.Cuts
6
CONTINUOUS
10
-28.8025719999999978
20
-33.3288809999999955
11
-29.7597489999999993
21
-32.4770669999999981
0
LINE
8
Edge.Cuts
6
CONTINUOUS
10
-29.7597489999999993
20
-32.4770669999999981
11
-30.6917449999999974
21
-31.5977730000000001
0
LINE
8
Edge.Cuts
6
CONTINUOUS
10
-30.6917449999999974
20
-31.5977730000000001
11
-31.5977730000000001
21
-30.6917449999999974
0
LINE
8
Edge.Cuts
6
CONTINUOUS
10
-31.5977730000000001
20
-30.6917449999999974
11
-32.4770669999999981
21
-29.7597489999999993
0
LINE
8
Edge.Cuts
6
CONTINUOUS
10
-32.4770669999999981
20
-29.7597489999999993
11
-33.3288809999999955
21
-28.8025719999999978
0
LINE
8
Edge.Cuts
6
CONTINUOUS
10
-33.3288809999999955
20
-28.8025719999999978
11
-34.1524959999999993
21
-27.8210259999999998
0
LINE
8
Edge.Cuts
6
CONTINUOUS
10
-34.1524959999999993
20
-27.8210259999999998
11
-34.9472149999999999
21
-26.8159409999999987
0
LINE
8
Edge.Cuts
6
CONTINUOUS
10
-34.9472149999999999
20
-26.8159409999999987
11
-35.7123640000000009
21
-25.7881669999999978
0
LINE
8
Edge.Cuts
6
CONTINUOUS
10
-35.7123640000000009
20
-25.7881669999999978
11
-36.4472979999999964
21
-24.7385729999999988
0
LINE
8
Edge.Cuts
6
CONTINUOUS
10
-36.4472979999999964
20
-24.7385729999999988
11
-37.1513929999999988
21
-23.6680479999999989
0
LINE
8
Edge.Cuts
6
CONTINUOUS
10
-37.1513929999999988
20
-23.6680479999999989
11
-37.8240550000000013
21
-22.5774969999999975
0
LINE
8
Edge.Cuts
6
CONTINUOUS
10
-37.8240550000000013
20
-22.5774969999999975
11
-38.4647129999999962
21
-21.4678439999999995
0
LINE
8
Edge.Cuts
6
CONTINUOUS
10
-38.4647129999999962
20
-21.4678439999999995
11
-39.0728269999999966
21
-20.3400259999999982
0
LINE
8
Edge.Cuts
6
CONTINUOUS
10
-39.0728269999999966
20
-20.3400259999999982
11
-39.6478809999999982
21
-19.1949989999999993
0
LINE
8
Edge.Cuts
6
CONTINUOUS
10
-39.6478809999999982
20
-19.1949989999999993
11
-40.189389999999996
21
-18.0337309999999995
0
LINE
8
Edge.Cuts
6
CONTINUOUS
10
-40.189389999999996
20
-18.0337309999999995
11
-40.6968929999999958
21
-16.8572050000000004
0
LINE
8
Edge.Cuts
6
CONTINUOUS
10
-40.6968929999999958
20
-16.8572050000000004
11
-41.1699640000000002
21
-15.6664159999999999
0
LINE
8
Edge.Cuts
6
CONTINUOUS
10
-41.1699640000000002
20
-15.6664159999999999
11
-41.6081999999999965
21
-14.4623720000000002
0
LINE
8
Edge.Cuts
6
CONTINUOUS
10
-41.6081999999999965
20
-14.4623720000000002
11
-42.0112319999999997
21
-13.2460899999999988
0
LINE
8
Edge.Cuts
6
CONTINUOUS
10
-42.0112319999999997
20
-13.2460899999999988
11
-42.3787179999999992
21
-12.0186019999999996
0
LINE
8
Edge.Cuts
6
CONTINUOUS
10
-42.3787179999999992
20
-12.0186019999999996
11
-42.7103469999999987
21
-10.7809439999999999
0
LINE
8
Edge.Cuts
6
CONTINUOUS
10
-42.7103469999999987
20
-10.7809439999999999
11
-43.0058389999999946
21
-9.5341649999999998
0
LINE
8
Edge.Cuts
6
CONTINUOUS
10
-43.0058389999999946
20
-9.5341649999999998
11
-43.2649439999999998
21
-8.2793189999999992
0
LINE
8
Edge.Cuts
6
CONTINUOUS
10
-43.2649439999999998
20
-8.2793189999999992
11
-43.4874420000000015
21
-7.017468
0
LINE
8
Edge.Cuts
6
CONTINUOUS
10
-43.4874420000000015
20
-7.017468
11
-43.6731459999999956
21
-5.7496789999999995
0
LINE
8
Edge.Cuts
6
CONTINUOUS
10
-43.6731459999999956
20
-5.7496789999999995
11
-43.8218979999999974
21
-4.4770249999999994
0
LINE
8
Edge.Cuts
6
CONTINUOUS
10
-43.8218979999999974
20
-4.4770249999999994
11
-43.9335719999999981
21
-3.2005839999999997
0
LINE
8
Edge.Cuts
6
CONTINUOUS
10
-43.9335719999999981
20
-3.2005839999999997
11
-44.0080740000000006
21
-1.9214339999999999
0
LINE
8
Edge.Cuts
6
CONTINUOUS
10
-44.0080740000000006
20
-1.9214339999999999
11
-44.0453410000000005
21
-0.640659
0
LINE
8
Edge.Cuts
6
CONTINUOUS
10
-44.0453410000000005
20
-0.640659
11
-44.0453410000000005
21
0.640659
0
LINE
8
Edge.Cuts
6
CONTINUOUS
10
-44.0453410000000005
20
0.640659
11
-44.0446659999999994
21
0.663863
0
LINE
8
Edge.Cuts
6
CONTINUOUS
10
-44.0446659999999994
20
0.663863
11
-44.0080740000000006
21
1.9214339999999999
0
LINE
8
Edge.Cuts
6
CONTINUOUS
10
-44.0080740000000006
20
1.9214339999999999
11
-43.9335719999999981
21
3.2005839999999997
0
LINE
8
Edge.Cuts
6
CONTINUOUS
10
-43.9335719999999981
20
3.2005839999999997
11
-43.8218979999999974
21
4.4770249999999994
0
LINE
8
Edge.Cuts
6
CONTINUOUS
10
-43.8218979999999974
20
4.4770249999999994
11
-43.6731459999999956
21
5.7496789999999995
0
LINE
8
Edge.Cuts
6
CONTINUOUS
10
-43.6731459999999956
20
5.7496789999999995
11
-43.4874420000000015
21
7.017468
0
LINE
8
Edge.Cuts
6
CONTINUOUS
10
-43.4874420000000015
20
7.017468
11
-43.2649439999999998
21
8.2793189999999992
0
LINE
8
Edge.Cuts
6
CONTINUOUS
10
-43.2649439999999998
20
8.2793189999999992
11
-43.0058389999999946
21
9.5341649999999998
0
LINE
8
Edge.Cuts
6
CONTINUOUS
10
-43.0058389999999946
20
9.5341649999999998
11
-42.7103469999999987
21
10.7809439999999999
0
LINE
8
Edge.Cuts
6
CONTINUOUS
10
-42.7103469999999987
20
10.7809439999999999
11
-42.3787179999999992
21
12.0186019999999996
0
LINE
8
Edge.Cuts
6
CONTINUOUS
10
-42.3787179999999992
20
12.0186019999999996
11
-42.0112319999999997
21
13.2460899999999988
0
LINE
8
Edge.Cuts
6
CONTINUOUS
10
-42.0112319999999997
20
13.2460899999999988
11
-41.6081999999999965
21
14.4623720000000002
0
LINE
8
Edge.Cuts
6
CONTINUOUS
10
-41.6081999999999965
20
14.4623720000000002
11
-41.1699640000000002
21
15.6664159999999999
0
LINE
8
Edge.Cuts
6
CONTINUOUS
10
-41.1699640000000002
20
15.6664159999999999
11
-40.6968929999999958
21
16.8572050000000004
0
LINE
8
Edge.Cuts
6
CONTINUOUS
10
-40.6968929999999958
20
16.8572050000000004
11
-40.189389999999996
21
18.0337309999999995
0
LINE
8
Edge.Cuts
6
CONTINUOUS
10
-40.189389999999996
20
18.0337309999999995
11
-39.6478809999999982
21
19.1949989999999993
0
LINE
8
Edge.Cuts
6
CONTINUOUS
10
-39.6478809999999982
20
19.1949989999999993
11
-39.0728269999999966
21
20.3400259999999982
0
LINE
8
Edge.Cuts
6
CONTINUOUS
10
-39.0728269999999966
20
20.3400259999999982
11
-38.4647129999999962
21
21.4678439999999995
0
LINE
8
Edge.Cuts
6
CONTINUOUS
10
-38.4647129999999962
20
21.4678439999999995
11
-37.8240550000000013
21
22.5774969999999975
0
LINE
8
Edge.Cuts
6
CONTINUOUS
10
-37.8240550000000013
20
22.5774969999999975
11
-37.1513929999999988
21
23.6680479999999989
0
LINE
8
Edge.Cuts
6
CONTINUOUS
10
-37.1513929999999988
20
23.6680479999999989
11
-36.4472979999999964
21
24.7385729999999988
0
LINE
8
Edge.Cuts
6
CONTINUOUS
10
-36.4472979999999964
20
24.7385729999999988
11
-35.7123640000000009
21
25.7881669999999978
0
LINE
8
Edge.Cuts
6
CONTINUOUS
10
-35.7123640000000009
20
25.7881669999999978
11
-34.9472149999999999
21
26.8159409999999987
0
LINE
8
Edge.Cuts
6
CONTINUOUS
10
-34.9472149999999999
20
26.8159409999999987
11
-34.1524959999999993
21
27.8210259999999998
0
LINE
8
Edge.Cuts
6
CONTINUOUS
10
-34.1524959999999993
20
27.8210259999999998
11
-33.3288809999999955
21
28.8025719999999978
0
LINE
8
Edge.Cuts
6
CONTINUOUS
10
-33.3288809999999955
20
28.8025719999999978
11
-32.4770669999999981
21
29.7597489999999993
0
LINE
8
Edge.Cuts
6
CONTINUOUS
10
-32.4770669999999981
20
29.7597489999999993
11
-31.5977730000000001
21
30.6917449999999974
0
LINE
8
Edge.Cuts
6
CONTINUOUS
10
-31.5977730000000001
20
30.6917449999999974
11
-30.6917449999999974
21
31.5977730000000001
0
LINE
8
Edge.Cuts
6
CONTINUOUS
10
-30.6917449999999974
20
31.5977730000000001
11
-29.7597489999999993
21
32.4770669999999981
0
LINE
8
Edge.Cuts
6
CONTINUOUS
10
-29.7597489999999993
20
32.4770669999999981
11
-28.8025719999999978
21
33.3288809999999955
0
LINE
8
Edge.Cuts
6
CONTINUOUS
10
-28.8025719999999978
20
33.3288809999999955
11
-27.8210259999999998
21
34.1524959999999993
0
LINE
8
Edge.Cuts
6
CONTINUOUS
10
-27.8210259999999998
20
34.1524959999999993
11
-26.8159409999999987
21
34.9472149999999999
0
LINE
8
Edge.Cuts
6
CONTINUOUS
10
-26.8159409999999987
20
34.9472149999999999
11
-25.7881669999999978
21
35.7123640000000009
0
LINE
8
Edge.Cuts
6
CONTINUOUS
10
-25.7881669999999978
20
35.7123640000000009
11
-24.7385729999999988
21
36.4472979999999964
0
LINE
8
Edge.Cuts
6
CONTINUOUS
10
-24.7385729999999988
20
36.4472979999999964
11
-23.6680479999999989
21
37.1513929999999988
0
LINE
8
Edge.Cuts
6
CONTINUOUS
10
-23.6680479999999989
20
37.1513929999999988
11
-22.5774969999999975
21
37.8240550000000013
0
LINE
8
Edge.Cuts
6
CONTINUOUS
10
-22.5774969999999975
20
37.8240550000000013
11
-21.4678439999999995
21
38.4647129999999962
0
LINE
8
Edge.Cuts
6
CONTINUOUS
10
-21.4678439999999995
20
38.4647129999999962
11
-20.3400259999999982
21
39.0728269999999966
0
LINE
8
Edge.Cuts
6
CONTINUOUS
10
-20.3400259999999982
20
39.0728269999999966
11
-19.1949989999999993
21
39.6478809999999982
0
LINE
8
Edge.Cuts
6
CONTINUOUS
10
-19.1949989999999993
20
39.6478809999999982
11
-18.0337309999999995
21
40.189389999999996
0
LINE
8
Edge.Cuts
6
CONTINUOUS
10
-18.0337309999999995
20
40.189389999999996
11
-16.8572050000000004
21
40.6968929999999958
0
LINE
8
Edge.Cuts
6
CONTINUOUS
10
-16.8572050000000004
20
40.6968929999999958
11
-15.6664159999999999
21
41.1699640000000002
0
LINE
8
Edge.Cuts
6
CONTINUOUS
10
-15.6664159999999999
20
41.1699640000000002
11
-14.4623720000000002
21
41.6081999999999965
0
LINE
8
Edge.Cuts
6
CONTINUOUS
10
-14.4623720000000002
20
41.6081999999999965
11
-13.2460899999999988
21
42.0112319999999997
0
LINE
8
Edge.Cuts
6
CONTINUOUS
10
-13.2460899999999988
20
42.0112319999999997
11
-12.0186019999999996
21
42.3787179999999992
0
LINE
8
Edge.Cuts
6
CONTINUOUS
10
-12.0186019999999996
20
42.3787179999999992
11
-10.7809439999999999
21
42.7103469999999987
0
LINE
8
Edge.Cuts
6
CONTINUOUS
10
-10.7809439999999999
20
42.7103469999999987
11
-9.5341649999999998
21
43.0058389999999946
0
LINE
8
Edge.Cuts
6
CONTINUOUS
10
-9.5341649999999998
20
43.0058389999999946
11
-8.2793189999999992
21
43.2649439999999998
0
LINE
8
Edge.Cuts
6
CONTINUOUS
10
-8.2793189999999992
20
43.2649439999999998
11
-7.017468
21
43.4874420000000015
0
LINE
8
Edge.Cuts
6
CONTINUOUS
10
-7.017468
20
43.4874420000000015
11
-5.7496789999999995
21
43.6731459999999956
0
LINE
8
Edge.Cuts
6
CONTINUOUS
10
-5.7496789999999995
20
43.6731459999999956
11
-4.4770249999999994
21
43.8218979999999974
0
LINE
8
Edge.Cuts
6
CONTINUOUS
10
-4.4770249999999994
20
43.8218979999999974
11
-3.2005839999999997
21
43.9335719999999981
0
LINE
8
Edge.Cuts
6
CONTINUOUS
10
-3.2005839999999997
20
43.9335719999999981
11
-1.9214339999999999
21
44.0080740000000006
0
LINE
8
Edge.Cuts
6
CONTINUOUS
10
-1.9214339999999999
20
44.0080740000000006
11
-0.640659
21
44.0453410000000005
0
LINE
8
Edge.Cuts
6
CONTINUOUS
10
-0.640659
20
44.0453410000000005
11
0.640659
21
44.0453410000000005
0
LINE
8
Edge.Cuts
6
CONTINUOUS
10
0.640659
20
44.0453410000000005
11
1.9214339999999999
21
44.0080740000000006
0
LINE
8
Edge.Cuts
6
CONTINUOUS
10
-43.9499999999999957
20
-0.663863
11
-43.9098989999999958
21
-1.9909829999999999
0
LINE
8
Edge.Cuts
6
CONTINUOUS
10
-43.9098989999999958
20
-1.9909829999999999
11
-43.8297329999999974
21
-3.316287
0
LINE
8
Edge.Cuts
6
CONTINUOUS
10
-43.8297329999999974
20
-3.316287
11
-43.709575000000001
21
-4.6385639999999997
0
LINE
8
Edge.Cuts
6
CONTINUOUS
10
-43.709575000000001
20
-4.6385639999999997
11
-43.5495359999999962
21
-5.9566099999999995
0
LINE
8
Edge.Cuts
6
CONTINUOUS
10
-43.5495359999999962
20
-5.9566099999999995
11
-43.3497599999999963
21
-7.2692199999999998
0
LINE
8
Edge.Cuts
6
CONTINUOUS
10
-43.3497599999999963
20
-7.2692199999999998
11
-43.1104309999999984
21
-8.5751980000000003
0
LINE
8
Edge.Cuts
6
CONTINUOUS
10
-43.1104309999999984
20
-8.5751980000000003
11
-42.8317659999999947
21
-9.8733509999999995
0
LINE
8
Edge.Cuts
6
CONTINUOUS
10
-42.8317659999999947
20
-9.8733509999999995
11
-42.5140209999999996
21
-11.1624959999999991
0
LINE
8
Edge.Cuts
6
CONTINUOUS
10
-42.5140209999999996
20
-11.1624959999999991
11
-42.1574839999999966
21
-12.4414559999999987
0
LINE
8
Edge.Cuts
6
CONTINUOUS
10
-42.1574839999999966
20
-12.4414559999999987
11
-41.7624810000000011
21
-13.7090629999999987
0
LINE
8
Edge.Cuts
6
CONTINUOUS
10
-41.7624810000000011
20
-13.7090629999999987
11
-41.3293729999999968
21
-14.964162
0
LINE
8
Edge.Cuts
6
CONTINUOUS
10
-41.3293729999999968
20
-14.964162
11
-40.8585549999999955
21
-16.205607999999998
0
LINE
8
Edge.Cuts
6
CONTINUOUS
10
-40.8585549999999955
20
-16.205607999999998
11
-40.3504569999999987
21
-17.4322659999999985
0
LINE
8
Edge.Cuts
6
CONTINUOUS
10
-40.3504569999999987
20
-17.4322659999999985
11
-39.8055409999999981
21
-18.6430199999999999
0
LINE
8
Edge.Cuts
6
CONTINUOUS
10
-39.8055409999999981
20
-18.6430199999999999
11
-39.2243050000000011
21
-19.8367620000000002
0
LINE
8
Edge.Cuts
6
CONTINUOUS
10
-39.2243050000000011
20
-19.8367620000000002
11
-38.6072799999999958
21
-21.0124049999999976
0
LINE
8
Edge.Cuts
6
CONTINUOUS
10
-38.6072799999999958
20
-21.0124049999999976
11
-37.9550289999999961
21
-22.1688759999999974
0
LINE
8
Edge.Cuts
6
CONTINUOUS
10
-37.9550289999999961
20
-22.1688759999999974
11
-37.2681460000000015
21
-23.3051189999999977
0
LINE
8
Edge.Cuts
6
CONTINUOUS
10
-37.2681460000000015
20
-23.3051189999999977
11
-36.5472579999999994
21
-24.4200969999999984
0
LINE
8
Edge.Cuts
6
CONTINUOUS
10
-36.5472579999999994
20
-24.4200969999999984
11
-35.7930239999999955
21
-25.5127939999999995
0
LINE
8
Edge.Cuts
6
CONTINUOUS
10
-35.7930239999999955
20
-25.5127939999999995
11
-35.0061309999999963
21
-26.5822129999999994
0
LINE
8
Edge.Cuts
6
CONTINUOUS
10
-35.0061309999999963
20
-26.5822129999999994
11
-34.1872979999999984
21
-27.6273769999999992
0
LINE
8
Edge.Cuts
6
CONTINUOUS
10
-34.1872979999999984
20
-27.6273769999999992
11
-33.3372699999999966
21
-28.6473329999999997
0
LINE
8
Edge.Cuts
6
CONTINUOUS
10
-33.3372699999999966
20
-28.6473329999999997
11
-32.456825000000002
21
-29.6411499999999997
0
LINE
8
Edge.Cuts
6
CONTINUOUS
10
-32.456825000000002
20
-29.6411499999999997
11
-31.5467649999999971
21
-30.6079209999999975
0
LINE
8
Edge.Cuts
6
CONTINUOUS
10
-31.5467649999999971
20
-30.6079209999999975
11
-30.6079209999999975
21
-31.5467649999999971
0
LINE
8
Edge.Cuts
6
CONTINUOUS
10
-30.6079209999999975
20
-31.5467649999999971
11
-29.6411499999999997
21
-32.456825000000002
0
LINE
8
Edge.Cuts
6
CONTINUOUS
10
-29.6411499999999997
20
-32.456825000000002
11
-28.6473329999999997
21
-33.3372699999999966
0
LINE
8
Edge.Cuts
6
CONTINUOUS
10
-28.6473329999999997
20
-33.3372699999999966
11
-27.6273769999999992
21
-34.1872979999999984
0
LINE
8
Edge.Cuts
6
CONTINUOUS
10
-27.6273769999999992
20
-34.1872979999999984
11
-26.5822129999999994
21
-35.0061309999999963
0
LINE
8
Edge.Cuts
6
CONTINUOUS
10
-26.5822129999999994
20
-35.0061309999999963
11
-25.5127939999999995
21
-35.7930239999999955
0
LINE
8
Edge.Cuts
6
CONTINUOUS
10
-25.5127939999999995
20
-35.7930239999999955
11
-24.4200969999999984
21
-36.5472579999999994
0
LINE
8
Edge.Cuts
6
CONTINUOUS
10
-24.4200969999999984
20
-36.5472579999999994
11
-23.3051189999999977
21
-37.2681460000000015
0
LINE
8
Edge.Cuts
6
CONTINUOUS
10
-23.3051189999999977
20
-37.2681460000000015
11
-22.1688759999999974
21
-37.9550289999999961
0
LINE
8
Edge.Cuts
6
CONTINUOUS
10
-22.1688759999999974
20
-37.9550289999999961
11
-21.0124049999999976
21
-38.6072799999999958
0
LINE
8
Edge.Cuts
6
CONTINUOUS
10
-21.0124049999999976
20
-38.6072799999999958
11
-19.8367620000000002
21
-39.2243050000000011
0
LINE
8
Edge.Cuts
6
CONTINUOUS
10
-19.8367620000000002
20
-39.2243050000000011
11
-18.6430199999999999
21
-39.8055409999999981
0
LINE
8
Edge.Cuts
6
CONTINUOUS
10
-18.6430199999999999
20
-39.8055409999999981
11
-17.4322659999999985
21
-40.3504569999999987
0
LINE
8
Edge.Cuts
6
CONTINUOUS
10
-17.4322659999999985
20
-40.3504569999999987
11
-16.205607999999998
21
-40.8585549999999955
0
LINE
8
Edge.Cuts
6
CONTINUOUS
10
-16.205607999999998
20
-40.8585549999999955
11
-14.964162
21
-41.3293729999999968
0
LINE
8
Edge.Cuts
6
CONTINUOUS
10
-14.964162
20
-41.3293729999999968
11
-13.7090629999999987
21
-41.7624810000000011
0
LINE
8
Edge.Cuts
6
CONTINUOUS
10
-13.7090629999999987
20
-41.7624810000000011
11
-12.4414559999999987
21
-42.1574839999999966
0
LINE
8
Edge.Cuts
6
CONTINUOUS
10
-12.4414559999999987
20
-42.1574839999999966
11
-11.1624959999999991
21
-42.5140209999999996
0
LINE
8
Edge.Cuts
6
CONTINUOUS
10
-11.1624959999999991
20
-42.5140209999999996
11
-9.8733509999999995
21
-42.8317659999999947
0
LINE
8
Edge.Cuts
6
CONTINUOUS
10
-9.8733509999999995
20
-42.8317659999999947
11
-8.5751980000000003
21
-43.1104309999999984
0
LINE
8
Edge.Cuts
6
CONTINUOUS
10
-8.5751980000000003
20
-43.1104309999999984
11
-7.2692199999999998
21
-43.3497599999999963
0
LINE
8
Edge.Cuts
6
CONTINUOUS
10
-7.2692199999999998
20
-43.3497599999999963
11
-5.9566099999999995
21
-43.5495359999999962
0
LINE
8
Edge.Cuts
6
CONTINUOUS
10
-5.9566099999999995
20
-43.5495359999999962
11
-4.6385639999999997
21
-43.709575000000001
0
LINE
8
Edge.Cuts
6
CONTINUOUS
10
-4.6385639999999997
20
-43.709575000000001
11
-3.316287
21
-43.8297329999999974
0
LINE
8
Edge.Cuts
6
CONTINUOUS
10
-3.316287
20
-43.8297329999999974
11
-1.9909829999999999
21
-43.9098989999999958
0
LINE
8
Edge.Cuts
6
CONTINUOUS
10
-1.9909829999999999
20
-43.9098989999999958
11
-0.663863
21
-43.9499999999999957
0
LINE
8
Edge.Cuts
6
CONTINUOUS
10
-0.663863
20
-43.9499999999999957
11
0.663863
21
-43.9499999999999957
0
LINE
8
Edge.Cuts
6
CONTINUOUS
10
0.663863
20
-43.9499999999999957
11
1.9909829999999999
21
-43.9098989999999958
0
LINE
8
Edge.Cuts
6
CONTINUOUS
10
1.9909829999999999
20
-43.9098989999999958
11
3.316287
21
-43.8297329999999974
0
LINE
8
Edge.Cuts
6
CONTINUOUS
10
3.316287
20
-43.8297329999999974
11
4.6385639999999997
21
-43.709575000000001
0
LINE
8
Edge.Cuts
6
CONTINUOUS
10
4.6385639999999997
20
-43.709575000000001
11
5.9566099999999995
21
-43.5495359999999962
0
LINE
8
Edge.Cuts
6
CONTINUOUS
10
5.9566099999999995
20
-43.5495359999999962
11
7.2692199999999998
21
-43.3497599999999963
0
LINE
8
Edge.Cuts
6
CONTINUOUS
10
7.2692199999999998
20
-43.3497599999999963
11
8.5751980000000003
21
-43.1104309999999984
0
LINE
8
Edge.Cuts
6
CONTINUOUS
10
8.5751980000000003
20
-43.1104309999999984
11
9.8733509999999995
21
-42.8317659999999947
0
LINE
8
Edge.Cuts
6
CONTINUOUS
10
9.8733509999999995
20
-42.8317659999999947
11
11.1624959999999991
21
-42.5140209999999996
0
LINE
8
Edge.Cuts
6
CONTINUOUS
10
11.1624959999999991
20
-42.5140209999999996
11
12.4414559999999987
21
-42.1574839999999966
0
LINE
8
Edge.Cuts
6
CONTINUOUS
10
12.4414559999999987
20
-42.1574839999999966
11
13.7090629999999987
21
-41.7624810000000011
0
LINE
8
Edge.Cuts
6
CONTINUOUS
10
13.7090629999999987
20
-41.7624810000000011
11
14.964162
21
-41.3293729999999968
0
LINE
8
Edge.Cuts
6
CONTINUOUS
10
14.964162
20
-41.3293729999999968
11
16.205607999999998
21
-40.8585549999999955
0
LINE
8
Edge.Cuts
6
CONTINUOUS
10
16.205607999999998
20
-40.8585549999999955
11
17.4322659999999985
21
-40.3504569999999987
0
LINE
8
Edge.Cuts
6
CONTINUOUS
10
17.4322659999999985
20
-40.3504569999999987
11
18.6430199999999999
21
-39.8055409999999981
0
LINE
8
Edge.Cuts
6
CONTINUOUS
10
18.6430199999999999
20
-39.8055409999999981
11
19.8367620000000002
21
-39.2243050000000011
0
LINE
8
Edge.Cuts
6
CONTINUOUS
10
19.8367620000000002
20
-39.2243050000000011
11
21.0124049999999976
21
-38.6072799999999958
0
LINE
8
Edge.Cuts
6
CONTINUOUS
10
21.0124049999999976
20
-38.6072799999999958
11
22.1688759999999974
21
-37.9550289999999961
0
LINE
8
Edge.Cuts
6
CONTINUOUS
10
22.1688759999999974
20
-37.9550289999999961
11
23.3051189999999977
21
-37.2681460000000015
0
LINE
8
Edge.Cuts
6
CONTINUOUS
10
23.3051189999999977
20
-37.2681460000000015
11
24.4200969999999984
21
-36.5472579999999994
0
LINE
8
Edge.Cuts
6
CONTINUOUS
10
24.4200969999999984
20
-36.5472579999999994
11
25.5127939999999995
21
-35.7930239999999955
0
LINE
8
Edge.Cuts
6
CONTINUOUS
10
25.5127939999999995
20
-35.7930239999999955
11
26.5822129999999994
21
-35.0061309999999963
0
LINE
8
Edge.Cuts
6
CONTINUOUS
10
26.5822129999999994
20
-35.0061309999999963
11
27.6273769999999992
21
-34.1872979999999984
0
LINE
8
Edge.Cuts
6
CONTINUOUS
10
27.6273769999999992
20
-34.1872979999999984
11
28.6473329999999997
21
-33.3372699999999966
0
LINE
8
Edge.Cuts
6
CONTINUOUS
10
28.6473329999999997
20
-33.3372699999999966
11
29.6411499999999997
21
-32.456825000000002
0
LINE
8
Edge.Cuts
6
CONTINUOUS
10
29.6411499999999997
20
-32.456825000000002
11
30.6079209999999975
21
-31.5467649999999971
0
LINE
8
Edge.Cuts
6
CONTINUOUS
10
30.6079209999999975
20
-31.5467649999999971
11
31.5467649999999971
21
-30.6079209999999975
0
LINE
8
Edge.Cuts
6
CONTINUOUS
10
31.5467649999999971
20
-30.6079209999999975
11
32.456825000000002
21
-29.6411499999999997
0
LINE
8
Edge.Cuts
6
CONTINUOUS
10
32.456825000000002
20
-29.6411499999999997
11
33.3372699999999966
21
-28.6473329999999997
0
LINE
8
Edge.Cuts
6
CONTINUOUS
10
33.3372699999999966
20
-28.6473329999999997
11
34.1872979999999984
21
-27.6273769999999992
0
LINE
8
Edge.Cuts
6
CONTINUOUS
10
34.1872979999999984
20
-27.6273769999999992
11
35.0061309999999963
21
-26.5822129999999994
0
LINE
8
Edge.Cuts
6
CONTINUOUS
10
35.0061309999999963
20
-26.5822129999999994
11
35.7930239999999955
21
-25.5127939999999995
0
LINE
8
Edge.Cuts
6
CONTINUOUS
10
35.7930239999999955
20
-25.5127939999999995
11
36.5472579999999994
21
-24.4200969999999984
0
LINE
8
Edge.Cuts
6
CONTINUOUS
10
36.5472579999999994
20
-24.4200969999999984
11
37.2681460000000015
21
-23.3051189999999977
0
LINE
8
Edge.Cuts
6
CONTINUOUS
10
37.2681460000000015
20
-23.3051189999999977
11
37.9550289999999961
21
-22.1688759999999974
0
LINE
8
Edge.Cuts
6
CONTINUOUS
10
37.9550289999999961
20
-22.1688759999999974
11
38.6072799999999958
21
-21.0124049999999976
0
LINE
8
Edge.Cuts
6
CONTINUOUS
10
38.6072799999999958
20
-21.0124049999999976
11
39.2243050000000011
21
-19.8367620000000002
0
LINE
8
Edge.Cuts
6
CONTINUOUS
10
39.2243050000000011
20
-19.8367620000000002
11
39.8055409999999981
21
-18.6430199999999999
0
LINE
8
Edge.Cuts
6
CONTINUOUS
10
39.8055409999999981
20
-18.6430199999999999
11
40.3504569999999987
21
-17.4322659999999985
0
LINE
8
Edge.Cuts
6
CONTINUOUS
10
40.3504569999999987
20
-17.4322659999999985
11
40.8585549999999955
21
-16.205607999999998
0
LINE
8
Edge.Cuts
6
CONTINUOUS
10
40.8585549999999955
20
-16.205607999999998
11
41.3293729999999968
21
-14.964162
0
LINE
8
Edge.Cuts
6
CONTINUOUS
10
41.3293729999999968
20
-14.964162
11
41.7624810000000011
21
-13.7090629999999987
0
LINE
8
Edge.Cuts
6
CONTINUOUS
10
41.7624810000000011
20
-13.7090629999999987
11
42.1574839999999966
21
-12.4414559999999987
0
LINE
8
Edge.Cuts
6
CONTINUOUS
10
42.1574839999999966
20
-12.4414559999999987
11
42.5140209999999996
21
-11.1624959999999991
0
LINE
8
Edge.Cuts
6
CONTINUOUS
10
42.5140209999999996
20
-11.1624959999999991
11
42.8317659999999947
21
-9.8733509999999995
0
LINE
8
Edge.Cuts
6
CONTINUOUS
10
42.8317659999999947
20
-9.8733509999999995
11
43.1104309999999984
21
-8.5751980000000003
0
LINE
8
Edge.Cuts
6
CONTINUOUS
10
43.1104309999999984
20
-8.5751980000000003
11
43.3497599999999963
21
-7.2692199999999998
0
LINE
8
Edge.Cuts
6
CONTINUOUS
10
43.3497599999999963
20
-7.2692199999999998
11
43.5495359999999962
21
-5.9566099999999995
0
LINE
8
Edge.Cuts
6
CONTINUOUS
10
43.5495359999999962
20
-5.9566099999999995
11
43.709575000000001
21
-4.6385639999999997
0
LINE
8
Edge.Cuts
6
CONTINUOUS
10
43.709575000000001
20
-4.6385639999999997
11
43.8297329999999974
21
-3.316287
0
LINE
8
Edge.Cuts
6
CONTINUOUS
10
43.8297329999999974
20
-3.316287
11
43.9098989999999958
21
-1.9909829999999999
0
LINE
8
Edge.Cuts
6
CONTINUOUS
10
43.9098989999999958
20
-1.9909829999999999
11
43.9499999999999957
21
-0.663863
0
LINE
8
Edge.Cuts
6
CONTINUOUS
10
43.9499999999999957
20
-0.663863
11
43.9499999999999957
21
0.663863
0
LINE
8
Edge.Cuts
6
CONTINUOUS
10
43.9499999999999957
20
0.663863
11
43.9098989999999958
21
1.9909829999999999
0
LINE
8
Edge.Cuts
6
CONTINUOUS
10
43.9098989999999958
20
1.9909829999999999
11
43.8297329999999974
21
3.316287
0
LINE
8
Edge.Cuts
6
CONTINUOUS
10
43.8297329999999974
20
3.316287
11
43.709575000000001
21
4.6385639999999997
0
LINE
8
Edge.Cuts
6
CONTINUOUS
10
43.709575000000001
20
4.6385639999999997
11
43.5495359999999962
21
5.9566099999999995
0
LINE
8
Edge.Cuts
6
CONTINUOUS
10
43.5495359999999962
20
5.9566099999999995
11
43.3497599999999963
21
7.2692199999999998
0
LINE
8
Edge.Cuts
6
CONTINUOUS
10
43.3497599999999963
20
7.2692199999999998
11
43.1104309999999984
21
8.5751980000000003
0
LINE
8
Edge.Cuts
6
CONTINUOUS
10
43.1104309999999984
20
8.5751980000000003
11
42.8317659999999947
21
9.8733509999999995
0
LINE
8
Edge.Cuts
6
CONTINUOUS
10
42.8317659999999947
20
9.8733509999999995
11
42.5140209999999996
21
11.1624959999999991
0
LINE
8
Edge.Cuts
6
CONTINUOUS
10
42.5140209999999996
20
11.1624959999999991
11
42.1574839999999966
21
12.4414559999999987
0
LINE
8
Edge.Cuts
6
CONTINUOUS
10
42.1574839999999966
20
12.4414559999999987
11
41.7624810000000011
21
13.7090629999999987
0
LINE
8
Edge.Cuts
6
CONTINUOUS
10
41.7624810000000011
20
13.7090629999999987
11
41.3293729999999968
21
14.964162
0
LINE
8
Edge.Cuts
6
CONTINUOUS
10
41.3293729999999968
20
14.964162
11
40.8585549999999955
21
16.205607999999998
0
LINE
8
Edge.Cuts
6
CONTINUOUS
10
40.8585549999999955
20
16.205607999999998
11
40.3504569999999987
21
17.4322659999999985
0
LINE
8
Edge.Cuts
6
CONTINUOUS
10
40.3504569999999987
20
17.4322659999999985
11
39.8055409999999981
21
18.6430199999999999
0
LINE
8
Edge.Cuts
6
CONTINUOUS
10
39.8055409999999981
20
18.6430199999999999
11
39.2243050000000011
21
19.8367620000000002
0
LINE
8
Edge.Cuts
6
CONTINUOUS
10
39.2243050000000011
20
19.8367620000000002
11
38.6072799999999958
21
21.0124049999999976
0
LINE
8
Edge.Cuts
6
CONTINUOUS
10
38.6072799999999958
20
21.0124049999999976
11
37.9550289999999961
21
22.1688759999999974
0
LINE
8
Edge.Cuts
6
CONTINUOUS
10
37.9550289999999961
20
22.1688759999999974
11
37.2681460000000015
21
23.3051189999999977
0
LINE
8
Edge.Cuts
6
CONTINUOUS
10
37.2681460000000015
20
23.3051189999999977
11
36.5472579999999994
21
24.4200969999999984
0
LINE
8
Edge.Cuts
6
CONTINUOUS
10
36.5472579999999994
20
24.4200969999999984
11
35.7930239999999955
21
25.5127939999999995
0
LINE
8
Edge.Cuts
6
CONTINUOUS
10
35.7930239999999955
20
25.5127939999999995
11
35.0061309999999963
21
26.5822129999999994
0
LINE
8
Edge.Cuts
6
CONTINUOUS
10
35.0061309999999963
20
26.5822129999999994
11
34.1872979999999984
21
27.6273769999999992
0
LINE
8
Edge.Cuts
6
CONTINUOUS
10
34.1872979999999984
20
27.6273769999999992
11
33.3372699999999966
21
28.6473329999999997
0
LINE
8
Edge.Cuts
6
CONTINUOUS
10
33.3372699999999966
20
28.6473329999999997
11
32.456825000000002
21
29.6411499999999997
0
LINE
8
Edge.Cuts
6
CONTINUOUS
10
32.456825000000002
20
29.6411499999999997
11
31.5467649999999971
21
30.6079209999999975
0
LINE
8
Edge.Cuts
6
CONTINUOUS
10
31.5467649999999971
20
30.6079209999999975
11
30.6079209999999975
21
31.5467649999999971
0
LINE
8
Edge.Cuts
6
CONTINUOUS
10
30.6079209999999975
20
31.5467649999999971
11
29.6411499999999997
21
32.456825000000002
0
LINE
8
Edge.Cuts
6
CONTINUOUS
10
29.6411499999999997
20
32.456825000000002
11
28.6473329999999997
21
33.3372699999999966
0
LINE
8
Edge.Cuts
6
CONTINUOUS
10
28.6473329999999997
20
33.3372699999999966
11
27.6273769999999992
21
34.1872979999999984
0
LINE
8
Edge.Cuts
6
CONTINUOUS
10
27.6273769999999992
20
34.1872979999999984
11
26.5822129999999994
21
35.0061309999999963
0
LINE
8
Edge.Cuts
6
CONTINUOUS
10
26.5822129999999994
20
35.0061309999999963
11
25.5127939999999995
21
35.7930239999999955
0
LINE
8
Edge.Cuts
6
CONTINUOUS
10
25.5127939999999995
20
35.7930239999999955
11
24.4200969999999984
21
36.5472579999999994
0
LINE
8
Edge.Cuts
6
CONTINUOUS
10
24.4200969999999984
20
36.5472579999999994
11
23.3051189999999977
21
37.2681460000000015
0
LINE
8
Edge.Cuts
6
CONTINUOUS
10
23.3051189999999977
20
37.2681460000000015
11
22.1688759999999974
21
37.9550289999999961
0
LINE
8
Edge.Cuts
6
CONTINUOUS
10
22.1688759999999974
20
37.9550289999999961
11
21.0124049999999976
21
38.6072799999999958
0
LINE
8
Edge.Cuts
6
CONTINUOUS
10
21.0124049999999976
20
38.6072799999999958
11
19.8367620000000002
21
39.2243050000000011
0
LINE
8
Edge.Cuts
6
CONTINUOUS
10
19.8367620000000002
20
39.2243050000000011
11
18.6430199999999999
21
39.8055409999999981
0
LINE
8
Edge.Cuts
6
CONTINUOUS
10
18.6430199999999999
20
39.8055409999999981
11
17.4322659999999985
21
40.3504569999999987
0
LINE
8
Edge.Cuts
6
CONTINUOUS
10
17.4322659999999985
20
40.3504569999999987
11
16.205607999999998
21
40.8585549999999955
0
LINE
8
Edge.Cuts
6
CONTINUOUS
10
16.205607999999998
20
40.8585549999999955
11
14.964162
21
41.3293729999999968
0
LINE
8
Edge.Cuts
6
CONTINUOUS
10
14.964162
20
41.3293729999999968
11
13.7090629999999987
21
41.7624810000000011
0
LINE
8
Edge.Cuts
6
CONTINUOUS
10
13.7090629999999987
20
41.7624810000000011
11
12.4414559999999987
21
42.1574839999999966
0
LINE
8
Edge.Cuts
6
CONTINUOUS
10
12.4414559999999987
20
42.1574839999999966
11
11.1624959999999991
21
42.5140209999999996
0
LINE
8
Edge.Cuts
6
CONTINUOUS
10
11.1624959999999991
20
42.5140209999999996
11
9.8733509999999995
21
42.8317659999999947
0
LINE
8
Edge.Cuts
6
CONTINUOUS
10
9.8733509999999995
20
42.8317659999999947
11
8.5751980000000003
21
43.1104309999999984
0
LINE
8
Edge.Cuts
6
CONTINUOUS
10
8.5751980000000003
20
43.1104309999999984
11
7.2692199999999998
21
43.3497599999999963
0
LINE
8
Edge.Cuts
6
CONTINUOUS
10
7.2692199999999998
20
43.3497599999999963
11
5.9566099999999995
21
43.5495359999999962
0
LINE
8
Edge.Cuts
6
CONTINUOUS
10
5.9566099999999995
20
43.5495359999999962
11
4.6385639999999997
21
43.709575000000001
0
LINE
8
Edge.Cuts
6
CONTINUOUS
10
4.6385639999999997
20
43.709575000000001
11
3.316287
21
43.8297329999999974
0
LINE
8
Edge.Cuts
6
CONTINUOUS
10
3.316287
20
43.8297329999999974
11
1.9909829999999999
21
43.9098989999999958
0
LINE
8
Edge.Cuts
6
CONTINUOUS
10
1.9909829999999999
20
43.9098989999999958
11
0.663863
21
43.9499999999999957
0
LINE
8
Edge.Cuts
6
CONTINUOUS
10
0.663863
20
43.9499999999999957
11
-0.663863
21
43.9499999999999957
0
LINE
8
Edge.Cuts
6
CONTINUOUS
10
-0.663863
20
43.9499999999999957
11
-1.9909829999999999
21
43.9098989999999958
0
LINE
8
Edge.Cuts
6
CONTINUOUS
10
-1.9909829999999999
20
43.9098989999999958
11
-3.316287
21
43.8297329999999974
0
LINE
8
Edge.Cuts
6
CONTINUOUS
10
-3.316287
20
43.8297329999999974
11
-4.6385639999999997
21
43.709575000000001
0
LINE
8
Edge.Cuts
6
CONTINUOUS
10
-4.6385639999999997
20
43.709575000000001
11
-5.9566099999999995
21
43.5495359999999962
0
LINE
8
Edge.Cuts
6
CONTINUOUS
10
-5.9566099999999995
20
43.5495359999999962
11
-7.2692199999999998
21
43.3497599999999963
0
LINE
8
Edge.Cuts
6
CONTINUOUS
10
-7.2692199999999998
20
43.3497599999999963
11
-8.5751980000000003
21
43.1104309999999984
0
LINE
8
Edge.Cuts
6
CONTINUOUS
10
-8.5751980000000003
20
43.1104309999999984
11
-9.8733509999999995
21
42.8317659999999947
0
LINE
8
Edge.Cuts
6
CONTINUOUS
10
-9.8733509999999995
20
42.8317659999999947
11
-11.1624959999999991
21
42.5140209999999996
0
LINE
8
Edge.Cuts
6
CONTINUOUS
10
-11.1624959999999991
20
42.5140209999999996
11
-12.4414559999999987
21
42.1574839999999966
0
LINE
8
Edge.Cuts
6
CONTINUOUS
10
-12.4414559999999987
20
42.1574839999999966
11
-13.7090629999999987
21
41.7624810000000011
0
LINE
8
Edge.Cuts
6
CONTINUOUS
10
-13.7090629999999987
20
41.7624810000000011
11
-14.964162
21
41.3293729999999968
0
LINE
8
Edge.Cuts
6
CONTINUOUS
10
-14.964162
20
41.3293729999999968
11
-16.205607999999998
21
40.8585549999999955
0
LINE
8
Edge.Cuts
6
CONTINUOUS
10
-16.205607999999998
20
40.8585549999999955
11
-17.4322659999999985
21
40.3504569999999987
0
LINE
8
Edge.Cuts
6
CONTINUOUS
10
-17.4322659999999985
20
40.3504569999999987
11
-18.6430199999999999
21
39.8055409999999981
0
LINE
8
Edge.Cuts
6
CONTINUOUS
10
-18.6430199999999999
20
39.8055409999999981
11
-19.8367620000000002
21
39.2243050000000011
0
LINE
8
Edge.Cuts
6
CONTINUOUS
10
-19.8367620000000002
20
39.2243050000000011
11
-21.0124049999999976
21
38.6072799999999958
0
LINE
8
Edge.Cuts
6
CONTINUOUS
10
-21.0124049999999976
20
38.6072799999999958
11
-22.1688759999999974
21
37.9550289999999961
0
LINE
8
Edge.Cuts
6
CONTINUOUS
10
-22.1688759999999974
20
37.9550289999999961
11
-23.3051189999999977
21
37.2681460000000015
0
LINE
8
Edge.Cuts
6
CONTINUOUS
10
-23.3051189999999977
20
37.2681460000000015
11
-24.4200969999999984
21
36.5472579999999994
0
LINE
8
Edge.Cuts
6
CONTINUOUS
10
-24.4200969999999984
20
36.5472579999999994
11
-25.5127939999999995
21
35.7930239999999955
0
LINE
8
Edge.Cuts
6
CONTINUOUS
10
-25.5127939999999995
20
35.7930239999999955
11
-26.5822129999999994
21
35.0061309999999963
0
LINE
8
Edge.Cuts
6
CONTINUOUS
10
-26.5822129999999994
20
35.0061309999999963
11
-27.6273769999999992
21
34.1872979999999984
0
LINE
8
Edge.Cuts
6
CONTINUOUS
10
-27.6273769999999992
20
34.1872979999999984
11
-28.6473329999999997
21
33.3372699999999966
0
LINE
8
Edge.Cuts
6
CONTINUOUS
10
-28.6473329999999997
20
33.3372699999999966
11
-29.6411499999999997
21
32.456825000000002
0
LINE
8
Edge.Cuts
6
CONTINUOUS
10
-29.6411499999999997
20
32.456825000000002
11
-30.6079209999999975
21
31.5467649999999971
0
LINE
8
Edge.Cuts
6
CONTINUOUS
10
-30.6079209999999975
20
31.5467649999999971
11
-31.5467649999999971
21
30.6079209999999975
0
LINE
8
Edge.Cuts
6
CONTINUOUS
10
-31.5467649999999971
20
30.6079209999999975
11
-32.456825000000002
21
29.6411499999999997
0
LINE
8
Edge.Cuts
6
CONTINUOUS
10
-32.456825000000002
20
29.6411499999999997
11
-33.3372699999999966
21
28.6473329999999997
0
LINE
8
Edge.Cuts
6
CONTINUOUS
10
-33.3372699999999966
20
28.6473329999999997
11
-34.1872979999999984
21
27.6273769999999992
0
LINE
8
Edge.Cuts
6
CONTINUOUS
10
-34.1872979999999984
20
27.6273769999999992
11
-35.0061309999999963
21
26.5822129999999994
0
LINE
8
Edge.Cuts
6
CONTINUOUS
10
-35.0061309999999963
20
26.5822129999999994
11
-35.7930239999999955
21
25.5127939999999995
0
LINE
8
Edge.Cuts
6
CONTINUOUS
10
-35.7930239999999955
20
25.5127939999999995
11
-36.5472579999999994
21
24.4200969999999984
0
LINE
8
Edge.Cuts
6
CONTINUOUS
10
-36.5472579999999994
20
24.4200969999999984
11
-37.2681460000000015
21
23.3051189999999977
0
LINE
8
Edge.Cuts
6
CONTINUOUS
10
-37.2681460000000015
20
23.3051189999999977
11
-37.9550289999999961
21
22.1688759999999974
0
LINE
8
Edge.Cuts
6
CONTINUOUS
10
-37.9550289999999961
20
22.1688759999999974
11
-38.6072799999999958
21
21.0124049999999976
0
LINE
8
Edge.Cuts
6
CONTINUOUS
10
-38.6072799999999958
20
21.0124049999999976
11
-39.2243050000000011
21
19.8367620000000002
0
LINE
8
Edge.Cuts
6
CONTINUOUS
10
-39.2243050000000011
20
19.8367620000000002
11
-39.8055409999999981
21
18.6430199999999999
0
LINE
8
Edge.Cuts
6
CONTINUOUS
10
-39.8055409999999981
20
18.6430199999999999
11
-40.3504569999999987
21
17.4322659999999985
0
LINE
8
Edge.Cuts
6
CONTINUOUS
10
-40.3504569999999987
20
17.4322659999999985
11
-40.8585549999999955
21
16.205607999999998
0
LINE
8
Edge.Cuts
6
CONTINUOUS
10
-40.8585549999999955
20
16.205607999999998
11
-41.3293729999999968
21
14.964162
0
LINE
8
Edge.Cuts
6
CONTINUOUS
10
-41.3293729999999968
20
14.964162
11
-41.7624810000000011
21
13.7090629999999987
0
LINE
8
Edge.Cuts
6
CONTINUOUS
10
-41.7624810000000011
20
13.7090629999999987
11
-42.1574839999999966
21
12.4414559999999987
0
LINE
8
Edge.Cuts
6
CONTINUOUS
10
-42.1574839999999966
20
12.4414559999999987
11
-42.5140209999999996
21
11.1624959999999991
0
LINE
8
Edge.Cuts
6
CONTINUOUS
10
-42.5140209999999996
20
11.1624959999999991
11
-42.8317659999999947
21
9.8733509999999995
0
LINE
8
Edge.Cuts
6
CONTINUOUS
10
-42.8317659999999947
20
9.8733509999999995
11
-43.1104309999999984
21
8.5751980000000003
0
LINE
8
Edge.Cuts
6
CONTINUOUS
10
-43.1104309999999984
20
8.5751980000000003
11
-43.3497599999999963
21
7.2692199999999998
0
LINE
8
Edge.Cuts
6
CONTINUOUS
10
-43.3497599999999963
20
7.2692199999999998
11
-43.5495359999999962
21
5.9566099999999995
0
LINE
8
Edge.Cuts
6
CONTINUOUS
10
-43.5495359999999962
20
5.9566099999999995
11
-43.709575000000001
21
4.6385639999999997
0
LINE
8
Edge.Cuts
6
CONTINUOUS
10
-43.709575000000001
20
4.6385639999999997
11
-43.8297329999999974
21
3.316287
0
LINE
8
Edge.Cuts
6
CONTINUOUS
10
-43.8297329999999974
20
3.316287
11
-43.9098989999999958
21
1.9909829999999999
0
LINE
8
Edge.Cuts
6
CONTINUOUS
10
-43.9098989999999958
20
1.9909829999999999
11
-43.9499999999999957
21
0.663863
0
LINE
8
Edge.Cuts
6
CONTINUOUS
10
-43.9499999999999957
20
0.663863
11
-43.9499999999999957
21
-0.663863
  0
ENDSEC
  0
EOF
